date,gold_close,gold_return,oil_close,oil_return,fed_funds_rate
2016-07-13,1342.4000244140625,0.0062214593958593856,44.75,-0.04380340321538234,0.4
2016-07-14,1331.300048828125,-0.008268754010774426,45.68000030517578,0.020782129724598475,0.4
2016-07-15,1326.5,-0.0036055349298230732,45.95000076293945,0.0059106929938674835,0.4
2016-07-18,1328.4000244140625,0.0014323591511966605,45.2400016784668,-0.015451557620980494,0.4
2016-07-19,1331.5,0.0023336160260196692,44.650001525878906,-0.013041559033997951,0.4
2016-07-20,1318.800048828125,-0.009538078236481451,44.939998626708984,0.006494895653295751,0.4
2016-07-21,1330.5,0.008871664193727868,44.75,-0.004227828938919043,0.4
2016-07-22,1323.0999755859375,-0.005561837214627996,44.189998626708984,-0.012513997168514313,0.4
2016-07-25,1319.300048828125,-0.002871987625976402,43.130001068115234,-0.02398727294716574,0.4
2016-07-26,1320.699951171875,0.0010610947411042737,42.91999816894531,-0.004869067794324056,0.4
2016-07-27,1326.5999755859375,0.00446734658302006,41.91999816894531,-0.023299162224185488,0.4
2016-07-28,1332.300048828125,0.00429675361607762,41.13999938964844,-0.01860684192192319,0.4
2016-07-29,1349.0,0.012534677294776086,41.599998474121094,0.011181309948886442,0.3
2016-08-01,1351.4000244140625,0.0017791137242864075,40.060001373291016,-0.03701916243550085,0.4
2016-08-02,1364.4000244140625,0.00961965351868077,39.5099983215332,-0.013729481600180726,0.4
2016-08-03,1356.0999755859375,-0.006083295719442328,40.83000183105469,0.03340935372305687,0.4
2016-08-04,1358.800048828125,0.001991057658577766,41.93000030517578,0.026940936193748932,0.4
2016-08-05,1336.4000244140625,-0.016485151316693702,41.79999923706055,-0.0031004308888399335,0.4
2016-08-08,1333.4000244140625,-0.0022448368341771996,43.02000045776367,0.029186632606955865,0.4
2016-08-09,1339.0,0.004199771623971893,42.77000045776367,-0.005811250519289213,0.4
2016-08-10,1344.300048828125,0.003958214210698197,41.709999084472656,-0.02478375875487282,0.4
2016-08-11,1342.5,-0.0013390231070021796,43.4900016784668,0.04267568048585213,0.4
2016-08-12,1335.800048828125,-0.004990652641992499,44.4900016784668,0.022993790788817803,0.4
2016-08-15,1340.300048828125,0.0033687676564675417,45.7400016784668,0.028096200333590948,0.4
2016-08-16,1350.5,0.007610199806224793,46.58000183105469,0.018364672535273296,0.4
2016-08-17,1342.699951171875,-0.0057756748079415,46.790000915527344,0.004508352859974529,0.4
2016-08-18,1351.199951171875,0.006330528270729108,48.220001220703125,0.03056209184003733,0.4
2016-08-19,1340.4000244140625,-0.007992841287809305,48.52000045776367,0.006221468881500991,0.4
2016-08-22,1337.699951171875,-0.002014378687711371,47.04999923706055,-0.03029680970392301,0.4
2016-08-23,1340.5999755859375,0.002167918456991824,48.099998474121094,0.022316668524693162,0.4
2016-08-24,1324.4000244140625,-0.012084105226687347,46.77000045776367,-0.027650687287921416,0.4
2016-08-25,1320.0999755859375,-0.003246790055011828,47.33000183105469,0.01197351652362566,0.4
2016-08-26,1321.5,0.0010605442314632896,47.63999938964844,0.0065497051891163505,0.4
2016-08-29,1322.9000244140625,0.0010594206689840124,46.97999954223633,-0.013853901256672074,0.4
2016-08-30,1311.699951171875,-0.008466303602306047,46.349998474121094,-0.013409984552018694,0.4
2016-08-31,1306.9000244140625,-0.003659317630929415,44.70000076293945,-0.03559865729235989,0.3
2016-09-01,1312.199951171875,0.004055342152272656,43.15999984741211,-0.034451921459566326,0.4
2016-09-02,1322.0999755859375,0.007544600504840071,44.439998626708984,0.029657061719698508,0.4
2016-09-06,1349.4000244140625,0.02064900486517751,44.83000183105469,0.008775949963943264,0.4
2016-09-07,1344.300048828125,-0.0037794393757715206,45.5,0.014945307641749617,0.4
2016-09-08,1336.800048828125,-0.00557911160275415,47.619998931884766,0.04659338311834649,0.4
2016-09-09,1330.0999755859375,-0.005012023487028561,45.880001068115234,-0.03653922517424679,0.4
2016-09-12,1321.0,-0.006841572628349835,46.290000915527344,0.00893635217670119,0.4
2016-09-13,1319.0,-0.0015140045420136694,44.900001525878906,-0.030028070040114874,0.4
2016-09-14,1321.5,0.0018953752843062777,43.58000183105469,-0.02939865590123447,0.4
2016-09-15,1313.5,-0.006053726825577033,43.90999984741211,0.00757223502735771,0.4
2016-09-16,1305.800048828125,-0.005862163054339509,43.029998779296875,-0.020041017334849753,0.4
2016-09-19,1313.5,0.005896730650902571,43.29999923706055,0.006274702891545969,0.4
2016-09-20,1313.699951171875,0.00015222776693946116,43.439998626708984,0.003233242312129514,0.4
2016-09-21,1326.9000244140625,0.010048012280439389,45.34000015258789,0.0437385263799408,0.4
2016-09-22,1340.4000244140625,0.010174089796977315,46.31999969482422,0.021614458291535632,0.4
2016-09-23,1337.199951171875,-0.0023874016591325375,44.47999954223633,-0.03972366504124769,0.4
2016-09-26,1339.699951171875,0.0018695782914208703,45.93000030517578,0.03259893835121552,0.4
2016-09-27,1325.9000244140625,-0.010300759319832209,44.66999816894531,-0.02743309662221971,0.4
2016-09-28,1319.4000244140625,-0.0049023304022280945,47.04999923706055,0.05327963209476505,0.4
2016-09-29,1321.699951171875,0.0017431610696185817,47.83000183105469,0.01657816379686028,0.4
2016-09-30,1313.300048828125,-0.006355377660642536,48.2400016784668,0.008572022406779567,0.29
2016-10-03,1309.0,-0.003274231834501151,48.810001373291016,0.011815913660688127,0.4
2016-10-04,1266.300048828125,-0.03262028355376245,48.689998626708984,-0.0024585688015918983,0.4
2016-10-05,1265.199951171875,-0.000868749596328322,49.83000183105469,0.02341349838774387,0.4
2016-10-06,1249.800048828125,-0.012171911901740162,50.439998626708984,0.012241556757763172,0.4
2016-10-07,1248.9000244140625,-0.0007201347246756917,49.810001373291016,-0.012490033119952781,0.4
2016-10-11,1253.0,0.0032828693296416134,50.790000915527344,0.019674754370953007,0.41
2016-10-12,1251.0999755859375,-0.001516380218725022,50.18000030517578,-0.01201025003653966,0.41
2016-10-13,1255.0,0.003117276388912016,50.439998626708984,0.005181313669828436,0.41
2016-10-14,1253.0999755859375,-0.0015139636765437725,50.349998474121094,-0.0017843012497671396,0.41
2016-10-17,1254.4000244140625,0.001037466166669665,49.939998626708984,-0.008142996223184373,0.41
2016-10-18,1260.800048828125,0.0051020601797675535,50.290000915527344,0.007008456116199602,0.41
2016-10-19,1267.9000244140625,0.005631325595630177,51.599998474121094,0.026048867264770292,0.41
2016-10-20,1265.5999755859375,-0.0018140616640400786,50.43000030517578,-0.02267438378960618,0.41
2016-10-21,1265.9000244140625,0.00023708030492497478,50.849998474121094,0.008328339607450053,0.41
2016-10-24,1262.0,-0.0030808312969798912,50.52000045776367,-0.006489636701274781,0.41
2016-10-25,1271.9000244140625,0.007844710312252312,49.959999084472656,-0.011084746005875279,0.41
2016-10-26,1264.800048828125,-0.005582180556375382,49.18000030517578,-0.015612465844485834,0.41
2016-10-27,1267.9000244140625,0.0024509609948304423,49.720001220703125,0.010980091748200138,0.41
2016-10-28,1275.5,0.005994144206637797,48.70000076293945,-0.02051489204990098,0.41
2016-10-31,1271.5,-0.0031360250882006557,46.86000061035156,-0.03778234340374231,0.31
2016-11-01,1286.4000244140625,0.011718461985106066,46.66999816894531,-0.004054682862387304,0.41
2016-11-02,1306.800048828125,0.015858227632850497,45.34000015258789,-0.028497923045611273,0.41
2016-11-03,1302.0999755859375,-0.003596627690978682,44.65999984741211,-0.01499780112234883,0.41
2016-11-04,1303.300048828125,0.0009216444702315751,44.06999969482422,-0.013210930465824444,0.41
2016-11-07,1278.300048828125,-0.019182075549278865,44.88999938964844,0.018606755173645295,0.41
2016-11-08,1273.4000244140625,-0.00383323494241794,44.97999954223633,0.002004904295201282,0.41
2016-11-09,1272.5999755859375,-0.0006282776918377087,45.27000045776367,0.0064473303352312605,0.41
2016-11-10,1265.5,-0.005579110264141374,44.65999984741211,-0.013474720657904227,0.41
2016-11-14,1221.199951171875,-0.03500596509531806,43.31999969482422,-0.030004481799512095,0.41
2016-11-15,1224.0,0.0022928668032111688,45.810001373291016,0.057479263527425495,0.41
2016-11-16,1223.4000244140625,-0.000490176132301845,45.56999969482422,-0.005239067261995967,0.41
2016-11-17,1216.5,-0.005640039460819257,45.41999816894531,-0.0032916727426693937,0.41
2016-11-18,1208.5,-0.006576243321002928,45.689998626708984,0.0059445281516605775,0.41
2016-11-21,1209.5999755859375,0.0009101990781443803,47.4900016784668,0.03939599706412733,0.41
2016-11-22,1211.0,0.0011574276143517803,48.029998779296875,0.01137075345851013,0.41
2016-11-23,1189.0999755859375,-0.018084248071067344,47.959999084472656,-0.001457416127488842,0.41
2016-11-25,1178.199951171875,-0.0091666173054048,46.060001373291016,-0.03961629998856231,0.41
2016-11-28,1190.5999755859375,0.010524550100115881,47.08000183105469,0.022145037502216525,0.41
2016-11-29,1187.9000244140625,-0.002267723187669546,45.22999954223633,-0.03929486441944163,0.41
2016-11-30,1170.800048828125,-0.014395130258855082,49.439998626708984,0.09307979498300245,0.31
2016-12-01,1166.9000244140625,-0.0033310764019578443,51.060001373291016,0.03276704675527342,0.41
2016-12-02,1175.0999755859375,0.007027124004040042,51.68000030517578,0.012142556114561387,0.41
2016-12-05,1174.0,-0.0009360697887760283,51.790000915527344,0.002128494769775502,0.41
2016-12-06,1167.5999755859375,-0.005451468836509821,50.93000030517578,-0.016605533793179084,0.41
2016-12-07,1175.0,0.00633780795545924,49.77000045776367,-0.02277635657689603,0.41
2016-12-08,1169.800048828125,-0.004425490359042605,50.84000015258789,0.021498888587156983,0.41
2016-12-09,1159.4000244140625,-0.008890429116053644,51.5,0.012981900972290017,0.41
2016-12-12,1163.5,0.0035362907534950416,52.83000183105469,0.025825278272906482,0.41
2016-12-13,1156.699951171875,-0.0058444768613020726,52.97999954223633,0.0028392524320048906,0.41
2016-12-14,1161.300048828125,0.003976915233366851,51.040000915527344,-0.03661756593943333,0.41
2016-12-15,1127.800048828125,-0.02884698061780422,50.900001525878906,-0.0027429347009640948,0.66
2016-12-16,1135.300048828125,0.0066501149807478566,51.900001525878906,0.019646364833438623,0.66
2016-12-19,1140.5,0.004580243942773121,52.119998931884766,0.004238870896683178,0.66
2016-12-20,1131.5,-0.007891275756247262,52.22999954223633,0.002110525951762199,0.66
2016-12-21,1131.0999755859375,-0.0003535346125165262,52.4900016784668,0.004978022946759086,0.66
2016-12-22,1128.800048828125,-0.0020333540866899202,52.95000076293945,0.008763556291928376,0.66
2016-12-23,1131.9000244140625,0.002746257487458381,53.02000045776367,0.001321996106055101,0.66
2016-12-27,1137.300048828125,0.004770760930814522,53.900001525878906,0.016597530375659808,0.66
2016-12-28,1139.4000244140625,0.0018464569557534727,54.060001373291016,0.0029684571963377593,0.66
2016-12-29,1156.4000244140625,0.014920133083850207,53.77000045776367,-0.005364426714029369,0.66
2016-12-30,1150.0,-0.005534438151975407,53.720001220703125,-0.0009298723569812761,0.55
2017-01-03,1160.4000244140625,0.009043499490489104,52.33000183105469,-0.025874894975109308,0.66
2017-01-04,1163.800048828125,0.0029300451073148714,53.2599983215332,0.017771764913767196,0.66
2017-01-05,1179.699951171875,0.013662056776643228,53.7599983215332,0.00938790866987027,0.66
2017-01-06,1171.9000244140625,-0.006611788658687612,53.9900016784668,0.00427833638606101,0.66
2017-01-09,1183.5,0.009898434460514194,51.959999084472656,-0.037599602350147365,0.66
2017-01-10,1184.199951171875,0.0005914247333123068,50.81999969482422,-0.02193994245063613,0.66
2017-01-11,1195.5999755859375,0.009626773251241172,52.25,0.02813853431253399,0.66
2017-01-12,1198.9000244140625,0.002760161337831857,53.0099983215332,0.014545422421688103,0.66
2017-01-13,1195.300048828125,-0.003002732098280614,52.369998931884766,-0.012073182605411681,0.66
2017-01-17,1212.0,0.013971346515251781,52.47999954223633,0.0021004508801811816,0.66
2017-01-18,1211.300048828125,-0.0005775174685437312,51.08000183105469,-0.026676785887829735,0.66
2017-01-19,1200.9000244140625,-0.008585836700100824,51.369998931884766,0.0056773118722515115,0.66
2017-01-20,1204.300048828125,0.0028312301981352483,52.41999816894531,0.020439931066629224,0.66
2017-01-23,1215.0,0.008884788456404058,52.75,0.006295342285040029,0.66
2017-01-24,1210.300048828125,-0.003868272569444442,53.18000030517578,0.008151664553095461,0.66
2017-01-25,1197.300048828125,-0.010741138127348893,52.75,-0.008085752213392361,0.66
2017-01-26,1189.5,-0.006514698496637883,53.779998779296875,0.01952604320941953,0.66
2017-01-27,1188.0999755859375,-0.001176985636034078,53.16999816894531,-0.011342518114492606,0.66
2017-01-30,1193.199951171875,0.00429254750503838,52.630001068115234,-0.010156048888966707,0.66
2017-01-31,1208.5999755859375,0.012906490985804764,52.810001373291016,0.0034201083321814263,0.56
2017-02-01,1205.5999755859375,-0.0024822108725806036,53.880001068115234,0.02026130783941582,0.66
2017-02-02,1216.699951171875,0.009207013777967843,53.540000915527344,-0.00631032193481329,0.66
2017-02-03,1218.5,0.0014794517139506969,53.83000183105469,0.005416528027051948,0.66
2017-02-06,1230.0,0.009437833401723328,53.0099983215332,-0.015233206049203973,0.66
2017-02-07,1234.199951171875,0.003414594448678754,52.16999816894531,-0.015846070160064007,0.66
2017-02-08,1237.5999755859375,0.0027548408269131297,52.34000015258789,0.003258615863700909,0.66
2017-02-09,1235.0999755859375,-0.002020038824593895,53.0,0.012609855664654113,0.66
2017-02-10,1234.4000244140625,-0.0005667162057411135,53.86000061035156,0.016226426610406852,0.66
2017-02-13,1224.4000244140625,-0.008101101589613746,52.93000030517578,-0.017266993959094812,0.66
2017-02-14,1223.9000244140625,-0.0004083632718312469,53.20000076293945,0.005101085513072867,0.66
2017-02-15,1231.699951171875,0.006373009724831569,53.11000061035156,-0.0016917321672406116,0.66
2017-02-16,1240.0,0.00673869380300629,53.36000061035156,0.0047072113938420035,0.66
2017-02-17,1237.5999755859375,-0.0019355035597278247,53.400001525878906,0.0007496423363906324,0.66
2017-02-21,1237.5,-8.078182604209783e-05,54.060001373291016,0.012359547351178612,0.66
2017-02-22,1232.0,-0.004444444444444473,53.59000015258789,-0.008694066014865776,0.66
2017-02-23,1250.199951171875,0.014772687639508897,54.45000076293945,0.016047781449950893,0.66
2017-02-24,1256.9000244140625,0.005359201330880969,53.9900016784668,-0.008448100606561426,0.66
2017-02-27,1257.4000244140625,0.00039780411352374756,54.04999923706055,0.0011112716563903557,0.66
2017-02-28,1252.5999755859375,-0.003817439744652318,54.0099983215332,-0.0007400724531354541,0.57
2017-03-01,1248.9000244140625,-0.002953817055715846,53.83000183105469,-0.0033326512881366455,0.66
2017-03-02,1231.9000244140625,-0.013611978275023029,52.61000061035156,-0.022663963945832588,0.66
2017-03-03,1225.5,-0.005195246600556369,53.33000183105469,0.013685634144650738,0.66
2017-03-06,1224.5,-0.00081599347205219,53.20000076293945,-0.0024376722979884136,0.66
2017-03-07,1215.0999755859375,-0.0076766226329624265,53.13999938964844,-0.0011278453464387272,0.66
2017-03-08,1208.5,-0.0054316317328167996,50.279998779296875,-0.05382010995861408,0.66
2017-03-09,1202.4000244140625,-0.005047559442232119,49.279998779296875,-0.019888624190097515,0.66
2017-03-10,1200.699951171875,-0.0014138998733104202,48.4900016784668,-0.01603078572238048,0.66
2017-03-13,1202.4000244140625,0.001415901816709697,48.400001525878906,-0.0018560558769347146,0.66
2017-03-14,1201.9000244140625,-0.00041583498823005716,47.720001220703125,-0.014049592639210795,0.66
2017-03-15,1200.0999755859375,-0.0014976693498300886,48.86000061035156,0.023889341166945632,0.66
2017-03-16,1226.5,0.021998187610305475,48.75,-0.002251342795281497,0.91
2017-03-17,1229.800048828125,0.002690622770586959,48.779998779296875,0.0006153595753204399,0.91
2017-03-20,1233.5999755859375,0.00308987364363289,48.220001220703125,-0.011480065039104148,0.91
2017-03-21,1246.0999755859375,0.010132944428815183,47.34000015258789,-0.018249710614636205,0.91
2017-03-22,1249.300048828125,0.002568071025507157,48.040000915527344,0.01478666583614685,0.91
2017-03-23,1246.9000244140625,-0.0019210952695581929,47.70000076293945,-0.007077438511829737,0.91
2017-03-24,1248.199951171875,0.001042526852482295,47.970001220703125,0.005660386864678069,0.91
2017-03-27,1255.4000244140625,0.005768365265058417,47.72999954223633,-0.005003161816956925,0.91
2017-03-28,1255.300048828125,-7.963643778341467e-05,48.369998931884766,0.013408744935815564,0.91
2017-03-29,1253.4000244140625,-0.0015136018004908713,49.5099983215332,0.023568315377757276,0.91
2017-03-30,1245.0,-0.0067017905301137715,50.349998474121094,0.01696627309766141,0.91
2017-03-31,1247.300048828125,0.0018474287776104603,50.599998474121094,0.004965243447395462,0.82
2017-04-03,1250.800048828125,0.0028060609821096705,50.2400016784668,-0.007114561393483321,0.91
2017-04-04,1255.0,0.0033578118067791873,51.029998779296875,0.015724464061247723,0.91
2017-04-05,1245.4000244140625,-0.007649382937002014,51.150001525878906,0.0023516117862560915,0.91
2017-04-06,1250.300048828125,0.003934498408547871,51.70000076293945,0.010752672935547825,0.91
2017-04-07,1254.300048828125,0.0031992320593356993,52.2400016784668,0.010444891828985003,0.91
2017-04-10,1251.0999755859375,-0.0025512820837225725,53.08000183105469,0.01607963486980779,0.91
2017-04-11,1271.199951171875,0.01606584284083601,53.400001525878906,0.006028630063780405,0.91
2017-04-12,1275.300048828125,0.0032253758761320306,53.11000061035156,-0.005430728600013257,0.91
2017-04-13,1285.9000244140625,0.008311750317643085,53.18000030517578,0.0013180134441681535,0.91
2017-04-17,1289.4000244140625,0.0027218290174579884,52.650001525878906,-0.0099661296776129,0.91
2017-04-18,1291.699951171875,0.0017837185623272855,52.40999984741211,-0.004558436306005276,0.91
2017-04-19,1281.4000244140625,-0.007973931367317943,50.439998626708984,-0.0375882699186918,0.91
2017-04-20,1281.9000244140625,0.00039019821326169435,50.27000045776367,-0.0033703047893283156,0.91
2017-04-21,1287.4000244140625,0.0042905061980273995,49.619998931884766,-0.01293020727988714,0.91
2017-04-24,1275.800048828125,-0.009010389440700095,49.22999954223633,-0.007859721846906975,0.91
2017-04-25,1265.5999755859375,-0.00799504064258083,49.560001373291016,0.0067032669941742284,0.91
2017-04-26,1262.0999755859375,-0.002765486779011339,49.619998931884766,0.0012106044578539255,0.91
2017-04-27,1263.699951171875,0.0012677090697150728,48.970001220703125,-0.013099510785437918,0.91
2017-04-28,1266.0999755859375,0.0018992043260244174,49.33000183105469,0.007351451937464226,0.83
2017-05-01,1253.300048828125,-0.010109728303160925,48.84000015258789,-0.009933137244651946,0.91
2017-05-02,1255.0999755859375,0.0014361499143764611,47.65999984741211,-0.02416053033352128,0.91
2017-05-03,1246.4000244140625,-0.0069316798192219364,47.81999969482422,0.0033571096920763654,0.91
2017-05-04,1226.5,-0.015966001303167165,45.52000045776367,-0.04809701488370122,0.91
2017-05-05,1224.800048828125,-0.0013860180773542785,46.220001220703125,0.015377872493409939,0.91
2017-05-08,1225.300048828125,0.0004082298988135058,46.43000030517578,0.004543467739645868,0.91
2017-05-09,1214.300048828125,-0.008977392933690265,45.880001068115234,-0.011845772850430869,0.91
2017-05-10,1217.300048828125,0.002470559070548717,47.33000183105469,0.03160420072324599,0.91
2017-05-11,1222.699951171875,0.004435966587652995,47.83000183105469,0.010564123825407057,0.91
2017-05-12,1226.199951171875,0.002862517493883443,47.84000015258789,0.00020903870270627678,0.91
2017-05-15,1228.5999755859375,0.001957286339612674,48.849998474121094,0.021112004981433286,0.91
2017-05-16,1235.0,0.005209201156796572,48.65999984741211,-0.0038894295321142414,0.91
2017-05-17,1257.5,0.018218623481781382,49.06999969482422,0.00842580864565945,0.91
2017-05-18,1251.699951171875,-0.004612364873260444,49.349998474121094,0.005706109252868075,0.91
2017-05-19,1252.699951171875,0.0007989135088355415,50.33000183105469,0.019858224665346258,0.91
2017-05-22,1260.699951171875,0.006386206044405318,50.72999954223633,0.007947500429750232,0.91
2017-05-23,1254.800048828125,-0.004679862435360449,51.470001220703125,0.014587062589083821,0.91
2017-05-24,1252.4000244140625,-0.001912674785360391,51.36000061035156,-0.00213717908961919,0.91
2017-05-25,1255.800048828125,0.002714807048692869,48.900001525878906,-0.04789717786679393,0.91
2017-05-26,1267.5999755859375,0.009396342012268466,49.79999923706055,0.018404860595052197,0.91
2017-05-30,1262.0999755859375,-0.004338908256492857,49.65999984741211,-0.0028112327669325143,0.91
2017-05-31,1272.0,0.007844088903865343,48.31999969482422,-0.026983490872034777,0.83
2017-06-01,1267.0,-0.0039308176100628645,48.36000061035156,0.0008278335219367161,0.91
2017-06-02,1276.800048828125,0.007734845168212212,47.65999984741211,-0.014474788132852412,0.91
2017-06-05,1279.300048828125,0.001958019975245584,47.400001525878906,-0.005455273234695968,0.91
2017-06-06,1294.4000244140625,0.011803310411634405,48.189998626708984,0.016666604966220522,0.91
2017-06-07,1290.0999755859375,-0.0033220401321233384,45.720001220703125,-0.05125539482038666,0.91
2017-06-08,1276.300048828125,-0.010696788635737198,45.63999938964844,-0.001749821279936059,0.91
2017-06-09,1268.5,-0.006111453835081271,45.83000183105469,0.0041630684475719715,0.91
2017-06-12,1266.0999755859375,-0.0018920176697378999,46.08000183105469,0.005454941959670556,0.91
2017-06-13,1265.800048828125,-0.000236890264272982,46.459999084472656,0.008246467845447913,0.91
2017-06-14,1272.800048828125,0.005530099328468596,44.72999954223633,-0.03723632320979764,0.91
2017-06-15,1252.199951171875,-0.016184865545233573,44.459999084472656,-0.006036227599526933,1.16
2017-06-16,1254.0,0.001437509102631962,44.7400016784668,0.006297854245614021,1.16
2017-06-19,1244.199951171875,-0.007815030963417069,44.20000076293945,-0.012069756264386666,1.16
2017-06-20,1241.0,-0.002571894629043392,43.22999954223633,-0.021945728596377,1.16
2017-06-21,1243.4000244140625,0.0019339439275281034,42.529998779296875,-0.016192476760392815,1.16
2017-06-22,1247.5999755859375,0.0033777956324667624,42.7400016784668,0.004937759350986504,1.16
2017-06-23,1256.199951171875,0.0068932155772916115,43.0099983215332,0.006317188405784213,1.16
2017-06-26,1246.300048828125,-0.00788083324992539,43.380001068115234,0.008602714741255513,1.16
2017-06-27,1246.4000244140625,8.02179106320633e-05,44.2400016784668,0.019824817638920633,1.16
2017-06-28,1248.0,0.0012836774346900448,44.7400016784668,0.011301988721292622,1.16
2017-06-29,1244.199951171875,-0.0030449109199719437,44.93000030517578,0.004246728198055161,1.16
2017-06-30,1240.699951171875,-0.002813052674293548,46.040000915527344,0.024705110233967487,1.06
2017-07-03,1217.9000244140625,-0.018376664508028218,47.06999969482422,0.02237182360588319,1.16
2017-07-05,1220.4000244140625,0.0020527136463461826,45.130001068115234,-0.04121518247900702,1.16
2017-07-06,1222.199951171875,0.0014748662092798348,45.52000045776367,0.00864168802167331,1.16
2017-07-07,1208.5999755859375,-0.0111274555140487,44.22999954223633,-0.028339211391798846,1.16
2017-07-10,1212.0999755859375,0.00289591268467726,44.400001525878906,0.0038435899932631745,1.16
2017-07-11,1213.5999755859375,0.0012375216815549983,45.040000915527344,0.014414400172383157,1.16
2017-07-12,1218.0999755859375,0.0037079763435454716,45.4900016784668,0.009991135741391988,1.16
2017-07-13,1216.300048828125,-0.0014776510909514373,46.08000183105469,0.012969886366638095,1.16
2017-07-14,1226.5999755859375,0.008468244959569216,46.540000915527344,0.009982618624000406,1.16
2017-07-17,1232.800048828125,0.005054682345991157,46.02000045776367,-0.011173193973663675,1.16
2017-07-18,1241.0999755859375,0.006732581464206078,46.400001525878906,0.008257302571389458,1.16
2017-07-19,1241.199951171875,8.055401490958403e-05,47.119998931884766,0.015517184963976582,1.16
2017-07-20,1244.800048828125,0.002900497742407193,46.790000915527344,-0.007003353646812593,1.16
2017-07-21,1254.300048828125,0.00763174777261888,45.77000045776367,-0.02179953917088262,1.16
2017-07-24,1253.9000244140625,-0.00031892242564790507,46.34000015258789,0.012453565416723267,1.16
2017-07-25,1251.699951171875,-0.0017545842566001335,47.88999938964844,0.033448408113006645,1.16
2017-07-26,1249.0,-0.0021570274644072684,48.75,0.01795783297791087,1.16
2017-07-27,1259.5999755859375,0.008486769884657797,49.040000915527344,0.0059487367287660575,1.16
2017-07-28,1268.4000244140625,0.0069863837715871124,49.709999084472656,0.013662278883301848,1.16
2017-07-31,1266.5999755859375,-0.0014191491591594163,50.16999816894531,0.00925365304656256,1.07
2017-08-01,1272.5999755859375,0.004737091517173164,49.15999984741211,-0.020131519999902703,1.16
2017-08-02,1271.800048828125,-0.0006285767508711348,49.59000015258789,0.008746954973768428,1.16
2017-08-03,1267.800048828125,-0.003145148487520233,49.029998779296875,-0.011292626972532749,1.16
2017-08-04,1258.300048828125,-0.00749329518387476,49.58000183105469,0.011217684386116256,1.16
2017-08-07,1258.199951171875,-7.954991048697568e-05,49.38999938964844,-0.0038322394995806697,1.16
2017-08-08,1256.4000244140625,-0.0014305570081576402,49.16999816894531,-0.004454367755048705,1.16
2017-08-09,1273.0,0.013212333065401705,49.560001373291016,0.00793173111387313,1.16
2017-08-10,1283.699951171875,0.008405303355754068,48.59000015258789,-0.01957225976240351,1.16
2017-08-11,1287.699951171875,0.003115992951739477,48.81999969482422,0.0047334748202110255,1.16
2017-08-14,1284.199951171875,-0.002718024487626036,47.59000015258789,-0.025194583161104123,1.16
2017-08-15,1273.699951171875,-0.008176296837901553,47.54999923706055,-0.0008405319478690387,1.16
2017-08-16,1276.9000244140625,0.0025124231489868087,46.779998779296875,-0.01619349043361351,1.16
2017-08-17,1286.4000244140625,0.007439893349801885,47.09000015258789,0.006626793103470696,1.16
2017-08-18,1285.699951171875,-0.0005442111543074724,48.5099983215332,0.03015498331586386,1.16
2017-08-21,1290.800048828125,0.003966786847585668,47.369998931884766,-0.023500297445741225,1.16
2017-08-22,1285.0999755859375,-0.004415922704188335,47.63999938964844,0.005699819798432371,1.16
2017-08-23,1288.9000244140625,0.002957006381073546,48.40999984741211,0.016162898145019255,1.16
2017-08-24,1286.5,-0.001862071819847766,47.43000030517578,-0.020243741898890222,1.16
2017-08-25,1292.5,0.004663816556548683,47.869998931884766,0.009276799997426366,1.16
2017-08-28,1309.699951171875,0.013307505742263137,46.56999969482422,-0.027156867893612047,1.16
2017-08-29,1313.0999755859375,0.002596033092175265,46.439998626708984,-0.0027915196256632635,1.16
2017-08-30,1308.0999755859375,-0.003807783179471058,45.959999084472656,-0.010335907761208851,1.16
2017-08-31,1316.199951171875,0.006192168593466496,47.22999954223633,0.027632734618411536,1.07
2017-09-01,1324.5,0.006306069849596252,47.290000915527344,0.0012704080853813693,1.16
2017-09-05,1339.199951171875,0.011098490880992795,48.65999984741211,0.02897016082389081,1.16
2017-09-06,1333.9000244140625,-0.003957532072170977,49.15999984741211,0.010275380221288488,1.16
2017-09-07,1345.0999755859375,0.008396394757391734,49.09000015258789,-0.0014239156843265377,1.16
2017-09-08,1346.0,0.0006691133970695429,47.47999954223633,-0.03279691597773782,1.16
2017-09-11,1331.0,-0.011144130757800852,48.06999969482422,0.012426288085008341,1.16
2017-09-12,1328.0,-0.002253944402704766,48.22999954223633,0.0033284761478651337,1.16
2017-09-13,1323.4000244140625,-0.0034638370376035565,49.29999923706055,0.02218535569106095,1.16
2017-09-14,1324.699951171875,0.0009822629090459056,49.88999938964844,0.011967548919237458,1.16
2017-09-15,1320.4000244140625,-0.003245962796336377,49.88999938964844,0.0,1.16
2017-09-18,1306.300048828125,-0.010678563560459264,49.90999984741211,0.0004008911206325738,1.16
2017-09-19,1306.199951171875,-7.662684873954717e-05,49.47999954223633,-0.008615514055107298,1.16
2017-09-20,1312.0,0.004440398901348397,50.40999984741211,0.01879547925989633,1.16
2017-09-21,1290.5999755859375,-0.01631099421803539,50.54999923706055,0.0027772146413846954,1.16
2017-09-22,1293.300048828125,0.0020921069992749786,50.65999984741211,0.002176075410717626,1.16
2017-09-25,1306.800048828125,0.010438412967070265,52.220001220703125,0.030793552664621693,1.16
2017-09-26,1297.0,-0.0074992718564046434,51.880001068115234,-0.006510918127920151,1.16
2017-09-27,1283.4000244140625,-0.010485717491085178,52.13999938964844,0.005011532694300547,1.16
2017-09-28,1285.5,0.0016362595807930536,51.560001373291016,-0.011123859285517623,1.16
2017-09-29,1281.5,-0.003111629716063824,51.66999816894531,0.0021333745679703586,1.06
2017-10-02,1272.699951171875,-0.00686699089202103,50.58000183105469,-0.02109534307175054,1.16
2017-10-03,1271.5,-0.0009428390177670387,50.41999816894531,-0.0031633779422114428,1.16
2017-10-04,1273.699951171875,0.0017302014721785053,49.97999954223633,-0.008726668835541296,1.16
2017-10-05,1269.9000244140625,-0.0029833767005458256,50.790000915527344,0.016206510218282677,1.16
2017-10-06,1271.5999755859375,0.0013386496095701972,49.290000915527344,-0.029533372178802697,1.16
2017-10-09,1281.800048828125,0.008021448126787956,49.58000183105469,0.005883564823306431,1.16
2017-10-10,1290.5999755859375,0.00686528820611132,50.91999816894531,0.027026952166252505,1.16
2017-10-11,1285.800048828125,-0.003719143691780502,51.29999923706055,0.007462707811858982,1.16
2017-10-12,1293.300048828125,0.005832944248863159,50.599998474121094,-0.01364523924658756,1.16
2017-10-13,1301.5,0.006340331603099436,51.45000076293945,0.016798464712466155,1.16
2017-10-16,1299.9000244140625,-0.00122933199073183,51.869998931884766,0.008163229596059418,1.16
2017-10-17,1283.0,-0.013001018614243298,51.880001068115234,0.00019283085476073936,1.16
2017-10-18,1279.9000244140625,-0.0024161929742303467,52.040000915527344,0.0030840370878566503,1.16
2017-10-19,1286.9000244140625,0.005469177175150497,51.290000915527344,-0.014411990522779194,1.16
2017-10-20,1277.4000244140625,-0.007382080829725246,51.470001220703125,0.003509461921676227,1.16
2017-10-23,1277.699951171875,0.00023479470180065576,51.900001525878906,0.008354386923985935,1.16
2017-10-24,1275.0,-0.0021131339712415764,52.470001220703125,0.010982652756570621,1.16
2017-10-25,1275.4000244140625,0.0003137446384804399,52.18000030517578,-0.005526985111121374,1.16
2017-10-26,1266.300048828125,-0.00713499718656363,52.63999938964844,0.00881562057842733,1.16
2017-10-27,1268.5,0.0017373063942554001,53.900001525878906,0.023936211072187907,1.16
2017-10-30,1274.0999755859375,0.004414643741377677,54.150001525878906,0.004638218792627935,1.16
2017-10-31,1267.0,-0.005572541968437261,54.380001068115234,0.004247452183845368,1.07
2017-11-01,1274.0999755859375,0.005603769207527698,54.29999923706055,-0.0014711627341543743,1.16
2017-11-02,1274.9000244140625,0.0006279325354803245,54.540000915527344,0.004419920475855044,1.16
2017-11-03,1266.5,-0.0065887710825977,55.63999938964844,0.020168655219217735,1.16
2017-11-06,1279.4000244140625,0.010185570007155587,57.349998474121094,0.030733269288834464,1.16
2017-11-07,1273.699951171875,-0.004455270543548773,57.20000076293945,-0.0026154789044907645,1.16
2017-11-08,1281.5999755859375,0.006202421855158402,56.810001373291016,-0.006818171056758526,1.16
2017-11-09,1285.5999755859375,0.0031210986861724965,57.16999816894531,0.006336855957612242,1.16
2017-11-10,1272.4000244140625,-0.010267541554563886,56.7400016784668,-0.007521366175451294,1.16
2017-11-13,1277.300048828125,0.003851009368157632,56.7599983215332,0.00035242584552119816,1.16
2017-11-14,1281.5,0.003288147664073371,55.70000076293945,-0.018675080865737326,1.16
2017-11-15,1276.5,-0.003901677721420249,55.33000183105469,-0.006642709637644129,1.16
2017-11-16,1277.4000244140625,0.0007050720047492298,55.13999938964844,-0.003433985814538798,1.16
2017-11-17,1295.800048828125,0.014404277487392703,56.54999923706055,0.025571270638730104,1.16
2017-11-20,1274.5999755859375,-0.016360605373768933,56.09000015258789,-0.00813437826133856,1.16
2017-11-21,1281.0999755859375,0.0050996392001434465,56.83000183105469,0.013193112434546128,1.16
2017-11-22,1291.5999755859375,0.008196081648661036,58.02000045776367,0.020939619714365643,1.16
2017-11-24,1286.699951171875,-0.003793763167144415,58.95000076293945,0.016028960665948055,1.16
2017-11-27,1293.800048828125,0.005518067867946508,58.11000061035156,-0.014249366271696151,1.16
2017-11-28,1294.699951171875,0.0006955497834191249,57.9900016784668,-0.0020650306423054543,1.16
2017-11-29,1282.0999755859375,-0.009731965753557725,57.29999923706055,-0.011898644963524219,1.16
2017-11-30,1273.199951171875,-0.00694175538845565,57.400001525878906,0.0017452406657918473,1.07
2017-12-01,1278.800048828125,0.004398443191185875,58.36000061035156,0.016724722281406867,1.16
2017-12-04,1274.300048828125,-0.0035189238568795744,57.470001220703125,-0.015250160732359075,1.16
2017-12-05,1261.5999755859375,-0.009966313078200728,57.619998931884766,0.0026100175395089575,1.16
2017-12-06,1262.800048828125,0.0009512311869142032,55.959999084472656,-0.028809439052133068,1.16
2017-12-07,1249.800048828125,-0.010294583067259166,56.689998626708984,0.013045024199060062,1.16
2017-12-08,1245.199951171875,-0.0036806668879260096,57.36000061035156,0.011818698180862341,1.16
2017-12-11,1243.699951171875,-0.0012046258101667817,57.9900016784668,0.010983282102712266,1.16
2017-12-12,1238.5,-0.004181033509710552,57.13999938964844,-0.014657738648315766,1.17
2017-12-13,1245.4000244140625,0.005571275263675846,56.599998474121094,-0.009450488647102961,1.17
2017-12-14,1253.800048828125,0.0067448404122318895,57.040000915527344,0.007773894934068437,1.41
2017-12-15,1254.300048828125,0.00039878766990586456,57.29999923706055,0.0045581752692858135,1.41
2017-12-18,1262.199951171875,0.006298255629608507,57.15999984741211,-0.0024432703579844173,1.42
2017-12-19,1260.699951171875,-0.001188401250219795,57.459999084472656,0.005248412138932679,1.42
2017-12-20,1266.0999755859375,0.004283354186730204,58.09000015258789,0.010964167736742692,1.42
2017-12-21,1267.300048828125,0.0009478503003936822,58.36000061035156,0.004647967930012875,1.42
2017-12-22,1275.4000244140625,0.006391521560681346,58.470001220703125,0.0018848630774697117,1.42
2017-12-26,1284.0999755859375,0.006821350952907368,59.970001220703125,0.025654181096012696,1.42
2017-12-27,1287.0,0.0022584101465614737,59.63999938964844,-0.005502781796521972,1.42
2017-12-28,1294.0999755859375,0.005516686546960026,59.84000015258789,0.0033534668844106275,1.42
2017-12-29,1306.300048828125,0.009427458057607696,60.41999816894531,0.009692480195161446,1.33
2018-01-02,1313.699951171875,0.005664779964134947,60.369998931884766,-0.0008275279472987895,1.42
2018-01-03,1316.199951171875,0.0019030220696665268,61.630001068115234,0.020871329443820752,1.42
2018-01-04,1319.4000244140625,0.002431297189563253,62.0099983215332,0.006165783657832158,1.42
2018-01-05,1320.300048828125,0.0006821467313995466,61.439998626708984,-0.009192061123250883,1.42
2018-01-08,1318.5999755859375,-0.0012876415809394137,61.72999954223633,0.004720067089996283,1.42
2018-01-09,1311.699951171875,-0.005232841302758584,62.959999084472656,0.01992547466964978,1.42
2018-01-10,1317.4000244140625,0.004345561831495814,63.56999969482422,0.009688701067691152,1.42
2018-01-11,1320.5999755859375,0.0024289897620870526,63.79999923706055,0.0036180516492130277,1.42
2018-01-12,1333.4000244140625,0.00969260113945225,64.30000305175781,0.007837050480822283,1.42
2018-01-16,1335.4000244140625,0.001499924976286815,63.72999954223633,-0.008864750893754492,1.42
2018-01-17,1338.0,0.0019469638598204053,63.970001220703125,0.0037659137014074417,1.42
2018-01-18,1326.0,-0.008968609865470878,63.95000076293945,-0.0003126537030172516,1.42
2018-01-19,1331.9000244140625,0.004449490508342757,63.369998931884766,-0.009069614138156656,1.42
2018-01-22,1330.9000244140625,-0.000750807103888973,63.4900016784668,0.001893683897817633,1.42
2018-01-23,1335.699951171875,0.0036065269139398115,64.47000122070312,0.01543549403572797,1.42
2018-01-24,1355.9000244140625,0.015123211784551671,65.61000061035156,0.01768263328778019,1.42
2018-01-25,1362.4000244140625,0.0047938637679492135,65.51000213623047,-0.0015241346317761417,1.42
2018-01-26,1351.5999755859375,-0.007927223014231655,66.13999938964844,0.00961681014920246,1.42
2018-01-30,1335.4000244140625,-0.011985758704125549,64.5,-0.02479587851198428,1.42
2018-01-31,1339.0,0.0026958031452164466,64.7300033569336,0.0035659435183503785,1.34
2018-02-01,1344.300048828125,0.003958214210698197,65.80000305175781,0.01653019680725243,1.42
2018-02-02,1333.699951171875,-0.007885217043241521,65.44999694824219,-0.005319241448063616,1.42
2018-02-05,1333.0,-0.0005248190728807112,64.1500015258789,-0.01986242143588357,1.42
2018-02-06,1326.0999755859375,-0.005176312388644022,63.38999938964844,-0.01184726606629738,1.42
2018-02-07,1311.5999755859375,-0.010934318880138072,61.790000915527344,-0.025240550394805217,1.42
2018-02-08,1316.9000244140625,0.0040409034208446215,61.150001525878906,-0.010357653020969804,1.42
2018-02-09,1313.0999755859375,-0.0028856016080763824,59.20000076293945,-0.03188880971841357,1.42
2018-02-12,1324.199951171875,0.008453260065734547,59.290000915527344,0.001520272828176017,1.42
2018-02-13,1328.0999755859375,0.002945192990387202,59.189998626708984,-0.0016866636409879066,1.42
2018-02-14,1355.5,0.02063099534504098,60.599998474121094,0.023821589459808834,1.42
2018-02-15,1352.0999755859375,-0.0025083175315843143,61.34000015258789,0.0122112491270574,1.42
2018-02-16,1353.199951171875,0.0008135312519776949,61.68000030517578,0.005542878248159688,1.42
2018-02-20,1328.800048828125,-0.018031261619999017,61.900001525878906,0.003566816141611806,1.42
2018-02-21,1330.0,0.0009030336602811051,61.68000030517578,-0.0035541391806128697,1.42
2018-02-22,1330.5999755859375,0.0004511094631109991,62.77000045776367,0.017671857120539425,1.42
2018-02-23,1328.199951171875,-0.001803715961294583,63.54999923706055,0.01242629876706336,1.42
2018-02-26,1330.699951171875,0.0018822467187973313,63.90999984741211,0.005664840514138403,1.42
2018-02-27,1315.5,-0.011422523280690933,63.0099983215332,-0.01408232714798463,1.42
2018-02-28,1315.5,0.0,61.63999938964844,-0.0217425641704323,1.35
2018-03-01,1302.9000244140625,-0.00957808862480991,60.9900016784668,-0.010545063556421708,1.42
2018-03-02,1321.0999755859375,0.013968801006093878,61.25,0.004262966295752735,1.42
2018-03-05,1318.0999755859375,-0.00227083495226732,62.56999969482422,0.02155101542570148,1.42
2018-03-06,1333.5999755859375,0.01175935079818946,62.599998474121094,0.0004794434943773407,1.42
2018-03-07,1326.0,-0.005698842025396944,61.150001525878906,-0.02316289111159675,1.42
2018-03-08,1319.9000244140625,-0.004600283247313319,60.119998931884766,-0.016843868655640803,1.42
2018-03-09,1322.4000244140625,0.0018940828500324525,62.040000915527344,0.03193616130662136,1.42
2018-03-12,1319.4000244140625,-0.0022686024989519993,61.36000061035156,-0.010960675292407851,1.42
2018-03-13,1325.9000244140625,0.004926481642962388,60.709999084472656,-0.010593245101259807,1.42
2018-03-14,1324.4000244140625,-0.0011313070158988081,60.959999084472656,0.004117937798881366,1.42
2018-03-15,1316.800048828125,-0.0057384290590751785,61.189998626708984,0.003772958426682571,1.43
2018-03-16,1311.300048828125,-0.004176792068693147,62.34000015258789,0.01879394593378758,1.43
2018-03-19,1316.800048828125,0.004194310832913661,62.060001373291016,-0.0044914786431108356,1.43
2018-03-20,1311.0999755859375,-0.004328731037988809,63.400001525878906,0.021592009715368565,1.44
2018-03-21,1320.699951171875,0.007322077465257593,65.16999816894531,0.027917927452161262,1.44
2018-03-22,1326.5999755859375,0.00446734658302006,64.30000305175781,-0.01334962623341096,1.68
2018-03-23,1349.300048828125,0.017111468159164644,65.87999725341797,0.024572225920243662,1.68
2018-03-26,1354.4000244140625,0.0037797194110877896,65.55000305175781,-0.005009019663294478,1.68
2018-03-27,1341.300048828125,-0.00967216136281801,65.25,-0.004576705382010937,1.68
2018-03-28,1324.199951171875,-0.012748898109106954,64.37999725341797,-0.013333375426544558,1.68
2018-03-29,1322.800048828125,-0.001057168400067643,64.94000244140625,0.008698434480882922,1.68
2018-04-02,1342.0999755859375,0.014590207170698477,63.0099983215332,-0.029719803623574514,1.68
2018-04-03,1332.800048828125,-0.006929384492203927,63.5099983215332,0.007935248584653998,1.69
2018-04-04,1335.800048828125,0.002250900277680712,63.369998931884766,-0.00220436771135879,1.69
2018-04-05,1324.300048828125,-0.00860907289986157,63.540000915527344,0.002682688756635576,1.69
2018-04-06,1331.9000244140625,0.0057388622711769255,62.060001373291016,-0.023292406687307143,1.69
2018-04-09,1336.300048828125,0.003303569587363109,63.41999816894531,0.021914224388651204,1.69
2018-04-10,1342.0,0.00426547254628451,65.51000213623047,0.032954967323044926,1.69
2018-04-11,1356.5,0.0108047690014903,66.81999969482422,0.019996909111215766,1.69
2018-04-12,1338.4000244140625,-0.013343144552847352,67.06999969482422,0.003741394809065879,1.69
2018-04-13,1344.800048828125,0.004781847203614964,67.38999938964844,0.0047711301070560985,1.69
2018-04-16,1347.5,0.0020076971102340746,66.22000122070312,-0.017361599340287803,1.69
2018-04-17,1347.199951171875,-0.00022267074443416135,66.5199966430664,0.0045302841563448215,1.69
2018-04-18,1351.199951171875,0.002969121247755835,68.47000122070312,0.029314562177446657,1.69
2018-04-19,1346.800048828125,-0.0032562925568003775,68.29000091552734,-0.0026288929745389433,1.69
2018-04-20,1336.699951171875,-0.007499329737208016,68.37999725341797,0.0013178552743313698,1.7
2018-04-23,1322.5,-0.01062314033858236,68.63999938964844,0.003802312762120952,1.7
2018-04-24,1331.4000244140625,0.006729697099480125,67.69999694824219,-0.013694674384685523,1.7
2018-04-25,1321.199951171875,-0.007661163478404176,68.05000305175781,0.005169957448937668,1.7
2018-04-26,1316.300048828125,-0.0037086758438069634,68.19000244140625,0.0020573017394569515,1.7
2018-04-27,1320.300048828125,0.003038820824751154,68.0999984741211,-0.0013198997516167266,1.7
2018-04-30,1316.199951171875,-0.003105428693946588,68.56999969482422,0.006901633351456438,1.69
2018-05-01,1303.800048828125,-0.009420986782980645,67.25,-0.019250396685124294,1.7
2018-05-02,1302.5999755859375,-0.0009204427038226326,67.93000030517578,0.010111528701498562,1.7
2018-05-03,1310.699951171875,0.006218313939622133,68.43000030517578,0.007360518147412787,1.7
2018-05-04,1312.699951171875,0.001525902246514832,69.72000122070312,0.01885139426822091,1.7
2018-05-07,1312.199951171875,-0.0003808943540781762,70.7300033569336,0.014486547885064427,1.7
2018-05-08,1312.0,-0.00015237858505967594,69.05999755859375,-0.0236109956041185,1.7
2018-05-09,1311.300048828125,-0.0005334993688071998,71.13999938964844,0.03011876490858434,1.7
2018-05-10,1320.800048828125,0.007244718711396203,71.36000061035156,0.00309251086014406,1.7
2018-05-11,1319.0,-0.001362847336144557,70.69999694824219,-0.009248930163456737,1.7
2018-05-14,1316.5,-0.0018953752843062777,70.95999908447266,0.003677540982368166,1.7
2018-05-15,1288.9000244140625,-0.020964660528627,71.30999755859375,0.004932334817316475,1.7
2018-05-16,1290.199951171875,0.0010085551502752033,71.48999786376953,0.002524194521642986,1.7
2018-05-17,1288.199951171875,-0.0015501473226560147,71.48999786376953,0.0,1.7
2018-05-18,1290.199951171875,0.0015525540100980173,71.27999877929688,-0.002937461053962087,1.7
2018-05-21,1290.199951171875,0.0,72.23999786376953,0.01346800085456068,1.7
2018-05-22,1291.699951171875,0.0011626104919919555,72.12999725341797,-0.0015227105980678557,1.7
2018-05-23,1289.300048828125,-0.001857941034659527,71.83999633789062,-0.004020531354083756,1.7
2018-05-24,1303.699951171875,0.01116877514806447,70.70999908447266,-0.01572936123358315,1.7
2018-05-25,1303.300048828125,-0.00030674415795639565,67.87999725341797,-0.04002265404746885,1.7
2018-05-29,1298.699951171875,-0.00352957683104993,66.7300033569336,-0.016941572525276838,1.7
2018-05-30,1301.5,0.0021560398347582055,68.20999908447266,0.022178864874660364,1.7
2018-05-31,1300.0999755859375,-0.0010757006638973943,67.04000091552734,-0.017152883516335482,1.7
2018-06-01,1294.800048828125,-0.004076553232318814,65.80999755859375,-0.01834730519296146,1.7
2018-06-04,1293.0999755859375,-0.0013130006009237638,64.75,-0.01610693812364883,1.7
2018-06-05,1297.5,0.0034026946849710082,65.5199966430664,0.01189184004735755,1.7
2018-06-06,1297.0999755859375,-0.00030830398000958326,64.7300033569336,-0.012057285204644663,1.7
2018-06-07,1298.699951171875,0.0012335021324896278,65.94999694824219,0.01884742048569521,1.7
2018-06-08,1298.0999755859375,-0.000461981680523027,65.73999786376953,-0.003184216742837198,1.7
2018-06-11,1298.9000244140625,0.0006163229667759396,66.0999984741211,0.005476127503039718,1.7
2018-06-12,1295.0999755859375,-0.0029255899273996633,66.36000061035156,0.0039334665995833795,1.7
2018-06-13,1296.9000244140625,0.0013898917937285038,66.63999938964844,0.004219390848727578,1.7
2018-06-14,1304.0,0.005474574332855919,66.88999938964844,0.003751500634599836,1.9
2018-06-15,1274.5999755859375,-0.022546030992379174,65.05999755859375,-0.027358377152831737,1.9
2018-06-18,1276.199951171875,0.0012552766488183043,65.8499984741211,0.012142652093029449,1.9
2018-06-19,1275.5999755859375,-0.0004701266328889231,65.06999969482422,-0.011845084242536608,1.91
2018-06-20,1271.199951171875,-0.00344937637055176,66.22000122070312,0.017673298467379306,1.92
2018-06-21,1267.199951171875,-0.0031466332234457717,65.54000091552734,-0.010268805385693414,1.92
2018-06-22,1267.4000244140625,0.00015788608735545218,68.58000183105469,0.046383901023216545,1.92
2018-06-25,1265.5999755859375,-0.0014202688917867023,68.08000183105469,-0.007290755127591586,1.92
2018-06-26,1256.5999755859375,-0.007111251717457745,70.52999877929688,0.03598702823660349,1.92
2018-06-27,1252.800048828125,-0.003023974877956359,72.76000213623047,0.0316177994545519,1.91
2018-06-28,1247.800048828125,-0.0039910598699904876,73.44999694824219,0.009483160964176784,1.91
2018-06-29,1251.300048828125,0.0028049365788109792,74.1500015258789,0.00953035543527636,1.91
2018-07-02,1239.800048828125,-0.009190441581753306,73.94000244140625,-0.002832084695229109,1.91
2018-07-03,1251.5999755859375,0.009517604688728643,74.13999938964844,0.0027048544987631207,1.91
2018-07-05,1257.300048828125,0.004554229269235099,72.94000244140625,-0.016185553791759677,1.91
2018-07-06,1254.300048828125,-0.0023860652855268727,73.80000305175781,0.01179052072341813,1.91
2018-07-09,1258.0999755859375,0.003029519740003872,73.8499984741211,0.0006774447194564104,1.91
2018-07-10,1253.800048828125,-0.003417794166802879,74.11000061035156,0.0035206789655057857,1.91
2018-07-11,1242.800048828125,-0.008773328737928576,70.37999725341797,-0.050330634546136954,1.91
2018-07-12,1245.0,0.0017701569725150357,70.33000183105469,-0.0007103640851712223,1.91
2018-07-13,1239.5999755859375,-0.004337369007279102,71.01000213623047,0.009668708765417922,1.91
2018-07-16,1238.0999755859375,-0.0012100677876272226,68.05999755859375,-0.04154350780017202,1.91
2018-07-17,1225.699951171875,-0.01001536601129005,68.08000183105469,0.00029392114573201233,1.91
2018-07-18,1226.300048828125,0.0004895958881911966,68.76000213623047,0.009988253332648966,1.91
2018-07-19,1222.4000244140625,-0.0031803182408656205,69.45999908447266,0.010180292706438943,1.91
2018-07-20,1229.5,0.005808225985058257,70.45999908447266,0.014396775312131238,1.91
2018-07-23,1224.0,-0.004473363155754417,67.88999938964844,-0.036474591657929434,1.91
2018-07-24,1223.9000244140625,-8.167940027570264e-05,68.5199966430664,0.009279676816642102,1.91
2018-07-25,1231.4000244140625,0.006127951507796325,69.30000305175781,0.011383631741177735,1.91
2018-07-26,1225.300048828125,-0.004953691298520191,69.61000061035156,0.004473269046788131,1.91
2018-07-27,1222.5999755859375,-0.0022036016768054445,68.69000244140625,-0.01321646546298838,1.91
2018-07-30,1221.300048828125,-0.0010632478192137418,70.12999725341797,0.020963673909315306,1.91
2018-07-31,1223.699951171875,0.001965039095882082,68.76000213623047,-0.01953508014889771,1.91
2018-08-01,1217.9000244140625,-0.004739664124574161,67.66000366210938,-0.015997650377347683,1.91
2018-08-02,1210.5999755859375,-0.005993963939393998,68.95999908447266,0.01921364694059724,1.91
2018-08-03,1214.199951171875,0.0029737119267618795,68.48999786376953,-0.006815563035715733,1.91
2018-08-06,1208.5999755859375,-0.004612070343548269,69.01000213623047,0.007592411865674942,1.91
2018-08-07,1209.5999755859375,0.0008274036241935345,69.16999816894531,0.002318447004232782,1.91
2018-08-08,1212.5999755859375,0.0024801587802172342,66.94000244140625,-0.03223934923479943,1.91
2018-08-09,1211.9000244140625,-0.0005772317218930567,66.80999755859375,-0.0019421105179416864,1.91
2018-08-10,1211.0999755859375,-0.0006601607492431327,67.62999725341797,0.012273607615463034,1.91
2018-08-13,1191.300048828125,-0.016348713695773287,67.19999694824219,-0.0063581298630623895,1.91
2018-08-14,1193.0,0.0014269714615955387,67.04000091552734,-0.002380893452094579,1.91
2018-08-15,1177.5,-0.012992455993294239,65.01000213623047,-0.030280410972170824,1.91
2018-08-16,1176.199951171875,-0.0011040754378981443,65.45999908447266,0.006921964827800053,1.92
2018-08-17,1176.5,0.00025510018753704955,65.91000366210938,0.006874497157508541,1.92
2018-08-20,1186.800048828125,0.008754822633340487,66.43000030517578,0.007889494980643397,1.92
2018-08-21,1192.5999755859375,0.004887029422976141,67.3499984741211,0.013849136906802562,1.92
2018-08-22,1196.300048828125,0.00310252667946731,67.86000061035156,0.007572414963400886,1.92
2018-08-23,1187.0,-0.007774010238681517,67.83000183105469,-0.0004420686564553522,1.92
2018-08-24,1206.300048828125,0.016259518810551876,68.72000122070312,0.013121028536386747,1.92
2018-08-27,1209.0,0.002238208623549287,68.87000274658203,0.0021827928290798493,1.92
2018-08-28,1207.4000244140625,-0.0013233875814205875,68.52999877929688,-0.004936894928496693,1.92
2018-08-29,1204.5,-0.0024018753978987117,69.51000213623047,0.014300355674742304,1.92
2018-08-30,1197.699951171875,-0.005645536594541256,70.25,0.010645919163104534,1.92
2018-08-31,1200.300048828125,0.0021709090442110224,69.80000305175781,-0.00640565050878561,1.91
2018-09-04,1192.699951171875,-0.0063318314980242985,69.87000274658203,0.0010028609135204203,1.92
2018-09-05,1194.9000244140625,0.0018446158566753912,68.72000122070312,-0.01645915959170563,1.92
2018-09-06,1197.9000244140625,0.002510670297685369,67.7699966430664,-0.01382428056986873,1.92
2018-09-07,1193.5999755859375,-0.003589655848139972,67.75,-0.0002950663133676201,1.92
2018-09-10,1193.0,-0.0005026605212881119,67.54000091552734,-0.003099617482991257,1.92
2018-09-11,1195.4000244140625,0.0020117555859702207,69.25,0.02531831598005696,1.92
2018-09-12,1204.699951171875,0.007779761224591786,70.37000274658203,0.01617332486039036,1.92
2018-09-13,1202.0,-0.002241181440447937,68.58999633789062,-0.025294960057080096,1.92
2018-09-14,1195.0,-0.005823627287853572,68.98999786376953,0.005831776457727145,1.92
2018-09-17,1199.699951171875,0.003933013532949836,68.91000366210938,-0.0011595043359490242,1.92
2018-09-18,1196.800048828125,-0.0024171896822345884,69.8499984741211,0.013640904978337476,1.92
2018-09-19,1202.199951171875,0.004511950303676349,71.12000274658203,0.018181879745229557,1.92
2018-09-20,1206.199951171875,0.003327233540561192,70.80000305175781,-0.004499433105542128,1.92
2018-09-21,1196.199951171875,-0.008290499423652453,70.77999877929688,-0.0002825462090207953,1.92
2018-09-24,1199.300048828125,0.0025916216207941822,72.08000183105469,0.018366813706954588,1.93
2018-09-25,1200.0,0.0005836330721065153,72.27999877929688,0.002774652374606612,1.93
2018-09-26,1194.0,-0.0050000000000000044,71.56999969482422,-0.009822898401542601,1.93
2018-09-27,1182.300048828125,-0.009798954080297295,72.12000274658203,0.007684826800377742,2.18
2018-09-28,1191.5,0.0077814013295471884,73.25,0.015668291879973983,2.18
2018-10-01,1187.0999755859375,-0.003692844661403738,75.30000305175781,0.027986389785089605,2.18
2018-10-02,1202.4000244140625,0.012888593330627529,75.2300033569336,-0.0009296107833635103,2.18
2018-10-03,1198.300048828125,-0.0034098265990434307,76.41000366210938,0.015685235311996282,2.18
2018-10-04,1197.199951171875,-0.0009180485783387704,74.33000183105469,-0.0272215905165063,2.18
2018-10-05,1201.199951171875,0.003341129437972823,74.33999633789062,0.0001344612752554042,2.18
2018-10-08,1184.4000244140625,-0.01398595358035326,74.29000091552734,-0.0006725238744436091,2.18
2018-10-09,1187.199951171875,0.002364004306059986,74.95999908447266,0.009018685700477258,2.18
2018-10-10,1189.300048828125,0.0017689502549060876,73.16999816894531,-0.023879414853116288,2.18
2018-10-11,1223.5,0.028756369097582946,70.97000122070312,-0.030066926380980963,2.18
2018-10-12,1218.0999755859375,-0.004413587588118051,71.33999633789062,0.005213401589734934,2.18
2018-10-15,1226.4000244140625,0.00681393070723324,71.77999877929688,0.006167682422105081,2.18
2018-10-16,1227.300048828125,0.0007338750783967285,71.91999816894531,0.0019503955423416652,2.18
2018-10-17,1223.699951171875,-0.0029333476028844396,69.75,-0.030172389101676966,2.19
2018-10-18,1226.5,0.00228818251193319,68.6500015258789,-0.015770587442596296,2.19
2018-10-19,1225.300048828125,-0.000978353992560077,69.12000274658203,0.006846339552169622,2.19
2018-10-22,1221.199951171875,-0.0033461988842417023,69.16999816894531,0.0007233133735047304,2.19
2018-10-23,1233.4000244140625,0.009990233974772167,66.43000030517578,-0.039612518957672704,2.2
2018-10-24,1227.800048828125,-0.004540275235196178,66.81999969482422,0.005870832272419024,2.2
2018-10-25,1229.0999755859375,0.0010587446702361447,67.33000183105469,0.007632477380420832,2.2
2018-10-26,1232.5,0.0027662716472203197,67.58999633789062,0.0038614956151095114,2.2
2018-10-29,1224.5,-0.006490872210953347,67.04000091552734,-0.008137231131272515,2.2
2018-10-30,1222.5999755859375,-0.001551673674203724,66.18000030517578,-0.0128281712202718,2.2
2018-10-31,1212.300048828125,-0.0084246090000748,65.30999755859375,-0.013146006989576686,2.2
2018-11-01,1236.0,0.01954957536691082,63.689998626708984,-0.02480476178905633,2.2
2018-11-02,1230.9000244140625,-0.00412619383975521,63.13999938964844,-0.008635566791014182,2.19
2018-11-05,1229.800048828125,-0.0008936351971079448,63.099998474121094,-0.0006335273347167769,2.2
2018-11-06,1223.800048828125,-0.004878841894434327,62.209999084472656,-0.014104586547865727,2.2
2018-11-07,1226.199951171875,0.0019610248798798136,61.66999816894531,-0.008680291327349154,2.2
2018-11-08,1222.9000244140625,-0.0026911816092136664,60.66999816894531,-0.01621534019281945,2.2
2018-11-09,1206.4000244140625,-0.013492517516226044,60.189998626708984,-0.007911645899505215,2.19
2018-11-12,1201.300048828125,-0.004227433258230051,59.93000030517578,-0.00431962664006158,2.19
2018-11-13,1199.199951171875,-0.0017481874393484587,55.689998626708984,-0.07074923505549546,2.2
2018-11-14,1207.9000244140625,0.0072548979289781546,56.25,0.010055690197529277,2.2
2018-11-15,1212.800048828125,0.004056647334235608,56.459999084472656,0.0037333170572917407,2.2
2018-11-16,1220.800048828125,0.006596305803030056,56.459999084472656,0.0,2.2
2018-11-19,1223.0999755859375,0.0018839504143370878,56.7599983215332,0.005313482853793516,2.2
2018-11-20,1219.0,-0.0033521181160790503,53.43000030517578,-0.05866804289693062,2.2
2018-11-21,1225.800048828125,0.005578382959905648,54.630001068115234,0.022459306683238145,2.2
2018-11-23,1221.0,-0.003915849760908308,50.41999816894531,-0.07706393587510085,2.2
2018-11-26,1220.199951171875,-0.0006552406454750637,51.630001068115234,0.02399847169996905,2.2
2018-11-27,1211.199951171875,-0.0073758403213805,51.560001373291016,-0.0013557949520836,2.2
2018-11-28,1221.4000244140625,0.00842146107446462,50.290000915527344,-0.024631505506932605,2.2
2018-11-29,1224.0999755859375,0.0022105380038535127,51.45000076293945,0.02306621249342533,2.2
2018-11-30,1220.199951171875,-0.003186034222568912,50.93000030517578,-0.010106908650198476,2.2
2018-12-03,1233.9000244140625,0.011227728069510334,52.95000076293945,0.039662290313365434,2.19
2018-12-04,1241.0999755859375,0.005835117132195533,53.25,0.005665707889290994,2.2
2018-12-06,1238.0999755859375,-0.002417210586587615,51.4900016784668,-0.033051611671985004,2.2
2018-12-07,1246.800048828125,0.007026955345888153,52.61000061035156,0.02175177501214076,2.19
2018-12-10,1243.699951171875,-0.0024864433227795857,51.0,-0.030602558290690807,2.2
2018-12-11,1241.9000244140625,-0.0014472355298531525,51.650001525878906,0.012745127958409874,2.19
2018-12-12,1244.4000244140625,0.0020130444889712162,51.150001525878906,-0.009680541824369171,2.19
2018-12-13,1242.699951171875,-0.0013661790492072168,52.58000183105469,0.02795699437960497,2.19
2018-12-14,1237.0,-0.004586747723374307,51.20000076293945,-0.0262457402065015,2.19
2018-12-17,1247.4000244140625,0.00840745708493329,49.880001068115234,-0.02578124365536505,2.2
2018-12-18,1249.199951171875,0.0014429426988811223,46.2400016784668,-0.07297512653774241,2.2
2018-12-19,1252.0999755859375,0.0023215053853804513,47.20000076293945,0.020761225121661564,2.2
2018-12-20,1263.5999755859375,0.00918457010161533,45.880001068115234,-0.027966094777283512,2.4
2018-12-21,1253.800048828125,-0.007755561053464088,45.59000015258789,-0.006320856773669115,2.4
2018-12-24,1267.5,0.010926743211311596,42.529998779296875,-0.06712001235028109,2.4
2018-12-26,1269.199951171875,0.0013411843565089843,46.220001220703125,0.08676234534016736,2.4
2018-12-27,1277.300048828125,0.006382050084993374,44.61000061035156,-0.034833417737565986,2.4
2018-12-28,1279.9000244140625,0.0020355245334273686,45.33000183105469,0.016139906093972423,2.4
2018-12-31,1278.300048828125,-0.0012500785650582102,45.40999984741211,0.0017647918183540945,2.4
2019-01-02,1281.0,0.0021121419609975156,46.540000915527344,0.024884410304168547,2.4
2019-01-03,1291.800048828125,0.008430951466139813,47.09000015258789,0.011817774521724278,2.4
2019-01-04,1282.699951171875,-0.0070445094536923936,47.959999084472656,0.018475237397869382,2.4
2019-01-07,1286.800048828125,0.0031964588854191955,48.52000045776367,0.011676425854485029,2.4
2019-01-08,1283.199951171875,-0.002797713335128127,49.779998779296875,0.02596863787398407,2.4
2019-01-09,1289.300048828125,0.004753816932956623,52.36000061035156,0.0518280814447849,2.4
2019-01-10,1284.699951171875,-0.003567903111794002,52.59000015258789,0.004392657363545993,2.4
2019-01-11,1287.0999755859375,0.0018681594965994641,51.59000015258789,-0.019015021812103794,2.4
2019-01-14,1289.0999755859375,0.0015538808468158471,50.5099983215332,-0.020934325021522815,2.4
2019-01-15,1286.199951171875,-0.0022496505073195117,52.11000061035156,0.03167694203102456,2.4
2019-01-16,1291.5999755859375,0.004198433073444363,52.310001373291016,0.0038380495221050914,2.4
2019-01-17,1291.0,-0.00046452121189100026,52.06999969482422,-0.004588064847372397,2.4
2019-01-18,1281.300048828125,-0.007513517561483329,53.79999923706055,0.033224496876812726,2.4
2019-01-22,1282.5,0.0009365106736494155,52.56999969482422,-0.022862445347193172,2.4
2019-01-23,1283.0999755859375,0.0004678172210039744,52.619998931884766,0.0009510982946698832,2.4
2019-01-24,1279.0999755859375,-0.0031174499852775206,53.130001068115234,0.009692173063147624,2.4
2019-01-25,1297.4000244140625,0.014306973010254298,53.689998626708984,0.010540138289773626,2.4
2019-01-28,1302.4000244140625,0.0038538614967715823,51.9900016784668,-0.03166319597178191,2.4
2019-01-29,1308.199951171875,0.004453260633515255,53.310001373291016,0.025389491290802146,2.4
2019-01-30,1309.9000244140625,0.0012995515254869971,54.22999954223633,0.017257515386338795,2.4
2019-01-31,1319.699951171875,0.007481431082647871,53.790000915527344,-0.008113565008723622,2.4
2019-02-01,1316.9000244140625,-0.0021216389038479777,55.2599983215332,0.027328451031528367,2.4
2019-02-04,1314.300048828125,-0.001974315086746503,54.560001373291016,-0.01266733567687095,2.4
2019-02-05,1314.199951171875,-7.616042952995894e-05,53.65999984741211,-0.016495628724809475,2.4
2019-02-06,1309.5,-0.003576283173412076,54.0099983215332,0.006522520967505718,2.4
2019-02-07,1309.4000244140625,-7.634638101372548e-05,52.63999938964844,-0.025365654035552243,2.4
2019-02-08,1313.699951171875,0.003283890848968518,52.720001220703125,0.0015197916410010226,2.4
2019-02-11,1307.0,-0.0051000619783067025,52.40999984741211,-0.005880147308670369,2.4
2019-02-12,1309.199951171875,0.0016832067114576077,53.099998474121094,0.013165400280821693,2.4
2019-02-13,1310.800048828125,0.001222195016748806,53.900001525878906,0.015065971275831647,2.4
2019-02-14,1309.800048828125,-0.0007628928614200614,54.40999984741211,0.009461935196575899,2.4
2019-02-15,1318.0999755859375,0.0063367891650625285,55.59000015258789,0.02168719552444376,2.4
2019-02-19,1340.0999755859375,0.016690691455494733,56.09000015258789,0.008994423432767684,2.4
2019-02-20,1343.300048828125,0.002387936199154339,56.91999816894531,0.014797611233722252,2.4
2019-02-21,1323.5,-0.014739855660243828,56.959999084472656,0.0007027567957507141,2.4
2019-02-22,1329.199951171875,0.004306725479316098,57.2599983215332,0.005266840622936808,2.4
2019-02-25,1325.9000244140625,-0.0024826413474535736,55.47999954223633,-0.031086252732695052,2.4
2019-02-26,1325.0999755859375,-0.0006034005682129528,55.5,0.00036049852070463295,2.4
2019-02-27,1317.699951171875,-0.005584502717080109,56.939998626708984,0.025945921201963706,2.4
2019-02-28,1312.800048828125,-0.003718526618591955,57.220001220703125,0.004917502647476368,2.4
2019-03-01,1296.4000244140625,-0.012492400825778516,55.79999923706055,-0.0248165318655883,2.4
2019-03-04,1284.800048828125,-0.008947836599417225,56.59000015258789,0.014157722694065011,2.4
2019-03-05,1282.0,-0.0021793654434236753,56.560001373291016,-0.0005301074256226501,2.4
2019-03-06,1284.9000244140625,0.0022621095273498426,56.220001220703125,-0.0060113179691053675,2.4
2019-03-07,1283.800048828125,-0.0008560787337824616,56.65999984741211,0.007826371703224977,2.4
2019-03-08,1297.0,0.01028193696045121,56.06999969482422,-0.010412992484588601,2.4
2019-03-11,1288.800048828125,-0.006322244542694699,56.790000915527344,0.012841113333724286,2.4
2019-03-12,1296.300048828125,0.005819366632410894,56.869998931884766,0.0014086637624186604,2.4
2019-03-13,1307.5,0.008639937321609947,58.2599983215332,0.02444169888790193,2.4
2019-03-14,1293.4000244140625,-0.010783920142208414,58.61000061035156,0.006007591810880619,2.4
2019-03-15,1301.800048828125,0.006494529345526967,58.52000045776367,-0.00153557672156035,2.4
2019-03-18,1300.300048828125,-0.0011522506865400128,59.09000015258789,0.009740254449170926,2.4
2019-03-19,1305.0,0.0036145128011881855,59.029998779296875,-0.0010154234749716329,2.4
2019-03-20,1300.5,-0.0034482758620689724,59.83000183105469,0.013552482945982991,2.41
2019-03-21,1306.0999755859375,0.004306017367118331,59.97999954223633,0.0025070651277130374,2.41
2019-03-22,1311.5999755859375,0.004211009955445988,59.040000915527344,-0.01567186785400132,2.41
2019-03-25,1321.9000244140625,0.007853041338708122,58.81999969482422,-0.003726307880955071,2.4
2019-03-26,1314.300048828125,-0.005749281674539808,59.939998626708984,0.019041124408290644,2.4
2019-03-27,1309.9000244140625,-0.003347808149277376,59.40999984741211,-0.008842155346008185,2.41
2019-03-28,1289.800048828125,-0.015344663876106557,59.29999923706055,-0.0018515504230615099,2.41
2019-03-29,1293.0,0.0024809668558956055,60.13999938964844,0.014165264138197742,2.43
2019-04-01,1288.4000244140625,-0.0035575990610499097,61.59000015258789,0.02411042197630997,2.41
2019-04-02,1290.0,0.0012418313843676199,62.58000183105469,0.01607406520561927,2.41
2019-04-03,1289.9000244140625,-7.750045421506258e-05,62.459999084472656,-0.0019175893747335193,2.41
2019-04-04,1289.0,-0.0006977474199765243,62.099998474121094,-0.005763698617169188,2.41
2019-04-05,1290.4000244140625,0.0010861322064099621,63.08000183105469,0.015781052834356935,2.41
2019-04-08,1297.0999755859375,0.005192150530931139,64.4000015258789,0.020925803051806025,2.41
2019-04-09,1303.5,0.004934102640138827,63.97999954223633,-0.006521769777812825,2.41
2019-04-10,1309.0999755859375,0.004296107085490997,64.61000061035156,0.00984684389844892,2.41
2019-04-11,1288.5999755859375,-0.015659613766950464,63.58000183105469,-0.015941785630193217,2.41
2019-04-12,1290.5999755859375,0.0015520720455473036,63.88999938964844,0.004875708550897473,2.41
2019-04-15,1286.800048828125,-0.0029443102663064824,63.400001525878906,-0.007669398473165723,2.41
2019-04-16,1272.5999755859375,-0.011035182393037135,64.05000305175781,0.010252389751340685,2.41
2019-04-17,1272.199951171875,-0.00031433633642674597,63.7599983215332,-0.004527786360763453,2.42
2019-04-18,1271.9000244140625,-0.00023575441701295663,64.0,0.003764141856724912,2.43
2019-04-22,1273.5,0.001257941312387878,65.69999694824219,0.02656245231628418,2.44
2019-04-23,1269.300048828125,-0.0032979593026108978,66.30000305175781,0.00913251341530974,2.44
2019-04-24,1275.5,0.004884543396653118,65.88999938964844,-0.006184067017150796,2.44
2019-04-25,1275.800048828125,0.00023524016317133523,65.20999908447266,-0.010320235414702617,2.44
2019-04-26,1284.9000244140625,0.007132760023246698,63.29999923706055,-0.029289984269711522,2.44
2019-04-29,1278.5999755859375,-0.004903143208358163,63.5,0.003159569752764879,2.45
2019-04-30,1282.800048828125,0.003284900142644487,63.90999984741211,0.006456690510426855,2.45
2019-05-01,1281.4000244140625,-0.0010913816345279326,63.599998474121094,-0.00485059261510179,2.45
2019-05-02,1269.699951171875,-0.009130695348267603,61.810001373291016,-0.028144609178857638,2.41
2019-05-03,1279.199951171875,0.007482082669399093,61.939998626708984,0.0021031750611502087,2.4
2019-05-06,1281.699951171875,0.0019543465411406835,62.25,0.005004865679111292,2.4
2019-05-07,1283.5,0.001404422951314821,61.400001525878906,-0.013654593961784589,2.4
2019-05-08,1279.4000244140625,-0.0031943713174424904,62.119998931884766,0.011726341825942788,2.39
2019-05-09,1283.5,0.0032046080254024556,61.70000076293945,-0.006761078173968538,2.38
2019-05-10,1285.699951171875,0.001714025065738145,61.65999984741211,-0.0006483130475318788,2.38
2019-05-13,1300.0999755859375,0.011200143860110812,61.040000915527344,-0.010055123798557553,2.38
2019-05-14,1294.699951171875,-0.004153545508397416,61.779998779296875,0.012123162723958858,2.38
2019-05-15,1296.300048828125,0.0012358829972933805,62.02000045776367,0.0038847795922460904,2.4
2019-05-16,1285.0,-0.00871715529004291,62.869998931884766,0.013705231664742579,2.39
2019-05-17,1274.5,-0.008171206225680905,62.7599983215332,-0.001749651856535639,2.39
2019-05-20,1276.0999755859375,0.0012553751164672278,63.099998474121094,0.005417465928631682,2.39
2019-05-21,1272.0,-0.003212895278095207,62.9900016784668,-0.001743213919401465,2.39
2019-05-22,1273.5999755859375,0.001257842441774848,61.41999816894531,-0.024924646256331062,2.38
2019-05-23,1284.800048828125,0.008794027525820924,57.90999984741211,-0.05714748333072894,2.38
2019-05-24,1283.0,-0.0014010342152204203,58.630001068115234,0.012433106934903515,2.38
2019-05-28,1276.5,-0.005066250974279041,59.13999938964844,0.00869858966812398,2.39
2019-05-29,1280.5999755859375,0.0032118884339502607,58.810001373291016,-0.0055799462252815735,2.39
2019-05-30,1287.0999755859375,0.005075745840949164,56.59000015258789,-0.03774870207215053,2.39
2019-05-31,1305.800048828125,0.014528842822543409,53.5,-0.05460328934893255,2.4
2019-06-03,1322.699951171875,0.012942182349370057,53.25,-0.004672897196261627,2.38
2019-06-04,1323.4000244140625,0.0005292759265373981,53.47999954223633,0.004319240229790244,2.38
2019-06-05,1328.300048828125,0.0037026026323612182,51.68000030517578,-0.033657428056613536,2.38
2019-06-06,1337.5999755859375,0.007001375002596122,52.59000015258789,0.01760835607659561,2.37
2019-06-07,1341.199951171875,0.0026913693567918173,53.9900016784668,0.026621059551565907,2.37
2019-06-10,1324.699951171875,-0.012302416194977517,53.2599983215332,-0.013521084168159003,2.37
2019-06-11,1326.4000244140625,0.0012833647654955094,53.27000045776367,0.00018779828287041056,2.37
2019-06-12,1331.9000244140625,0.0041465620467171505,51.13999938964844,-0.039985001873691584,2.37
2019-06-13,1339.199951171875,0.005480836867634897,52.279998779296875,0.022291736473489143,2.37
2019-06-14,1340.0999755859375,0.0006720612655899405,52.5099983215332,0.00439937925796996,2.36
2019-06-17,1338.699951171875,-0.0010447163939767412,51.93000030517578,-0.011045477716566166,2.38
2019-06-18,1346.5999755859375,0.005901265931284261,53.900001525878906,0.037935705933488606,2.37
2019-06-19,1344.5999755859375,-0.0014852220676223604,53.7599983215332,-0.002597461973697368,2.37
2019-06-20,1392.9000244140625,0.0359215005987763,56.650001525878906,0.053757501759224,2.37
2019-06-21,1396.199951171875,0.0023691052480243613,57.43000030517578,0.013768733597307126,2.38
2019-06-24,1414.300048828125,0.012963829171500851,57.900001525878906,0.008183897234992132,2.38
2019-06-25,1414.9000244140625,0.00042422086206861387,57.83000183105469,-0.0012089756991272571,2.38
2019-06-26,1411.5999755859375,-0.002332354775024914,59.380001068115234,0.026802683520376513,2.38
2019-06-27,1408.4000244140625,-0.002266896590549128,59.43000030517578,0.0008420214914308666,2.38
2019-06-28,1409.699951171875,0.0009229812093713985,58.470001220703125,-0.016153442361484416,2.4
2019-07-01,1385.5999755859375,-0.0170958192670031,59.09000015258789,0.010603709918604043,2.39
2019-07-02,1404.5999755859375,0.013712471373251489,56.25,-0.04806228033938342,2.4
2019-07-03,1417.699951171875,0.009326481427904598,57.34000015258789,0.019377780490451357,2.41
2019-07-05,1396.699951171875,-0.014812725346178723,57.5099983215332,0.002964739597016486,2.42
2019-07-08,1397.0,0.0002148269768844635,57.65999984741211,0.0026082686533959176,2.41
2019-07-09,1397.5,0.0003579098067287845,57.83000183105469,0.00294835213479816,2.41
2019-07-10,1410.0999755859375,0.00901608270907861,60.43000030517578,0.04495933584295497,2.41
2019-07-11,1404.300048828125,-0.004113131592249353,60.20000076293945,-0.0038060490000796365,2.4
2019-07-12,1409.9000244140625,0.00398773438098976,60.209999084472656,0.0001660850731974861,2.38
2019-07-15,1411.4000244140625,0.0010639052230836388,59.58000183105469,-0.010463332718774865,2.4
2019-07-16,1409.199951171875,-0.001558787873126799,57.619998931884766,-0.03289699293275816,2.41
2019-07-17,1421.300048828125,0.008586501614755049,56.779998779296875,-0.014578274351946696,2.41
2019-07-18,1426.0999755859375,0.00337713824872532,55.29999923706055,-0.026065508525089376,2.41
2019-07-19,1425.0999755859375,-0.0007012131106650665,55.630001068115234,0.005967483464873746,2.41
2019-07-22,1425.300048828125,0.00014039242552454922,56.220001220703125,0.010605790783025038,2.4
2019-07-23,1420.0999755859375,-0.003648405994557402,56.77000045776367,0.009782981592288076,2.4
2019-07-24,1422.800048828125,0.0019013261661902092,55.880001068115234,-0.015677283467886993,2.4
2019-07-25,1413.9000244140625,-0.006255288240531676,56.02000045776367,0.0025053576766718155,2.4
2019-07-26,1418.5,0.003253395223501654,56.20000076293945,0.003213143586306977,2.4
2019-07-29,1419.5999755859375,0.0007754498314680447,56.869998931884766,0.011921675442167157,2.4
2019-07-30,1429.699951171875,0.007114663116113862,58.04999923706055,0.020749082597822932,2.39
2019-07-31,1426.0999755859375,-0.0025179937811333764,58.58000183105469,0.009130105098360985,2.4
2019-08-01,1420.9000244140625,-0.0036462739365369368,53.95000076293945,-0.07903722982918648,2.14
2019-08-02,1445.5999755859375,0.017383313918979404,55.65999984741211,0.031695997410389865,2.14
2019-08-05,1464.5999755859375,0.013143331710626871,54.689998626708984,-0.01742725877402651,2.13
2019-08-06,1472.4000244140625,0.0053257196218403635,53.630001068115234,-0.019381926955764794,2.13
2019-08-07,1507.300048828125,0.023702814340790912,51.09000015258789,-0.04736156749841003,2.12
2019-08-08,1497.699951171875,-0.006369068762197561,52.540000915527344,0.028381302771752104,2.12
2019-08-09,1496.5999755859375,-0.0007344432274815071,54.5,0.037304892468957185,2.12
2019-08-12,1505.300048828125,0.005813225567360636,54.93000030517578,0.007889913856436337,2.12
2019-08-13,1502.199951171875,-0.0020594549629248116,57.099998474121094,0.039504790768057685,2.12
2019-08-14,1515.9000244140625,0.009120006448875229,55.22999954223633,-0.03274954434074617,2.12
2019-08-15,1519.5999755859375,0.0024407619976820616,54.470001220703125,-0.013760607058343477,2.13
2019-08-16,1512.5,-0.004672266188474938,54.869998931884766,0.007343449645997202,2.13
2019-08-19,1500.4000244140625,-0.007999983858471116,56.209999084472656,0.02442136283347396,2.13
2019-08-20,1504.5999755859375,0.0027992209434382076,56.34000015258789,0.0023127747773108442,2.13
2019-08-21,1504.5999755859375,0.0,55.68000030517578,-0.011714587249282982,2.12
2019-08-22,1497.300048828125,-0.0048517392504739965,55.349998474121094,-0.005926756990768389,2.12
2019-08-23,1526.5999755859375,0.019568507181138672,54.16999816894531,-0.021318885956744693,2.12
2019-08-26,1526.300048828125,-0.00019646715748000698,53.63999938964844,-0.009783991087537358,2.12
2019-08-27,1541.0,0.009631101815898768,54.93000030517578,0.024049234343882064,2.12
2019-08-28,1537.800048828125,-0.002076541967472423,55.779998779296875,0.01547421207716626,2.12
2019-08-29,1526.5,-0.007348191227290024,56.709999084472656,0.016672648360131603,2.12
2019-08-30,1519.0999755859375,-0.004847706789428474,55.099998474121094,-0.028390065885089855,2.13
2019-09-03,1545.9000244140625,0.017642057309485315,53.939998626708984,-0.02105262939266561,2.13
2019-09-04,1550.300048828125,0.002846254184988517,56.2599983215332,0.04301074812551886,2.13
2019-09-05,1515.4000244140625,-0.022511786954043878,56.29999923706055,0.000711001008189438,2.13
2019-09-06,1506.199951171875,-0.006071052589394554,56.52000045776367,0.003907659390487206,2.12
2019-09-09,1502.199951171875,-0.002655689901521985,57.849998474121094,0.02353145798983669,2.13
2019-09-10,1490.300048828125,-0.007921650066934682,57.400001525878906,-0.007778685568047061,2.13
2019-09-11,1494.4000244140625,0.0027511074626627163,55.75,-0.02874567041840581,2.13
2019-09-12,1498.699951171875,0.0028773599354687818,55.09000015258789,-0.011838562285419019,2.13
2019-09-13,1490.9000244140625,-0.005204461874915967,54.849998474121094,-0.0043565379887827715,2.14
2019-09-16,1503.0999755859375,0.008182943840697732,62.900001525878906,0.14676396127077207,2.25
2019-09-17,1505.0999755859375,0.001330583482459513,59.34000015258789,-0.05659779470476367,2.3
2019-09-18,1507.5,0.0015945946800830502,58.11000061035156,-0.020728000321427187,2.25
2019-09-19,1498.4000244140625,-0.006036468050373167,58.130001068115234,0.0003441827147410148,1.9
2019-09-20,1507.300048828125,0.005939685176889142,58.09000015258789,-0.0006881285875166565,1.9
2019-09-23,1523.699951171875,0.010880316998928219,58.63999938964844,0.00946805363428882,1.9
2019-09-24,1532.0999755859375,0.0055129124389627915,57.290000915527344,-0.02302180232217743,1.9
2019-09-25,1504.5999755859375,-0.01794922031082391,56.4900016784668,-0.013964029050027915,1.9
2019-09-26,1507.5,0.001927438828339234,56.40999984741211,-0.0014162122265466426,1.85
2019-09-27,1499.0999755859375,-0.005572155498548947,55.90999984741211,-0.00886367667705179,1.83
2019-09-30,1465.699951171875,-0.022280051336141082,54.06999969482422,-0.0329100368021743,1.9
2019-10-01,1482.0,0.01112099977563119,53.619998931884766,-0.008322559006460062,1.88
2019-10-02,1501.0,0.012820512820512775,52.63999938964844,-0.018276754228981895,1.85
2019-10-03,1507.0999755859375,0.004063941096560608,52.45000076293945,-0.003609396445896418,1.83
2019-10-04,1506.199951171875,-0.0005971895883765121,52.810001373291016,0.006863691231934865,1.82
2019-10-07,1497.699951171875,-0.005643341040734162,52.75,-0.0011361744315606659,1.82
2019-10-08,1497.199951171875,-0.0003338452402357195,52.630001068115234,-0.0022748612679576175,1.82
2019-10-09,1506.0999755859375,0.005944446102269962,52.59000015258789,-0.0007600401808005586,1.82
2019-10-10,1494.800048828125,-0.007502773349037706,53.54999923706055,0.018254403530847174,1.82
2019-10-11,1482.699951171875,-0.00809479345798525,54.70000076293945,0.0214752855698086,1.82
2019-10-14,1491.699951171875,0.006070007618794726,53.59000015258789,-0.020292515445513692,1.82
2019-10-15,1477.5999755859375,-0.009452286684638267,52.810001373291016,-0.014554931462511078,1.9
2019-10-16,1488.0,0.007038457353749195,53.36000061035156,0.010414679469005206,1.9
2019-10-17,1492.300048828125,0.0028898177608367437,53.93000030517578,0.010682153079166978,1.85
2019-10-18,1488.199951171875,-0.0027475021926520737,53.779998779296875,-0.0027814115525697236,1.85
2019-10-21,1482.4000244140625,-0.0038972765408609167,53.310001373291016,-0.008739260257975112,1.85
2019-10-22,1481.699951171875,-0.00047225663158245723,54.15999984741211,0.015944446674633905,1.85
2019-10-23,1489.9000244140625,0.005534233321464299,55.970001220703125,0.033419523234683,1.85
2019-10-24,1498.9000244140625,0.006040673771744887,56.22999954223633,0.004645315630920965,1.85
2019-10-25,1499.5,0.000400277254096304,56.65999984741211,0.007647168925420278,1.83
2019-10-28,1490.0,-0.006335445148382801,55.810001373291016,-0.015001738023476485,1.83
2019-10-29,1487.0,-0.00201342281879191,55.540000915527344,-0.004837850763660501,1.82
2019-10-30,1493.199951171875,0.004169435892316775,55.060001373291016,-0.008642411493049451,1.82
2019-10-31,1511.4000244140625,0.012188637715869088,54.18000030517578,-0.01598258347559922,1.58
2019-11-01,1508.0,-0.002249586052098018,56.20000076293945,0.037283138545326056,1.57
2019-11-04,1508.0,0.0,56.540000915527344,0.006049824697014872,1.56
2019-11-05,1480.800048828125,-0.018037102899121304,57.22999954223633,0.012203725071385563,1.56
2019-11-06,1490.199951171875,0.006347853885599886,56.349998474121094,-0.015376569546637575,1.55
2019-11-07,1464.199951171875,-0.01744732307872776,57.150001525878906,0.014197037682711189,1.55
2019-11-08,1461.300048828125,-0.0019805371127277205,57.2400016784668,0.00157480577751401,1.55
2019-11-11,1455.5,-0.0039691019190591925,56.86000061035156,-0.006638732651508383,1.55
2019-11-12,1452.0999755859375,-0.00233598379530231,56.79999923706055,-0.0010552474964288239,1.55
2019-11-13,1461.699951171875,0.006611098235205004,57.119998931884766,0.005633797519761785,1.55
2019-11-14,1471.800048828125,0.006909829646058796,56.77000045776367,-0.006127424381405566,1.55
2019-11-15,1467.300048828125,-0.003057480534521595,57.720001220703125,0.01673420389781821,1.55
2019-11-18,1470.9000244140625,0.0024534692742719244,57.04999923706055,-0.011607795728913795,1.55
2019-11-19,1473.300048828125,0.0016316706602941267,55.209999084472656,-0.03225241327247208,1.55
2019-11-20,1473.300048828125,0.0,57.11000061035156,0.03441408363314502,1.55
2019-11-21,1463.0999755859375,-0.0069232830408855195,58.58000183105469,0.025739821484727532,1.55
2019-11-22,1463.0999755859375,0.0,57.77000045776367,-0.013827267804242593,1.55
2019-11-25,1456.5999755859375,-0.004442621904492183,58.0099983215332,0.0041543683896108075,1.55
2019-11-26,1459.800048828125,0.0021969472029548243,58.40999984741211,0.006895389371704752,1.55
2019-11-27,1453.4000244140625,-0.00438417879160935,58.11000061035156,-0.0051360937826442354,1.55
2019-11-29,1465.5999755859375,0.008394076625114488,55.16999816894531,-0.050593743082537945,1.56
2019-12-02,1462.300048828125,-0.0022515876178922367,55.959999084472656,0.014319393542630676,1.56
2019-12-03,1478.199951171875,0.010873214670608755,56.099998474121094,0.0025017761247119186,1.55
2019-12-04,1474.0,-0.002841260526727396,58.43000030517578,0.04153301059588288,1.55
2019-12-05,1476.9000244140625,0.001967452112661139,58.43000030517578,0.0,1.55
2019-12-06,1459.0999755859375,-0.012052304512072065,59.20000076293945,0.013178169668697892,1.55
2019-12-09,1459.300048828125,0.0001371209961862352,59.02000045776367,-0.003040545656351812,1.55
2019-12-10,1462.5999755859375,0.002261307919822597,59.2400016784668,0.003727570637017674,1.55
2019-12-11,1469.4000244140625,0.004649288213888214,58.7599983215332,-0.008102689792935491,1.55
2019-12-12,1466.699951171875,-0.001837534502059257,59.18000030517578,0.007147753499656906,1.55
2019-12-13,1475.5999755859375,0.006068060755679117,60.06999969482422,0.015038854090215326,1.55
2019-12-16,1475.0,-0.0004065977201573867,60.209999084472656,0.002330604134504366,1.56
2019-12-17,1474.5999755859375,-0.00027120299258476255,60.939998626708984,0.012124224436744546,1.55
2019-12-18,1472.5999755859375,-0.0013563000360183874,60.93000030517578,-0.00016406829272264112,1.55
2019-12-19,1478.199951171875,0.003802781256810217,61.220001220703125,0.004759575153041817,1.55
2019-12-20,1474.699951171875,-0.0023677446323991935,60.439998626708984,-0.012740976452812691,1.55
2019-12-23,1482.5,0.00528924465070113,60.52000045776367,0.0013236570627475075,1.55
2019-12-24,1499.0999755859375,0.011197285386804312,61.11000061035156,0.009748845805109374,1.55
2019-12-26,1509.300048828125,0.00680413141771985,61.68000030517578,0.009327437230096658,1.55
2019-12-27,1513.800048828125,0.0029815145129650222,61.720001220703125,0.0006485232705808475,1.55
2019-12-30,1514.5,0.0004623802016765488,61.68000030517578,-0.0006481029607291466,1.55
2019-12-31,1519.5,0.003301419610432399,61.060001373291016,-0.010051863307671494,1.55
2020-01-02,1524.5,0.0032905561039815456,61.18000030517578,0.0019652625153272485,1.55
2020-01-03,1549.199951171875,0.01620200142464734,63.04999923706055,0.030565526684486866,1.55
2020-01-06,1566.199951171875,0.010973405974574524,63.27000045776367,0.00348931361404059,1.55
2020-01-07,1571.800048828125,0.003575595601353454,62.70000076293945,-0.009009004120439812,1.55
2020-01-08,1557.4000244140625,-0.009161486173001832,59.61000061035156,-0.04928229848466481,1.55
2020-01-09,1551.699951171875,-0.0036599930350791343,59.560001373291016,-0.0008387726312464316,1.55
2020-01-10,1557.5,0.0037378675070167677,59.040000915527344,-0.00873069922387304,1.54
2020-01-13,1548.4000244140625,-0.005842680954052937,58.08000183105469,-0.016260146842582146,1.54
2020-01-14,1542.4000244140625,-0.0038749676475047234,58.22999954223633,0.0025826051386492743,1.54
2020-01-15,1552.0999755859375,0.0062888686581550335,57.810001373291016,-0.0072127455306035815,1.54
2020-01-16,1549.0,-0.001997278290509108,58.52000045776367,0.012281596049237953,1.54
2020-01-17,1558.800048828125,0.006326693885167822,58.540000915527344,0.0003417713193305527,1.55
2020-01-21,1556.4000244140625,-0.001539661495306488,58.34000015258789,-0.0034164803520938536,1.55
2020-01-22,1555.300048828125,-0.000706743490544226,56.7400016784668,-0.02742541086623773,1.55
2020-01-23,1564.5999755859375,0.005979506504111276,55.59000015258789,-0.0202679149076469,1.55
2020-01-24,1571.0999755859375,0.004154416529097649,54.189998626708984,-0.025184413060551747,1.55
2020-01-27,1576.800048828125,0.0036280779904294125,53.13999938964844,-0.01937625509632379,1.55
2020-01-28,1569.199951171875,-0.004819950165462217,53.47999954223633,0.0063981963961805555,1.55
2020-01-29,1569.800048828125,0.000382422683483874,53.33000183105469,-0.002804744062557041,1.55
2020-01-30,1583.5,0.008727195022131706,52.13999938964844,-0.022313939631505852,1.6
2020-01-31,1582.9000244140625,-0.00037889206563779254,51.560001373291016,-0.011123859285517623,1.59
2020-02-03,1577.199951171875,-0.003601031748229011,50.11000061035156,-0.02812258968810999,1.59
2020-02-04,1550.4000244140625,-0.01699209205395924,49.61000061035156,-0.009978048172218812,1.59
2020-02-05,1557.800048828125,0.004772977488090024,50.75,0.0229792254711354,1.59
2020-02-06,1565.0999755859375,0.004686048612788207,50.95000076293945,0.003940901732797153,1.59
2020-02-07,1568.5999755859375,0.0022362788669072486,50.31999969482422,-0.012365084566858142,1.58
2020-02-10,1574.699951171875,0.003888802550604975,49.56999969482422,-0.014904610583237776,1.58
2020-02-11,1565.5999755859375,-0.005778863191787997,49.939998626708984,0.00746417054998294,1.58
2020-02-12,1567.4000244140625,0.001149750163640162,51.16999816894531,0.02462954697757036,1.58
2020-02-13,1575.0999755859375,0.004912562876061788,51.41999816894531,0.004885675375140508,1.58
2020-02-14,1582.699951171875,0.004825075045227001,52.04999923706055,0.012252063215663744,1.58
2020-02-18,1600.0,0.0109307192530812,52.04999923706055,0.0,1.59
2020-02-19,1607.5,0.004687499999999956,53.290000915527344,0.023823279474399994,1.59
2020-02-20,1616.5999755859375,0.0056609490425738596,53.779998779296875,0.009194930669005785,1.59
2020-02-21,1644.5999755859375,0.017320302129691267,53.380001068115234,-0.007437666795478304,1.58
2020-02-24,1672.4000244140625,0.01690383633759951,51.43000030517578,-0.036530549342836616,1.58
2020-02-25,1646.9000244140625,-0.015247548210802098,49.900001525878906,-0.029749149722305135,1.58
2020-02-26,1640.0,-0.004189704482223999,48.72999954223633,-0.023446932822953848,1.58
2020-02-27,1640.0,0.0,47.09000015258789,-0.03365482054287694,1.58
2020-02-28,1564.0999755859375,-0.046280502691501524,44.7599983215332,-0.04947975840952801,1.58
2020-03-02,1592.300048828125,0.01802958486181372,46.75,0.0444593778617155,1.59
2020-03-03,1642.0999755859375,0.03127546645147916,47.18000030517578,0.009197867490390976,1.59
2020-03-04,1641.0999755859375,-0.0006089763198755538,46.779998779296875,-0.008478201002364627,1.09
2020-03-05,1666.4000244140625,0.015416518922981348,45.900001525878906,-0.01881139966612022,1.09
2020-03-06,1670.800048828125,0.0026404370796919707,41.279998779296875,-0.10065365126354575,1.09
2020-03-09,1674.5,0.0022144787309947844,31.1299991607666,-0.2458817809757493,1.09
2020-03-10,1659.0999755859375,-0.009196789736675148,34.36000061035156,0.10375848174309499,1.09
2020-03-11,1641.4000244140625,-0.010668405420007354,32.97999954223633,-0.04016301058212102,1.09
2020-03-12,1589.300048828125,-0.031741181193497225,31.5,-0.04487566897449302,1.1
2020-03-13,1515.699951171875,-0.04630975611591981,31.729999542236328,0.0073015727694072385,1.1
2020-03-16,1485.9000244140625,-0.019660835071461547,28.700000762939453,-0.09549318698424791,0.25
2020-03-17,1524.9000244140625,0.026246718728858642,26.950000762939453,-0.060975608135167336,0.25
2020-03-18,1477.300048828125,-0.031215145139910194,20.3700008392334,-0.2441558344129846,0.25
2020-03-19,1478.5999755859375,0.0008799341466505517,25.219999313354492,0.23809515337769716,0.2
2020-03-20,1484.0,0.003652119912907814,22.43000030517578,-0.11062645060031195,0.15
2020-03-23,1567.0,0.055929919137466255,23.360000610351562,0.04146234028187612,0.15
2020-03-24,1660.199951171875,0.059476675923340716,24.010000228881836,0.02782532540869198,0.12
2020-03-25,1632.300048828125,-0.016805145864542737,24.489999771118164,0.019991650881324485,0.1
2020-03-26,1650.0999755859375,0.010904812978834055,22.600000381469727,-0.0771743326791442,0.1
2020-03-27,1623.9000244140625,-0.01587779623023844,21.510000228881836,-0.04823009443316684,0.1
2020-03-30,1622.0,-0.0011700378012791113,20.09000015258789,-0.06601580944603092,0.09
2020-03-31,1583.4000244140625,-0.023797765466052723,20.479999542236328,0.01941261257771565,0.08
2020-04-01,1578.199951171875,-0.0032841184552284686,20.309999465942383,-0.008300785160827329,0.06
2020-04-02,1625.699951171875,0.03009758045216593,25.31999969482422,0.24667653178834636,0.05
2020-04-03,1633.699951171875,0.004920957273962578,28.34000015258789,0.119273321254463,0.05
2020-04-06,1677.0,0.026504284827250757,26.079999923706055,-0.07974594977817817,0.05
2020-04-07,1664.800048828125,-0.007274866530635027,23.6299991607666,-0.0939417473200399,0.05
2020-04-08,1665.4000244140625,0.0003603889766581325,25.09000015258789,0.0617859095926403,0.05
2020-04-09,1736.199951171875,0.04251226475316172,22.760000228881836,-0.09286567993367378,0.05
2020-04-13,1744.800048828125,0.004953402775092375,22.40999984741211,-0.015377872493409939,0.05
2020-04-14,1756.699951171875,0.006820209772313124,20.110000610351562,-0.10263271988938227,0.05
2020-04-15,1727.199951171875,-0.016792850697309403,19.8700008392334,-0.011934349270711797,0.05
2020-04-16,1720.4000244140625,-0.0039369655801569925,19.8700008392334,0.0,0.05
2020-04-17,1689.199951171875,-0.018135359683463026,18.270000457763672,-0.08052341791101081,0.05
2020-04-20,1701.5999755859375,0.007340767684405947,-37.630001068115234,-3.059660652724544,0.05
2020-04-21,1678.199951171875,-0.013751777591560432,10.010000228881836,-1.2660111598392576,0.05
2020-04-22,1728.699951171875,0.030091765861830932,13.779999732971191,0.37662331847024166,0.05
2020-04-23,1733.300048828125,0.002661015668526945,16.5,0.1973875413452082,0.04
2020-04-24,1723.5,-0.005653982895085452,16.940000534057617,0.026666699033794927,0.05
2020-04-27,1711.9000244140625,-0.006730476116006634,12.779999732971191,-0.24557264875658102,0.04
2020-04-28,1710.5,-0.0008178190280367925,12.34000015258789,-0.03442876287768171,0.04
2020-04-29,1703.4000244140625,-0.004150818816683666,15.0600004196167,0.22042141275487603,0.04
2020-04-30,1684.199951171875,-0.011271617334156159,18.84000015258789,0.25099599121175853,0.05
2020-05-01,1694.5,0.006115692392080874,19.780000686645508,0.0498938708303831,0.05
2020-05-04,1706.9000244140625,0.007317807267077203,20.389999389648438,0.030839164905326344,0.05
2020-05-05,1704.4000244140625,-0.0014646434848216705,24.559999465942383,0.204512025557537,0.05
2020-05-06,1684.199951171875,-0.01185172081250807,23.989999771118164,-0.02320845713431885,0.05
2020-05-07,1721.800048828125,0.022325198163132498,23.549999237060547,-0.018340997843082074,0.05
2020-05-08,1709.9000244140625,-0.006911385803573311,24.739999771118164,0.05053080987726388,0.05
2020-05-11,1695.300048828125,-0.008538496624058811,24.139999389648438,-0.024252238763970202,0.05
2020-05-12,1704.4000244140625,0.005367766957965925,25.780000686645508,0.06793708941435694,0.05
2020-05-13,1713.9000244140625,0.005573808885191767,25.290000915527344,-0.0190069727721921,0.05
2020-05-14,1738.0999755859375,0.01411981494086767,27.559999465942383,0.08975873737597717,0.05
2020-05-15,1753.4000244140625,0.00880274382546209,29.43000030517578,0.06785199112736828,0.05
2020-05-18,1731.800048828125,-0.01231890913949063,31.81999969482422,0.0812096284357875,0.05
2020-05-19,1744.199951171875,0.007160123567464316,32.5,0.021370217212365095,0.05
2020-05-20,1750.5999755859375,0.0036693180789062474,33.4900016784668,0.03046159010667071,0.05
2020-05-21,1720.5,-0.017194091172006765,33.91999816894531,0.012839548191333483,0.05
2020-05-22,1734.5999755859375,0.008195277876162477,33.25,-0.01975230557526131,0.05
2020-05-26,1704.800048828125,-0.017179711274783238,34.349998474121094,0.033082660875822345,0.05
2020-05-27,1710.300048828125,0.003226184797320286,32.810001373291016,-0.04483252312195285,0.05
2020-05-28,1713.300048828125,0.0017540781818112805,33.709999084472656,0.027430590475814087,0.05
2020-05-29,1736.9000244140625,0.013774572411924924,35.4900016784668,0.05280340084061397,0.05
2020-06-01,1737.800048828125,0.0005181785948595863,35.439998626708984,-0.0014089334852905866,0.05
2020-06-02,1725.199951171875,-0.007250602659809369,36.810001373291016,0.03865696387328699,0.06
2020-06-03,1697.800048828125,-0.015882160398357326,37.290000915527344,0.013039921877987526,0.06
2020-06-04,1718.9000244140625,0.012427833065796756,37.40999984741211,0.0032179921946529078,0.06
2020-06-05,1676.199951171875,-0.02484151063802742,39.54999923706055,0.05720394007957941,0.07
2020-06-08,1698.300048828125,0.013184642823070858,38.189998626708984,-0.03438686818171077,0.07
2020-06-09,1714.699951171875,0.009656657759072873,38.939998626708984,0.01963864956715322,0.07
2020-06-10,1713.300048828125,-0.0008164124241055726,39.599998474121094,0.01694914922157742,0.08
2020-06-11,1732.0,0.010914580423122988,36.34000015258789,-0.08232319310980873,0.08
2020-06-12,1729.300048828125,-0.0015588632632073107,36.2599983215332,-0.0022014813076161044,0.08
2020-06-15,1720.300048828125,-0.005204417825639296,37.119998931884766,0.02371761307669029,0.09
2020-06-16,1729.5999755859375,0.005405991102626295,38.380001068115234,0.03394402404328112,0.09
2020-06-17,1729.199951171875,-0.00023128146375406278,37.959999084472656,-0.01094325096284332,0.09
2020-06-18,1724.800048828125,-0.00254447285912085,38.84000015258789,0.023182325851930585,0.09
2020-06-19,1745.9000244140625,0.012233287910835555,39.75,0.023429450150284747,0.09
2020-06-22,1756.699951171875,0.006185879263869598,40.459999084472656,0.017861612187991316,0.08
2020-06-23,1772.0999755859375,0.00876645121085673,40.369998931884766,-0.0022244230010975974,0.08
2020-06-24,1765.800048828125,-0.0035550628320105693,38.0099983215332,-0.058459268585404955,0.08
2020-06-25,1762.0999755859375,-0.002095408959039924,38.720001220703125,0.018679372021116247,0.08
2020-06-26,1772.5,0.005902062628770022,38.4900016784668,-0.0059400706349500565,0.08
2020-06-29,1774.800048828125,0.0012976298043019252,39.70000076293945,0.03143671165775985,0.08
2020-06-30,1793.0,0.010254648789249421,39.27000045776367,-0.010831241735823616,0.08
2020-07-01,1773.199951171875,-0.01104297201791693,39.81999969482422,0.014005582649587511,0.08
2020-07-02,1784.0,0.0060907112144839015,40.650001525878906,0.020843843229927828,0.09
2020-07-06,1788.5,0.002522421524663754,40.630001068115234,-0.000492016162679354,0.09
2020-07-07,1804.199951171875,0.008778278541724971,40.619998931884766,-0.00024617612521593557,0.09
2020-07-08,1815.5,0.006263190962168652,40.900001525878906,0.006893220122030863,0.09
2020-07-09,1799.199951171875,-0.008978269803428862,39.619998931884766,-0.03129590577604835,0.09
2020-07-10,1798.199951171875,-0.0005558025940077815,40.54999923706055,0.02347300177303513,0.09
2020-07-13,1811.0,0.007118256687629998,40.099998474121094,-0.01109742962777116,0.09
2020-07-14,1810.5999755859375,-0.00022088592714664124,40.290000915527344,0.0047382156767130645,0.09
2020-07-15,1811.4000244140625,0.00044186945703783564,41.20000076293945,0.022586245389272452,0.1
2020-07-16,1798.699951171875,-0.007011191934976124,40.75,-0.01092234841277584,0.1
2020-07-17,1808.300048828125,0.005337242406658893,40.59000015258789,-0.003926376623610062,0.09
2020-07-20,1815.9000244140625,0.004202828834110051,40.810001373291016,0.005420084254153412,0.1
2020-07-21,1842.4000244140625,0.014593314413633873,41.959999084472656,0.028179310769008703,0.1
2020-07-22,1864.0999755859375,0.011778088842989476,41.900001525878906,-0.0014298751168455581,0.09
2020-07-23,1889.0999755859375,0.0134112978528107,41.06999969482422,-0.01980911219160819,0.09
2020-07-24,1897.300048828125,0.004340730161538575,41.290000915527344,0.005356737821715862,0.09
2020-07-27,1931.0,0.017762056767294032,41.599998474121094,0.007507811860502311,0.1
2020-07-28,1944.699951171875,0.007094744263011377,41.040000915527344,-0.01346148026765237,0.1
2020-07-29,1953.5,0.004525144777641543,41.27000045776367,0.005604277219918519,0.1
2020-07-30,1942.300048828125,-0.005733274211351391,39.91999816894531,-0.032711467745195955,0.1
2020-07-31,1962.800048828125,0.010554496980200723,40.27000045776367,0.008767592807422453,0.1
2020-08-03,1966.0,0.0016302991095733521,41.0099983215332,0.018375908998204737,0.1
2020-08-04,2001.199951171875,0.01790434952791209,41.70000076293945,0.016825224814602135,0.1
2020-08-05,2031.0999755859375,0.014941047943037189,42.189998626708984,0.011750548076848277,0.1
2020-08-06,2051.5,0.010043830761298445,41.95000076293945,-0.005688501341111651,0.1
2020-08-07,2010.0999755859375,-0.02018036773778331,41.220001220703125,-0.01740165742455102,0.1
2020-08-10,2024.4000244140625,0.007114098304466854,41.939998626708984,0.01746718546054371,0.1
2020-08-11,1932.5999755859375,-0.045346792986082574,41.61000061035156,-0.007868336365353779,0.1
2020-08-12,1934.9000244140625,0.0011901318727005616,42.66999816894531,0.025474586470687344,0.1
2020-08-13,1956.699951171875,0.011266694135483313,42.2400016784668,-0.010077255892442571,0.1
2020-08-14,1937.0,-0.010067946881726408,42.0099983215332,-0.005445155014064396,0.1
2020-08-17,1985.0,0.0247805885389778,42.88999938964844,0.020947419739937745,0.1
2020-08-18,1999.4000244140625,0.007254420359729119,42.88999938964844,0.0,0.09
2020-08-19,1958.699951171875,-0.020356143215570333,42.93000030517578,0.0009326396851616625,0.09
2020-08-20,1933.800048828125,-0.012712463860966805,42.58000183105469,-0.008152771293572503,0.09
2020-08-21,1934.5999755859375,0.00041365536126503066,42.34000015258789,-0.005636488213858093,0.09
2020-08-24,1927.699951171875,-0.00356664142517249,42.619998931884766,0.006613102935469906,0.09
2020-08-25,1911.800048828125,-0.008248120945422155,43.349998474121094,0.017128098557745552,0.09
2020-08-26,1940.699951171875,0.015116592533547024,43.38999938964844,0.0009227431818994436,0.09
2020-08-27,1921.5999755859375,-0.00984179732390067,43.040000915527344,-0.008066339687586965,0.08
2020-08-28,1964.5999755859375,0.022377185962904944,42.970001220703125,-0.0016263869269335096,0.09
2020-08-31,1967.5999755859375,0.0015270284217046015,42.61000061035156,-0.008377952062475491,0.09
2020-09-01,1968.199951171875,0.0003049276242030885,42.7599983215332,0.0035202466330217508,0.09
2020-09-02,1934.4000244140625,-0.017173014732414726,41.5099983215332,-0.029232929117551487,0.09
2020-09-03,1927.5999755859375,-0.003515327100031884,41.369998931884766,-0.003372666714269945,0.09
2020-09-04,1923.9000244140625,-0.0019194600636733838,39.77000045776367,-0.038675332739444235,0.09
2020-09-08,1933.0,0.004729962820551936,36.7599983215332,-0.07568524268505195,0.09
2020-09-09,1944.699951171875,0.006052742458290128,38.04999923706055,0.03509251834681648,0.09
2020-09-10,1954.199951171875,0.004885072370303334,37.29999923706055,-0.01971090709693113,0.09
2020-09-11,1937.800048828125,-0.008392131180801399,37.33000183105469,0.0008043591047672827,0.09
2020-09-14,1953.0999755859375,0.00789551366100194,37.2599983215332,-0.0018752613471143542,0.09
2020-09-15,1956.300048828125,0.0016384584927493506,38.279998779296875,0.027375214807086934,0.09
2020-09-16,1960.199951171875,0.0019935093014418204,40.15999984741211,0.049111837201311515,0.09
2020-09-17,1940.0,-0.010305046258060946,40.970001220703125,0.020169356981290187,0.09
2020-09-18,1952.0999755859375,0.006237100817493513,41.11000061035156,0.003417119489312892,0.09
2020-09-21,1901.199951171875,-0.026074496721810836,39.310001373291016,-0.043784947952720366,0.09
2020-09-22,1898.5999755859375,-0.0013675445259373475,39.599998474121094,0.007377183686060995,0.09
2020-09-23,1859.9000244140625,-0.020383414973937142,39.93000030517578,0.008333379893192383,0.09
2020-09-24,1868.300048828125,0.004516384915210114,40.310001373291016,0.00951668082171242,0.09
2020-09-25,1857.699951171875,-0.005673659144257326,40.25,-0.0014884984184290184,0.09
2020-09-28,1872.800048828125,0.00812838351356171,40.599998474121094,0.008695614263878104,0.09
2020-09-29,1894.300048828125,0.01148013639440748,39.290000915527344,-0.03226595093171636,0.09
2020-09-30,1887.5,-0.003589742201786761,40.220001220703125,0.02367015229078917,0.09
2020-10-01,1908.4000244140625,0.011072860616721858,38.720001220703125,-0.03729487703814094,0.09
2020-10-02,1900.199951171875,-0.004296831449006722,37.04999923706055,-0.0431302151599533,0.09
2020-10-05,1912.5,0.006473028704447437,39.220001220703125,0.05856955542044817,0.09
2020-10-06,1901.0999755859375,-0.005960797079248348,40.66999816894531,0.03697085423538371,0.09
2020-10-07,1883.5999755859375,-0.009205197109429464,39.95000076293945,-0.017703403944474116,0.09
2020-10-08,1888.5999755859375,0.0026544914338537673,41.189998626708984,0.031038744432762222,0.09
2020-10-09,1919.5,0.01636133898840897,40.599998474121094,-0.014323869197832795,0.09
2020-10-12,1922.5,0.0015629070070330986,39.43000030517578,-0.028817689973340332,0.09
2020-10-13,1888.5,-0.01768530559167747,40.20000076293945,0.01952828941932827,0.09
2020-10-14,1901.300048828125,0.00677789188674871,41.040000915527344,0.020895525787210767,0.09
2020-10-15,1903.199951171875,0.0009992648687517924,40.959999084472656,-0.001949362311646996,0.09
2020-10-16,1900.800048828125,-0.001260982768664043,40.880001068115234,-0.0019530766148807555,0.09
2020-10-19,1906.4000244140625,0.0029461150263490055,40.83000183105469,-0.001223073281657605,0.09
2020-10-20,1910.4000244140625,0.002098195524955271,41.459999084472656,0.015429763045927691,0.09
2020-10-21,1924.5999755859375,0.007432972670857296,40.029998779296875,-0.03449108385801525,0.09
2020-10-22,1901.0999755859375,-0.012210329573991374,40.63999938964844,0.015238586783746122,0.09
2020-10-23,1902.0,0.0004734229791283351,39.849998474121094,-0.01943899919763703,0.09
2020-10-26,1902.699951171875,0.0003680079768006994,38.560001373291016,-0.032371321210157955,0.09
2020-10-27,1908.800048828125,0.00320602187039154,39.56999969482422,0.02619290159654364,0.09
2020-10-28,1876.199951171875,-0.017078843683110856,37.38999938964844,-0.055092249734359444,0.09
2020-10-29,1865.5999755859375,-0.005649704648652554,36.16999816894531,-0.032629078379736165,0.09
2020-10-30,1877.4000244140625,0.006325069137299355,35.790000915527344,-0.010505868749095648,0.09
2020-11-02,1890.4000244140625,0.0069244699216712835,36.810001373291016,0.02849959294974891,0.09
2020-11-03,1908.5,0.009574680148212389,37.65999984741211,0.023091508894586665,0.09
2020-11-04,1894.5999755859375,-0.007283219499115812,39.150001525878906,0.039564569423894635,0.09
2020-11-05,1945.300048828125,0.02676030502244031,38.790000915527344,-0.009195417530535654,0.09
2020-11-06,1950.300048828125,0.0025702975759509528,37.13999938964844,-0.04253677460519012,0.09
2020-11-09,1853.199951171875,-0.04978726104970077,40.290000915527344,0.08481425895652728,0.09
2020-11-10,1875.4000244140625,0.01197931892246662,41.36000061035156,0.026557450248452463,0.09
2020-11-11,1860.699951171875,-0.007838366775525851,41.45000076293945,0.002176019131038487,0.09
2020-11-12,1872.5999755859375,0.006395455864105282,41.119998931884766,-0.007961443304718707,0.09
2020-11-13,1885.699951171875,0.006995608115309526,40.130001068115234,-0.024075824160634363,0.09
2020-11-16,1887.300048828125,0.0008485430862188448,41.34000015258789,0.03015198236398864,0.09
2020-11-17,1884.5,-0.0014836267449171991,41.43000030517578,0.0021770718978155745,0.09
2020-11-18,1873.5,-0.005837092066861227,41.81999969482422,0.009413453699630203,0.09
2020-11-19,1861.0999755859375,-0.00661864126718037,41.7400016784668,-0.0019129128871639978,0.08
2020-11-20,1872.5999755859375,0.006179141449066616,42.150001525878906,0.00982270797616236,0.08
2020-11-23,1837.800048828125,-0.018583748377398956,43.060001373291016,0.02158955668965734,0.08
2020-11-24,1804.800048828125,-0.0179562515634073,44.90999984741211,0.0429632702071534,0.08
2020-11-25,1805.699951171875,0.0004986160900950498,45.709999084472656,0.01781338765928875,0.08
2020-11-27,1781.9000244140625,-0.013180443817571552,45.529998779296875,-0.0039378759304531386,0.08
2020-11-30,1775.699951171875,-0.0034794731226440723,45.34000015258789,-0.004173042648869529,0.09
2020-12-01,1814.0999755859375,0.02162528888324866,44.54999923706055,-0.017423928382634846,0.09
2020-12-02,1825.699951171875,0.006394341955817895,45.279998779296875,0.016386073058090034,0.09
2020-12-03,1836.800048828125,0.006079913432174289,45.63999938964844,0.007950543729170034,0.09
2020-12-04,1835.9000244140625,-0.0004899958569996032,46.2599983215332,0.013584551712886084,0.09
2020-12-07,1861.800048828125,0.014107535306737917,45.7599983215332,-0.01080847423566067,0.09
2020-12-08,1870.800048828125,0.004834031455560828,45.599998474121094,-0.0034965002902287434,0.09
2020-12-09,1834.5999755859375,-0.019350049335771224,45.52000045776367,-0.0017543425226828058,0.09
2020-12-10,1833.5999755859375,-0.000545077953399975,46.779998779296875,0.027680103446007465,0.09
2020-12-11,1839.800048828125,0.0033813663420267925,46.56999969482422,-0.00448907845131441,0.09
2020-12-14,1828.699951171875,-0.006033317404964933,46.9900016784668,0.009018724208607942,0.09
2020-12-15,1852.300048828125,0.012905396339692787,47.619998931884766,0.013407048966049828,0.09
2020-12-16,1856.0999755859375,0.0020514639408537594,47.81999969482422,0.004199932117292304,0.09
2020-12-17,1887.199951171875,0.01675554980604943,48.36000061035156,0.011292365515966019,0.09
2020-12-18,1885.699951171875,-0.0007948283376483234,49.099998474121094,0.01530185803205164,0.09
2020-12-21,1879.199951171875,-0.0034469958998304406,47.7400016784668,-0.027698509937247873,0.09
2020-12-22,1866.5999755859375,-0.006704968025398328,47.02000045776367,-0.015081717540615047,0.09
2020-12-23,1874.699951171875,0.00433942767163864,48.119998931884766,0.023394267618290998,0.09
2020-12-24,1879.9000244140625,0.0027738162786727916,48.22999954223633,0.0022859645218877844,0.09
2020-12-28,1877.199951171875,-0.0014362855508920358,47.619998931884766,-0.012647742403923634,0.09
2020-12-29,1879.699951171875,0.0013317707569933113,48.0,0.007979863012151256,0.09
2020-12-30,1891.0,0.006011623728074289,48.400001525878906,0.008333365122477288,0.09
2020-12-31,1893.0999755859375,0.0011105106218600724,48.52000045776367,0.0024793166963146263,0.09
2021-01-04,1944.699951171875,0.027256867704499754,47.619998931884766,-0.018549083210795736,0.09
2021-01-05,1952.699951171875,0.004113745153939696,49.93000030517578,0.048509059745994954,0.09
2021-01-06,1906.9000244140625,-0.023454666821867143,50.630001068115234,0.014019642672962185,0.09
2021-01-07,1912.300048828125,0.002831834047367865,50.83000183105469,0.003950242123644809,0.09
2021-01-08,1834.0999755859375,-0.040893202554750374,52.2400016784668,0.027739519902017173,0.09
2021-01-11,1849.5999755859375,0.008451011507727868,52.25,0.0001913920599532215,0.09
2021-01-12,1842.9000244140625,-0.00362237849281577,53.209999084472656,0.018373188219572345,0.09
2021-01-13,1853.5999755859375,0.005806039953402786,52.90999984741211,-0.005638023721524332,0.09
2021-01-14,1850.300048828125,-0.001780279888474512,53.56999969482422,0.01247400962607248,0.09
2021-01-15,1829.300048828125,-0.011349510590620282,52.36000061035156,-0.022587252032214677,0.09
2021-01-19,1839.5,0.0055758765099303,52.97999954223633,0.011841079538914112,0.09
2021-01-20,1865.9000244140625,0.01435173928462219,53.2400016784668,0.0049075526326343155,0.09
2021-01-21,1865.300048828125,-0.0003215475524342981,53.130001068115234,-0.002066127101495785,0.08
2021-01-22,1855.699951171875,-0.005146677427195323,52.27000045776367,-0.01618672300136037,0.08
2021-01-25,1854.9000244140625,-0.00043106470812126485,52.77000045776367,0.009565716388390433,0.08
2021-01-26,1850.699951171875,-0.002264312462616047,52.61000061035156,-0.003032022854352112,0.08
2021-01-27,1844.9000244140625,-0.0031339098237614937,52.849998474121094,0.004561829708899623,0.08
2021-01-28,1837.9000244140625,-0.0037942435402282815,52.34000015258789,-0.00964992121585273,0.07
2021-01-29,1847.300048828125,0.005114546106532281,52.20000076293945,-0.0026748068253782398,0.07
2021-02-01,1860.800048828125,0.0073079627798224855,53.54999923706055,0.025862039356128852,0.08
2021-02-02,1830.5,-0.016283344815692047,54.7599983215332,0.022595688173889794,0.08
2021-02-03,1832.199951171875,0.0009286813285305229,55.689998626708984,0.01698320550915855,0.08
2021-02-04,1788.9000244140625,-0.023632751834819055,56.22999954223633,0.009696551065604853,0.08
2021-02-05,1810.9000244140625,0.012298060092657215,56.849998474121094,0.011026123722783554,0.08
2021-02-08,1831.9000244140625,0.011596443600907724,57.970001220703125,0.019701016299795926,0.07
2021-02-09,1835.300048828125,0.0018560098088049592,58.36000061035156,0.006727607062894991,0.08
2021-02-10,1840.5999755859375,0.002887771272711781,58.68000030517578,0.005483202389950925,0.08
2021-02-11,1824.9000244140625,-0.008529800815017974,58.2400016784668,-0.007498272399807271,0.08
2021-02-12,1821.5999755859375,-0.0018083449964250153,59.470001220703125,0.02111949702589211,0.08
2021-02-16,1797.199951171875,-0.013394831324706202,60.04999923706055,0.00975278299061988,0.08
2021-02-17,1771.0999755859375,-0.014522577506703604,61.13999938964844,0.018151543154644845,0.08
2021-02-18,1773.4000244140625,0.0012986555585965398,60.52000045776367,-0.010140643409782824,0.07
2021-02-19,1775.800048828125,0.0013533463296615533,59.2400016784668,-0.021150012716708022,0.07
2021-02-22,1806.699951171875,0.01740055270532359,61.4900016784668,0.037981092779372005,0.07
2021-02-23,1804.4000244140625,-0.0012729987380144525,61.66999816894531,0.0029272480983124627,0.07
2021-02-24,1796.4000244140625,-0.004433606679094204,63.220001220703125,0.025133826784161206,0.07
2021-02-25,1774.4000244140625,-0.012246715487089666,63.529998779296875,0.004903472834673517,0.07
2021-02-26,1728.0999755859375,-0.026093354480996478,61.5,-0.03195338923819424,0.07
2021-03-01,1722.5,-0.003240539126816877,60.63999938964844,-0.013983749761814046,0.07
2021-03-02,1733.0999755859375,0.006153831980225011,59.75,-0.014676771085198381,0.07
2021-03-03,1715.300048828125,-0.010270571235681092,61.279998779296875,0.02560667413049167,0.07
2021-03-04,1700.199951171875,-0.00880318149968351,63.83000183105469,0.04161232216961652,0.07
2021-03-05,1698.0,-0.0012939367339462882,66.08999633789062,0.035406461569869485,0.07
2021-03-08,1677.699951171875,-0.011955270216799208,65.05000305175781,-0.01573601670085989,0.07
2021-03-09,1716.5999755859375,0.02318652056161219,64.01000213623047,-0.01598771509203245,0.07
2021-03-10,1721.5,0.002854494048556644,64.44000244140625,0.006717704902752919,0.07
2021-03-11,1722.300048828125,0.00046473937155089295,66.0199966430664,0.024518841430783755,0.07
2021-03-12,1719.5,-0.0016257613358544587,65.61000061035156,-0.006210179545016681,0.07
2021-03-15,1728.9000244140625,0.005466719635977002,65.38999938964844,-0.0033531659603187602,0.07
2021-03-16,1730.5999755859375,0.0009832559129330232,64.80000305175781,-0.009022730438869253,0.07
2021-03-17,1726.800048828125,-0.0021957279622206727,64.5999984741211,-0.0030864902502700797,0.07
2021-03-18,1732.199951171875,0.003127115005246095,60.0,-0.07120740840208939,0.07
2021-03-19,1741.4000244140625,0.0053112074249646035,61.41999816894531,0.023666636149088482,0.07
2021-03-22,1737.800048828125,-0.002067288121894273,61.54999923706055,0.002116591859179895,0.07
2021-03-23,1724.699951171875,-0.00753832275760602,57.7599983215332,-0.061575970146321324,0.07
2021-03-24,1732.9000244140625,0.00475449265051342,61.18000030517578,0.05921056237925115,0.07
2021-03-25,1724.9000244140625,-0.004616538685031757,58.560001373291016,-0.042824434763252484,0.07
2021-03-26,1732.199951171875,0.004232086877204555,60.970001220703125,0.041154368013920584,0.07
2021-03-29,1712.0999755859375,-0.011603727140356623,61.560001373291016,0.009676892582832108,0.07
2021-03-30,1683.9000244140625,-0.016470972241106496,60.54999923706055,-0.01640679197042183,0.07
2021-03-31,1713.800048828125,0.017756413077116395,59.15999984741211,-0.022956224726055297,0.06
2021-04-01,1726.5,0.007410404253727965,61.45000076293945,0.0387086024583132,0.07
2021-04-05,1727.0,0.0002896032435564244,58.650001525878906,-0.04556548742549782,0.07
2021-04-06,1741.5,0.008396062536189852,59.33000183105469,0.011594207800246004,0.07
2021-04-07,1740.0999755859375,-0.0008039186988587632,59.77000045776367,0.007416123599016666,0.07
2021-04-08,1756.800048828125,0.009597191814547434,59.599998474121094,-0.0028442694050623274,0.07
2021-04-09,1743.300048828125,-0.007684426015928891,59.31999969482422,-0.004697966215862492,0.07
2021-04-12,1731.199951171875,-0.006940915113484825,59.70000076293945,0.0064059519566785905,0.07
2021-04-13,1746.199951171875,0.008664510410739235,60.18000030517578,0.008040193234541748,0.07
2021-04-14,1734.9000244140625,-0.006471152831168725,63.150001525878906,0.04935196420143062,0.07
2021-04-15,1765.4000244140625,0.017580263744765956,63.459999084472656,0.004908908172657878,0.07
2021-04-16,1779.0,0.007703622633885132,63.130001068115234,-0.005200094880527084,0.07
2021-04-19,1769.4000244140625,-0.005396276327114924,63.380001068115234,0.003960082302711498,0.07
2021-04-20,1777.300048828125,0.004464804060731575,62.439998626708984,-0.014831215297645972,0.07
2021-04-21,1792.300048828125,0.00843976795583301,61.349998474121094,-0.01745676131584084,0.07
2021-04-22,1781.199951171875,-0.0061932139451247314,61.43000030517578,0.0013040233585079886,0.07
2021-04-23,1777.0,-0.0023579335768069143,62.13999938964844,0.011557855786187288,0.07
2021-04-26,1779.199951171875,0.0012380141653769439,61.90999984741211,-0.00370131227060555,0.07
2021-04-27,1778.0,-0.0006744330062985471,62.939998626708984,0.016637034111379068,0.07
2021-04-28,1773.199951171875,-0.0026996900045697103,63.86000061035156,0.014617127481985293,0.07
2021-04-29,1768.0999755859375,-0.0028761424127984325,65.01000213623047,0.01800816653441273,0.06
2021-04-30,1767.300048828125,-0.00045242167799219857,63.58000183105469,-0.02199661987672563,0.05
2021-05-03,1791.4000244140625,0.013636606642951188,64.48999786376953,0.014312614131922974,0.06
2021-05-04,1775.800048828125,-0.008708259112053973,65.69000244140625,0.01860760765059477,0.06
2021-05-05,1784.0999755859375,0.004673908395987247,65.62999725341797,-0.0009134599750061367,0.06
2021-05-06,1815.5,0.017599924244015464,64.70999908447266,-0.014017952269492095,0.06
2021-05-07,1831.0999755859375,0.008592660746867153,64.9000015258789,0.0029362145587148447,0.06
2021-05-10,1837.5,0.0034951802192091375,64.91999816894531,0.0003081146779084776,0.06
2021-05-11,1835.9000244140625,-0.0008707350127551416,65.27999877929688,0.00554529606446863,0.06
2021-05-12,1822.5999755859375,-0.007244429789890039,66.08000183105469,0.012254948938686727,0.06
2021-05-13,1823.800048828125,0.0006584402821587787,63.81999969482422,-0.0342009999032471,0.06
2021-05-14,1837.9000244140625,0.007731097274066512,65.37000274658203,0.024287105283134602,0.06
2021-05-17,1867.5,0.016105324115969877,66.2699966430664,0.013767689439655673,0.06
2021-05-18,1867.800048828125,0.0001606687165327525,65.48999786376953,-0.011770013864614959,0.06
2021-05-19,1881.300048828125,0.007227754388629659,63.36000061035156,-0.032524008595155696,0.06
2021-05-20,1881.800048828125,0.0002657736602469374,62.04999923706055,-0.02067552652575244,0.06
2021-05-21,1876.699951171875,-0.00271022293756773,63.58000183105469,0.024657576354655486,0.06
2021-05-24,1884.5999755859375,0.004209529823416602,66.05000305175781,0.03884871263870715,0.06
2021-05-25,1898.0999755859375,0.007163323875032379,66.06999969482422,0.0003027500702874608,0.06
2021-05-26,1901.300048828125,0.0016859350315305832,66.20999908447266,0.0021189555062068877,0.06
2021-05-27,1895.699951171875,-0.0029454044666445967,66.8499984741211,0.009666204478147034,0.06
2021-05-28,1902.5,0.0035870913136444305,66.31999969482422,-0.007928179377626243,0.05
2021-06-01,1902.9000244140625,0.00021026250410649538,67.72000122070312,0.02110979391316503,0.06
2021-06-02,1907.5,0.0024173501113669005,68.83000183105469,0.016391030572105336,0.06
2021-06-03,1871.199951171875,-0.019030169765727356,68.80999755859375,-0.0002906330368847021,0.06
2021-06-04,1889.800048828125,0.009940197809753748,69.62000274658203,0.011771620647109238,0.06
2021-06-07,1896.800048828125,0.0037040955757943195,69.2300033569336,-0.005601829564242378,0.06
2021-06-08,1892.199951171875,-0.002425188495272401,70.05000305175781,0.01184457106836323,0.06
2021-06-09,1893.199951171875,0.0005284853745930462,69.95999908447266,-0.001284853152949239,0.06
2021-06-10,1894.199951171875,0.0005282062253282316,70.29000091552734,0.004717007366684234,0.06
2021-06-11,1877.4000244140625,-0.00886914116295856,70.91000366210938,0.008820639330011204,0.06
2021-06-14,1864.0,-0.007137543538833557,70.87999725341797,-0.0004231618550520899,0.06
2021-06-15,1854.5,-0.005096566523605128,72.12000274658203,0.017494434836540007,0.06
2021-06-16,1859.5,0.0026961445133459883,72.1500015258789,0.0004159564358627854,0.06
2021-06-17,1773.800048828125,-0.04608763171383434,71.04000091552734,-0.01538462351873171,0.1
2021-06-18,1767.9000244140625,-0.0033262060275397465,71.63999938964844,0.008445924357947998,0.1
2021-06-21,1781.800048828125,0.007862449359187895,73.66000366210938,0.02819659812494102,0.1
2021-06-22,1776.300048828125,-0.0030867661069026164,73.05999755859375,-0.008145615988127686,0.1
2021-06-23,1782.300048828125,0.003377807709884495,73.08000183105469,0.00027380609265548195,0.1
2021-06-24,1775.5999755859375,-0.0037592285578361695,73.30000305175781,0.0030104161903514726,0.1
2021-06-25,1776.5999755859375,0.0005631899153806241,74.05000305175781,0.010231923175643143,0.1
2021-06-28,1779.5999755859375,0.0016886187331002223,72.91000366210938,-0.01539499449921189,0.1
2021-06-29,1762.800048828125,-0.009440282641204889,72.9800033569336,0.0009600835455807477,0.1
2021-06-30,1770.800048828125,0.0045382345010247516,73.47000122070312,0.006714138684990489,0.08
2021-07-01,1775.9000244140625,0.0028800403463464797,75.2300033569336,0.023955384605798935,0.1
2021-07-02,1782.5999755859375,0.0037727074045654785,75.16000366210938,-0.0009304757636671157,0.1
2021-07-06,1793.5,0.006114677753476183,73.37000274658203,-0.023815870520370153,0.1
2021-07-07,1801.5,0.004460551993309192,72.19999694824219,-0.015946650600259793,0.1
2021-07-08,1799.5999755859375,-0.0010546902104149325,72.94000244140625,0.010249383995051264,0.1
2021-07-09,1810.0,0.005779075658564725,74.55999755859375,0.02220996795947272,0.1
2021-07-12,1805.5,-0.0024861878453038555,74.0999984741211,-0.006169515819942961,0.1
2021-07-13,1809.4000244140625,0.002160079985634278,75.25,0.015519589062886974,0.1
2021-07-14,1824.300048828125,0.00823478734001215,73.12999725341797,-0.028172793974512,0.1
2021-07-15,1828.4000244140625,0.0022474239303842403,71.6500015258789,-0.020237874786326326,0.1
2021-07-16,1814.5,-0.007602288464482521,71.80999755859375,0.0022330220419752855,0.1
2021-07-19,1808.699951171875,-0.003196499767497918,66.41999816894531,-0.07505917801000395,0.1
2021-07-20,1810.9000244140625,0.001216383757163264,67.41999816894531,0.015055706527669743,0.1
2021-07-21,1802.9000244140625,-0.004417692800345763,70.30000305175781,0.04271736815530014,0.1
2021-07-22,1805.0,0.0011647765031341795,71.91000366210938,0.022901856905556794,0.1
2021-07-23,1801.4000244140625,-0.0019944463079986097,72.06999969482422,0.002224948193114251,0.1
2021-07-26,1798.699951171875,-0.0014988748782024386,71.91000366210938,-0.002220008788571315,0.1
2021-07-27,1799.5,0.0004447928225070896,71.6500015258789,-0.00361566017229209,0.1
2021-07-28,1799.5,0.0,72.38999938964844,0.010327953217171393,0.1
2021-07-29,1831.199951171875,0.01761597731140596,73.62000274658203,0.016991343656641567,0.1
2021-07-30,1812.5999755859375,-0.010157260857305284,73.94999694824219,0.004482398659995557,0.07
2021-08-02,1818.0999755859375,0.00303431538898824,71.26000213623047,-0.036375861028019485,0.1
2021-08-03,1810.0999755859375,-0.00440019806799774,70.55999755859375,-0.009823246655234374,0.1
2021-08-04,1810.5,0.0002209957568410914,68.1500015258789,-0.034155273754276405,0.1
2021-08-05,1805.0999755859375,-0.0029826149760080467,69.08999633789062,0.01379302701342966,0.1
2021-08-06,1760.0,-0.024984752199831983,68.27999877929688,-0.011723803756369944,0.1
2021-08-09,1723.4000244140625,-0.020795440673828103,66.4800033569336,-0.026361972093488895,0.1
2021-08-10,1728.800048828125,0.0031333551918095726,68.29000091552734,0.027226195354952187,0.1
2021-08-11,1750.4000244140625,0.012494201166051155,69.25,0.014057681528810484,0.1
2021-08-12,1749.0,-0.0007998311211925291,69.08999633789062,-0.0023105221965252776,0.1
2021-08-13,1775.199951171875,0.014979960647155455,68.44000244140625,-0.009407930683705934,0.1
2021-08-16,1786.9000244140625,0.006590848109512271,67.29000091552734,-0.016803060854117646,0.1
2021-08-17,1785.0,-0.001063307621077203,66.58999633789062,-0.010402802319998017,0.1
2021-08-18,1781.5999755859375,-0.0019047755821078871,65.45999908447266,-0.016969474629254244,0.09
2021-08-19,1780.199951171875,-0.0007858242216253197,63.689998626708984,-0.027039420753421917,0.09
2021-08-20,1781.0,0.0004494151500220589,62.31999969482422,-0.02151042489283783,0.09
2021-08-23,1803.199951171875,0.012464879939289686,65.63999938964844,0.053273422835076634,0.09
2021-08-24,1805.5999755859375,0.0013309807448158573,67.54000091552734,0.028945788292900954,0.09
2021-08-25,1788.199951171875,-0.009636699517796554,68.36000061035156,0.012140948826012021,0.09
2021-08-26,1792.199951171875,0.002236886315413855,67.41999816894531,-0.013750767013069765,0.09
2021-08-27,1816.5999755859375,0.013614565940651913,68.73999786376953,0.01957875601711656,0.08
2021-08-30,1809.0,-0.004183626383395755,69.20999908447266,0.006837376131936912,0.08
2021-08-31,1815.0,0.0033167495854062867,68.5,-0.010258620052950529,0.06
2021-09-01,1813.0999755859375,-0.0010468454071970168,68.58999633789062,0.001313815151688047,0.08
2021-09-02,1808.699951171875,-0.002426796356136185,69.98999786376953,0.020411161986103155,0.08
2021-09-03,1830.9000244140625,0.012274049782443841,69.29000091552734,-0.010001385478031866,0.08
2021-09-07,1795.9000244140625,-0.0191162813552318,68.3499984741211,-0.013566206220032018,0.08
2021-09-08,1790.699951171875,-0.0028955249019967377,69.30000305175781,0.013899116296197223,0.08
2021-09-09,1797.4000244140625,0.0037415945858505495,68.13999938964844,-0.01673886884597986,0.08
2021-09-10,1789.5999755859375,-0.0043396287538539635,69.72000122070312,0.02318758211340266,0.08
2021-09-13,1792.0,0.0013410954664752062,70.44999694824219,0.010470391777937849,0.08
2021-09-14,1804.699951171875,0.007087026323590928,70.45999908447266,0.00014197497038659357,0.08
2021-09-15,1792.4000244140625,-0.006815496808666444,72.61000061035156,0.030513788728570912,0.08
2021-09-16,1754.5999755859375,-0.021089069578919428,72.61000061035156,0.0,0.08
2021-09-17,1749.4000244140625,-0.0029636106487113123,71.97000122070312,-0.008814204438351125,0.08
2021-09-20,1761.800048828125,0.0070881583634456735,70.29000091552734,-0.023343063452561208,0.08
2021-09-21,1776.0,0.00805991076076995,70.55999755859375,0.0038411813849723586,0.08
2021-09-22,1776.699951171875,0.000394116650830556,72.2300033569336,0.023667883448451832,0.08
2021-09-23,1747.699951171875,-0.01632239590082285,73.30000305175781,0.01481378437069547,0.08
2021-09-24,1749.699951171875,0.0011443611923540598,73.9800033569336,0.009276947842630001,0.08
2021-09-27,1750.0,0.00017148587557769268,75.44999694824219,0.019870147669719174,0.08
2021-09-28,1735.800048828125,-0.00811425781249997,75.29000091552734,-0.0021205571794071787,0.08
2021-09-29,1721.5,-0.008238304197409896,74.83000183105469,-0.006109696890411187,0.08
2021-09-30,1755.300048828125,0.019634068445033348,75.02999877929688,0.002672683995033509,0.06
2021-10-01,1757.0,0.0009684675694106026,75.87999725341797,0.01132878166000495,0.08
2021-10-04,1766.199951171875,0.0052361702742600436,77.62000274658203,0.022931016817949068,0.08
2021-10-05,1759.5999755859375,-0.003736822425772557,78.93000030517578,0.01687706148208612,0.08
2021-10-06,1760.5,0.0005114937636678807,77.43000030517578,-0.01900418084632438,0.08
2021-10-07,1757.9000244140625,-0.0014768392990273105,78.30000305175781,0.011235990483702496,0.08
2021-10-08,1756.300048828125,-0.0009101630147998474,79.3499984741211,0.013409902700376897,0.08
2021-10-11,1754.5999755859375,-0.0009679856487631033,80.5199966430664,0.014744778720152008,0.08
2021-10-12,1758.300048828125,0.002108784505683081,80.63999938964844,0.0014903471384131173,0.08
2021-10-13,1793.699951171875,0.020133026992374514,80.44000244140625,-0.0024801209047115025,0.08
2021-10-14,1796.699951171875,0.0016725205339054305,81.30999755859375,0.01081545363976355,0.08
2021-10-15,1767.199951171875,-0.0164189908174478,82.27999877929688,0.01192966732048073,0.08
2021-10-18,1764.800048828125,-0.0013580253565299572,82.44000244140625,0.0019446240214291421,0.08
2021-10-19,1769.699951171875,0.002776463173266297,82.95999908447266,0.006307576754816191,0.08
2021-10-20,1784.0999755859375,0.00813698638830096,83.87000274658203,0.010969186019189614,0.08
2021-10-21,1781.199951171875,-0.0016254831308486484,82.5,-0.016334836076273618,0.08
2021-10-22,1795.5,0.008028323164233742,83.76000213623047,0.015272753166429842,0.08
2021-10-25,1806.0,0.005847953216374213,83.76000213623047,0.0,0.08
2021-10-26,1792.699951171875,-0.007364368121885345,84.6500015258789,0.010625589385741652,0.08
2021-10-27,1797.9000244140625,0.0029006935816493495,82.66000366210938,-0.023508539018291197,0.08
2021-10-28,1801.5999755859375,0.002057929318445284,82.80999755859375,0.001814588553582741,0.08
2021-10-29,1783.0,-0.01032414289408956,83.56999969482422,0.009177661618607225,0.07
2021-11-01,1795.0999755859375,0.0067863015064146825,84.05000305175781,0.005743728116386793,0.08
2021-11-02,1788.699951171875,-0.0035652746371263033,83.91000366210938,-0.0016656678710912365,0.08
2021-11-03,1763.5999755859375,-0.014032524331145213,80.86000061035156,-0.036348503380355335,0.08
2021-11-04,1793.0,0.0166704608874213,78.80999755859375,-0.025352498593666506,0.08
2021-11-05,1816.4000244140625,0.013050766544373982,81.2699966430664,0.031214302254529258,0.08
2021-11-08,1827.4000244140625,0.006055934734722435,81.93000030517578,0.008121123284993814,0.08
2021-11-09,1830.199951171875,0.001532191485392076,84.1500015258789,0.02709631651939448,0.08
2021-11-10,1847.5999755859375,0.009507171280887183,81.33999633789062,-0.03339281208597611,0.08
2021-11-11,1863.199951171875,0.008443372911925984,81.58999633789062,0.00307351870242889,0.08
2021-11-12,1867.9000244140625,0.002522581239459143,80.79000091552734,-0.009805067511588605,0.08
2021-11-15,1866.0999755859375,-0.0009636751456704173,80.87999725341797,0.0011139539159645828,0.08
2021-11-16,1853.5999755859375,-0.006698462120752757,80.76000213623047,-0.0014836192045299956,0.08
2021-11-17,1869.699951171875,0.008685787547471291,78.36000061035156,-0.02971770012871533,0.08
2021-11-18,1861.0,-0.004653126918264139,79.01000213623047,0.00829506790219492,0.08
2021-11-19,1851.199951171875,-0.005266012266590514,76.0999984741211,-0.03683082626794387,0.08
2021-11-22,1806.0,-0.024416568908864678,76.75,0.008541413126308406,0.08
2021-11-23,1783.5,-0.012458471760797396,78.5,0.0228013029315961,0.08
2021-11-24,1784.0999755859375,0.0003364034684258943,78.38999938964844,-0.001401281660529441,0.08
2021-11-26,1785.300048828125,0.000672649099607403,68.1500015258789,-0.1306288805140844,0.08
2021-11-29,1782.300048828125,-0.0016803898044864818,69.94999694824219,0.026412257990629184,0.08
2021-11-30,1773.5999755859375,-0.004881374069370614,66.18000030517578,-0.05389559410354117,0.07
2021-12-01,1781.5999755859375,0.004510599971877527,65.56999969482422,-0.009217295369275735,0.08
2021-12-02,1760.699951171875,-0.011731042153381721,66.5,0.014183320260853893,0.08
2021-12-03,1782.0,0.01209748930472121,66.26000213623047,-0.003608990432624526,0.08
2021-12-06,1777.5,-0.002525252525252486,69.48999786376953,0.04874729283736201,0.08
2021-12-07,1782.5999755859375,0.002869184577179995,72.05000305175781,0.03683990886007793,0.08
2021-12-08,1783.4000244140625,0.00044881007465624734,72.36000061035156,0.004302533594218838,0.08
2021-12-09,1774.5999755859375,-0.004934422287571905,70.94000244140625,-0.019624076243335065,0.08
2021-12-10,1782.9000244140625,0.004677137914072427,71.66999816894531,0.010290325661350463,0.08
2021-12-13,1786.300048828125,0.0019070191079164633,71.29000091552734,-0.005302040785911788,0.08
2021-12-14,1770.4000244140625,-0.008901093869696508,70.7300033569336,-0.007855204816974215,0.08
2021-12-15,1762.5999755859375,-0.004405811523136682,70.87000274658203,0.0019793493991784317,0.08
2021-12-16,1796.5999755859375,0.01928968595877656,72.37999725341797,0.021306539414643444,0.08
2021-12-17,1803.800048828125,0.004007610675737183,70.86000061035156,-0.021000230737016623,0.08
2021-12-20,1793.699951171875,-0.005599344374567328,68.2300033569336,-0.03711539981321654,0.08
2021-12-21,1787.9000244140625,-0.0032334988658628827,71.12000274658203,0.04235672354477105,0.08
2021-12-22,1801.5999755859375,0.007662593536998719,72.76000213623047,0.023059608075271854,0.08
2021-12-23,1811.199951171875,0.005328583323728875,73.79000091552734,0.014156112548875166,0.08
2021-12-27,1808.0999755859375,-0.0017115590048087936,75.56999969482422,0.02412249298295266,0.08
2021-12-28,1810.199951171875,0.0011614266989063982,75.9800033569336,0.005425481854771652,0.08
2021-12-29,1805.0999755859375,-0.0028173548356554834,76.55999755859375,0.00763351113496924,0.08
2021-12-30,1812.699951171875,0.004210279590453503,76.98999786376953,0.0056165140920581,0.08
2021-12-31,1827.5,0.008164643474810607,75.20999908447266,-0.023119870485598715,0.07
2022-01-03,1799.4000244140625,-0.015376183631156004,76.08000183105469,0.011567647349721266,0.08
2022-01-04,1814.0,0.008113802038371976,76.98999786376953,0.011961041151597351,0.08
2022-01-05,1824.5999755859375,0.0058434264531077584,77.8499984741211,0.011170290092400004,0.08
2022-01-06,1788.699951171875,-0.01967555896877282,79.45999908447266,0.020680804648785633,0.08
2022-01-07,1797.0,0.004640268940963033,78.9000015258789,-0.007047540461187607,0.08
2022-01-10,1798.4000244140625,0.0007790898241861743,78.2300033569336,-0.008491738352191969,0.08
2022-01-11,1818.5999755859375,0.011232179102341977,81.22000122070312,0.038220602524166036,0.08
2022-01-12,1827.199951171875,0.004728898988996644,82.63999938964844,0.017483355671057854,0.08
2022-01-13,1821.199951171875,-0.003283712872338862,82.12000274658203,-0.006292311797034489,0.08
2022-01-14,1816.5,-0.0025806892696492723,83.81999969482422,0.02070137471242295,0.08
2022-01-18,1812.300048828125,-0.0023121118479906277,85.43000030517578,0.01920783364606682,0.08
2022-01-19,1843.0999755859375,0.01699493788444606,86.95999908447266,0.017909385155464808,0.08
2022-01-20,1842.5,-0.0003255252530437458,86.9000015258789,-0.0006899443333189259,0.08
2022-01-21,1831.800048828125,-0.005807300500339174,85.13999938964844,-0.02025318878396498,0.08
2022-01-24,1841.699951171875,0.005404466688426757,83.30999755859375,-0.0214940315265868,0.08
2022-01-25,1852.699951171875,0.005972742733147518,85.5999984741211,0.027487708349970053,0.08
2022-01-26,1829.9000244140625,-0.012306324477091457,87.3499984741211,0.020443925598071955,0.08
2022-01-27,1793.300048828125,-0.020001079347303108,86.61000061035156,-0.00847164140465062,0.08
2022-01-28,1784.9000244140625,-0.004684115421483281,86.81999969482422,0.0024246516914070426,0.08
2022-01-31,1795.0,0.005658566557111833,88.1500015258789,0.015319072054016392,0.08
2022-02-01,1800.300048828125,0.0029526734418523493,88.19999694824219,0.0005671630345758238,0.08
2022-02-02,1809.199951171875,0.004943566129181232,88.26000213623047,0.0006803309531120405,0.08
2022-02-03,1803.0,-0.0034269021330998184,90.2699966430664,0.022773560595811926,0.08
2022-02-04,1806.5999755859375,0.001996658672178242,92.30999755859375,0.02259888103899721,0.08
2022-02-07,1820.5999755859375,0.007749363549869104,91.31999969482422,-0.010724709023430812,0.08
2022-02-08,1826.5999755859375,0.003295616873810525,89.36000061035156,-0.021462977343655654,0.08
2022-02-09,1835.199951171875,0.004708187726313096,89.66000366210938,0.0033572409322819574,0.08
2022-02-10,1836.199951171875,0.0005448997529460264,89.87999725341797,0.002453642452856286,0.08
2022-02-11,1840.800048828125,0.0025052269788561343,93.0999984741211,0.035825559847585176,0.08
2022-02-14,1868.0,0.014776157350273156,95.45999908447266,0.025349093974556425,0.08
2022-02-15,1854.800048828125,-0.007066355017063652,92.06999969482422,-0.035512250389282185,0.08
2022-02-16,1870.199951171875,0.008302729101975048,93.66000366210938,0.017269512029492784,0.08
2022-02-17,1900.699951171875,0.016308416637958123,91.76000213623047,-0.020286156860866766,0.08
2022-02-18,1898.5999755859375,-0.001104843289253865,91.06999969482422,-0.0075196428219546085,0.08
2022-02-22,1906.0999755859375,0.003950279203856821,92.3499984741211,0.014055109076382521,0.08
2022-02-23,1909.199951171875,0.0016263446963136197,92.0999984741211,-0.0027070926272950713,0.08
2022-02-24,1925.0999755859375,0.008328108537978496,92.80999755859375,0.007709002130680265,0.08
2022-02-25,1886.5,-0.020050894018732168,91.58999633789062,-0.01314514872099748,0.08
2022-02-28,1899.4000244140625,0.006838072840743337,95.72000122070312,0.045092314094830055,0.08
2022-03-01,1942.4000244140625,0.022638727728386154,103.41000366210938,0.08033851173565365,0.08
2022-03-02,1920.9000244140625,-0.011068780750497331,110.5999984741211,0.06952900645381388,0.08
2022-03-03,1934.4000244140625,0.007027955556467846,107.66999816894531,-0.02649186569257833,0.08
2022-03-04,1965.0999755859375,0.015870528734703848,115.68000030517578,0.07439400271616936,0.08
2022-03-07,1993.9000244140625,0.014655767740029413,119.4000015258789,0.0321576868161253,0.08
2022-03-08,2040.0999755859375,0.02317064577269945,123.69999694824219,0.03601336153610757,0.08
2022-03-09,1985.9000244140625,-0.026567301514872188,108.69999694824219,-0.12126111859385258,0.08
2022-03-10,1998.0999755859375,0.0061432856749545905,106.0199966430664,-0.024655017299143767,0.08
2022-03-11,1982.699951171875,-0.007707334268670207,109.33000183105469,0.03122057435194936,0.08
2022-03-14,1959.5999755859375,-0.011650767213810753,103.01000213623047,-0.05780663668688468,0.08
2022-03-15,1928.5,-0.01587057357287336,96.44000244140625,-0.06378021122779332,0.08
2022-03-16,1908.0,-0.010630023334197602,95.04000091552734,-0.014516813463681721,0.08
2022-03-17,1942.0999755859375,0.01787210460478894,102.9800033569336,0.08354379592718453,0.33
2022-03-18,1928.199951171875,-0.007157213628957937,104.69999694824219,0.01670220950903456,0.33
2022-03-21,1928.5999755859375,0.0002074600270678406,112.12000274658203,0.07086920739842895,0.33
2022-03-22,1920.699951171875,-0.00409624832213451,111.76000213623047,-0.0032108508877336517,0.33
2022-03-23,1936.5999755859375,0.00827824481609496,114.93000030517578,0.028364335257270445,0.33
2022-03-24,1961.5999755859375,0.012909222511187979,112.33999633789062,-0.022535490824048265,0.33
2022-03-25,1953.800048828125,-0.003976308551636554,113.9000015258789,0.01388646287023354,0.33
2022-03-28,1939.5999755859375,-0.00726792552324107,105.95999908447266,-0.06971029266933082,0.33
2022-03-29,1912.0,-0.014229725682276206,104.23999786376953,-0.01623255224202025,0.33
2022-03-30,1933.5,0.01124476987447709,107.81999969482422,0.034343840218928,0.33
2022-03-31,1949.199951171875,0.008119964402314439,100.27999877929688,-0.06993137578249586,0.33
2022-04-01,1919.0999755859375,-0.015442220572518095,99.2699966430664,-0.010071820388164898,0.33
2022-04-04,1929.199951171875,0.0052628709887059255,103.27999877929688,0.04039490552869429,0.33
2022-04-05,1922.9000244140625,-0.003265564439800861,101.95999908447266,-0.012780787281426842,0.33
2022-04-06,1918.4000244140625,-0.0023402152700950918,96.2300033569336,-0.05619846782061888,0.33
2022-04-07,1933.800048828125,0.008027535559882004,96.02999877929688,-0.0020784014409193086,0.33
2022-04-08,1941.5999755859375,0.004033471176370762,98.26000213623047,0.023221945072172234,0.33
2022-04-11,1944.300048828125,0.0013906434261119482,94.29000091552734,-0.04040302396084827,0.33
2022-04-12,1972.0999755859375,0.014298166980229343,100.5999984741211,0.06692117400917996,0.33
2022-04-13,1981.0,0.00451296816806579,104.25,0.03628232188112657,0.33
2022-04-14,1970.9000244140625,-0.005098422809660552,106.94999694824219,0.02589925130208326,0.33
2022-04-18,1982.9000244140625,0.006088588894085367,108.20999908447266,0.011781226481383023,0.33
2022-04-19,1955.699951171875,-0.01371731953567601,102.55999755859375,-0.05221330351798925,0.33
2022-04-20,1952.300048828125,-0.001738458060354664,102.75,0.0018525979517276525,0.33
2022-04-21,1944.9000244140625,-0.0037904134758919295,103.79000091552734,0.01012166341145826,0.33
2022-04-22,1931.0,-0.007146909475848284,102.06999969482422,-0.016571935692562545,0.33
2022-04-25,1893.199951171875,-0.019575374846258375,98.54000091552734,-0.03458409708877341,0.33
2022-04-26,1901.4000244140625,0.0043313297346705415,101.69999694824219,0.03206815509798622,0.33
2022-04-27,1885.9000244140625,-0.00815188797779498,102.0199966430664,0.00314650643487302,0.33
2022-04-28,1888.699951171875,0.0014846634082219534,105.36000061035156,0.03273871865503697,0.33
2022-04-29,1909.300048828125,0.010907025037761198,104.69000244140625,-0.006359132166514847,0.33
2022-05-02,1861.800048828125,-0.024878226986457253,105.16999816894531,0.004584924217646336,0.33
2022-05-03,1868.800048828125,0.00375980224321415,102.41000366210938,-0.026243173479971738,0.33
2022-05-04,1867.0,-0.0009632110344034439,107.80999755859375,0.052729164177174104,0.33
2022-05-05,1874.0,0.003749330476700674,108.26000213623047,0.004174052386858973,0.83
2022-05-06,1881.199951171875,0.003842023037286646,109.7699966430664,0.013947852180307585,0.83
2022-05-09,1857.0999755859375,-0.012810959074778139,103.08999633789062,-0.060854518624946285,0.83
2022-05-10,1839.9000244140625,-0.009261726023365169,99.76000213623047,-0.03230181705260393,0.83
2022-05-11,1852.5999755859375,0.006902522421520896,105.70999908447266,0.05964311167633074,0.83
2022-05-12,1823.800048828125,-0.015545680199366085,106.12999725341797,0.003973116758895223,0.83
2022-05-13,1807.4000244140625,-0.008992227204183023,110.48999786376953,0.04108169907835513,0.83
2022-05-16,1813.5,0.0033750002785990496,114.19999694824219,0.03357769170243774,0.83
2022-05-17,1818.199951171875,0.0025916466346154188,112.4000015258789,-0.015761781702840816,0.83
2022-05-18,1815.9000244140625,-0.001264947101296654,109.58999633789062,-0.02500004581709292,0.83
2022-05-19,1841.199951171875,0.013932444747874362,112.20999908447266,0.023907316672444834,0.83
2022-05-20,1841.800048828125,0.00032592747782111964,113.2300033569336,0.009090137071412485,0.83
2022-05-23,1847.800048828125,0.003257682615340096,110.29000091552734,-0.02596487109638701,0.83
2022-05-24,1865.0999755859375,0.009362445232526273,109.7699966430664,-0.004714881386747027,0.83
2022-05-25,1846.199951171875,-0.010133518128498609,110.33000183105469,0.005101623440959102,0.83
2022-05-26,1847.4000244140625,0.0006500234394577475,114.08999633789062,0.0340795290894087,0.83
2022-05-27,1851.300048828125,0.0021110882118231533,115.06999969482422,0.008589739577440358,0.83
2022-05-31,1842.699951171875,-0.004645436952099624,114.66999816894531,-0.0034761582249043244,0.83
2022-06-01,1843.300048828125,0.00032566216538310044,115.26000213623047,0.0051452339470337005,0.83
2022-06-02,1866.5,0.012586095891780724,116.87000274658203,0.013968424262639223,0.83
2022-06-03,1845.4000244140625,-0.011304567686009959,118.87000274658203,0.017113031171366977,0.83
2022-06-06,1839.199951171875,-0.0033597448575715116,118.5,-0.003112667098787214,0.83
2022-06-07,1847.5,0.004512858334319025,119.41000366210938,0.007679355798391407,0.83
2022-06-08,1851.9000244140625,0.002381609967016196,122.11000061035156,0.022611145343251815,0.83
2022-06-09,1848.800048828125,-0.0016739432718125835,121.51000213623047,-0.004913589969061327,0.83
2022-06-10,1871.5,0.012278207795517693,120.66999816894531,-0.006913043803121521,0.83
2022-06-13,1828.0,-0.023243387656959658,120.93000030517578,0.002154654348021534,0.83
2022-06-14,1809.5,-0.010120350109409149,118.93000030517578,-0.01653849330152035,0.83
2022-06-15,1815.300048828125,0.0032053323172838155,115.30999755859375,-0.03043809583194368,0.83
2022-06-16,1845.699951171875,0.01674648902443132,117.58999633789062,0.01977277623424034,1.58
2022-06-17,1835.5999755859375,-0.005472165494464498,109.55999755859375,-0.06828811148376057,1.58
2022-06-21,1834.5999755859375,-0.0005447810052845448,110.6500015258789,0.009948922887682787,1.58
2022-06-22,1834.300048828125,-0.00016348346331829244,106.19000244140625,-0.040307266362120675,1.58
2022-06-23,1825.699951171875,-0.004688490120111077,104.2699966430664,-0.018080852756353072,1.58
2022-06-24,1826.5,0.0004382148488373261,107.62000274658203,0.0321281884661726,1.58
2022-06-27,1820.9000244140625,-0.0030659598061524296,109.56999969482422,0.018119279859469373,1.58
2022-06-28,1817.5,-0.0018672219059124862,111.76000213623047,0.019987245117330188,1.58
2022-06-29,1813.699951171875,-0.0020908109095598704,109.77999877929688,-0.01771656513141484,1.58
2022-06-30,1804.0999755859375,-0.00529303404332937,105.76000213623047,-0.036618661757760296,1.58
2022-07-01,1798.9000244140625,-0.0028822965701699177,108.43000030517578,0.025245821813676406,1.58
2022-07-05,1761.800048828125,-0.020623700640629905,99.5,-0.08235728377794271,1.58
2022-07-06,1734.9000244140625,-0.015268488857152263,98.52999877929688,-0.009748755986966118,1.58
2022-07-07,1737.9000244140625,0.0017292062699769684,102.7300033569336,0.042626658171838194,1.58
2022-07-08,1740.5999755859375,0.00155357105353926,104.79000091552734,0.02005254055561867,1.58
2022-07-11,1730.0,-0.006089840132491808,104.08999633789062,-0.0066800703456525445,1.58
2022-07-12,1723.300048828125,-0.0038728041455924345,95.83999633789062,-0.07925833692240081,1.58
2022-07-13,1734.199951171875,0.006325017138577804,96.30000305175781,0.004799736346456029,1.58
2022-07-14,1704.5,-0.017126024684642305,95.77999877929688,-0.005399836510715961,1.58
2022-07-15,1702.4000244140625,-0.0012320185309108167,97.58999633789062,0.018897448127604077,1.58
2022-07-18,1709.199951171875,0.0039943178220718245,102.5999984741211,0.05133725099121933,1.58
2022-07-19,1710.0,0.00046808381171348223,104.22000122070312,0.01578950068883911,1.58
2022-07-20,1699.5,-0.0061403508771930015,102.26000213623047,-0.018806362133138244,1.58
2022-07-21,1712.699951171875,0.007766961560385477,96.3499984741211,-0.05779389339573926,1.58
2022-07-22,1727.0999755859375,0.008407791688327837,94.69999694824219,-0.017125080975710527,1.58
2022-07-25,1719.0,-0.004689928608903826,96.69999694824219,0.02111932486220769,1.58
2022-07-26,1717.699951171875,-0.0007562820407940318,94.9800033569336,-0.017786904297724115,1.58
2022-07-27,1719.0999755859375,0.0008150576083485461,97.26000213623047,0.024005039994878352,1.58
2022-07-28,1750.300048828125,0.01814907433266244,96.41999816894531,-0.008636684647699067,2.33
2022-07-29,1762.9000244140625,0.007198751776515966,98.62000274658203,0.022816890887945362,2.32
2022-08-01,1769.0,0.00346019371572992,93.88999938964844,-0.047961906562586476,2.33
2022-08-02,1771.0999755859375,0.0011870975612988666,94.41999816894531,0.005644890645886136,2.33
2022-08-03,1758.0,-0.0073965195452072585,90.66000366210938,-0.03982201418928433,2.33
2022-08-04,1788.5,0.017349260523321863,88.54000091552734,-0.02338410170909877,2.33
2022-08-05,1772.9000244140625,-0.00872237941623566,89.01000213623047,0.005308348947856256,2.33
2022-08-08,1786.800048828125,0.007840275380816442,90.76000213623047,0.019660711807664155,2.33
2022-08-09,1794.0,0.00402952259632916,90.5,-0.002864721574600715,2.33
2022-08-10,1795.5999755859375,0.000891848152696495,91.93000030517578,0.015801108344483783,2.33
2022-08-11,1789.699951171875,-0.0032858233984645047,94.33999633789062,0.026215555582665973,2.33
2022-08-12,1798.5999755859375,0.004972914263217554,92.08999633789062,-0.02384990552619215,2.33
2022-08-15,1781.4000244140625,-0.009562966421297614,89.41000366210938,-0.029101887092578438,2.33
2022-08-16,1773.199951171875,-0.004603162192548305,86.52999877929688,-0.03221121535456328,2.33
2022-08-17,1760.300048828125,-0.007274928208307663,88.11000061035156,0.0182595845758029,2.33
2022-08-18,1755.300048828125,-0.002840424848779999,90.5,0.027125177313500615,2.33
2022-08-19,1747.5999755859375,-0.004386756126012914,90.7699966430664,0.0029833883211758394,2.33
2022-08-22,1734.0,-0.007782087305979513,90.2300033569336,-0.005949028380558663,2.33
2022-08-23,1746.800048828125,0.007381804399149372,93.73999786376953,0.03890052506094932,2.33
2022-08-24,1747.800048828125,0.0005724753675562244,94.88999938964844,0.012267991808045275,2.33
2022-08-25,1757.699951171875,0.0056642076136728114,92.5199966430664,-0.02497631743941786,2.33
2022-08-26,1736.0999755859375,-0.012288772933933712,93.05999755859375,0.005836585982710529,2.33
2022-08-29,1736.5999755859375,0.00028800184726174294,97.01000213623047,0.042445784238815065,2.33
2022-08-30,1723.199951171875,-0.007716241277465952,91.63999938964844,-0.05535514512246864,2.33
2022-08-31,1712.800048828125,-0.006035226693615781,89.55000305175781,-0.022806594847344708,2.33
2022-09-01,1696.5999755859375,-0.009458239596192963,86.61000061035156,-0.03283084691473426,2.33
2022-09-02,1709.800048828125,0.0077803096971216235,86.87000274658203,0.0030019874656297407,2.33
2022-09-06,1700.4000244140625,-0.0054977331533621054,86.87999725341797,0.00011505130102373862,2.33
2022-09-07,1715.300048828125,0.008762658315767169,81.94000244140625,-0.056859978915542286,2.33
2022-09-08,1708.0,-0.004255843654357938,83.54000091552734,0.019526463588589893,2.33
2022-09-09,1716.199951171875,0.004800908180254693,86.79000091552734,0.03890351884585552,2.33
2022-09-12,1728.0999755859375,0.006933938208037338,87.77999877929688,0.011406819372350219,2.33
2022-09-13,1705.0,-0.013367268047154046,87.30999755859375,-0.005354308808830588,2.33
2022-09-14,1696.5,-0.004985337243401777,88.4800033569336,0.013400593643982717,2.33
2022-09-15,1665.4000244140625,-0.01833184532032861,85.0999984741211,-0.03820077706346103,2.33
2022-09-16,1671.699951171875,0.0037828309507974556,85.11000061035156,0.00011753391785918055,2.33
2022-09-19,1666.199951171875,-0.003290064102798196,85.7300033569336,0.007284722619384176,2.33
2022-09-20,1659.699951171875,-0.0039010924201674513,84.44999694824219,-0.014930670227109921,2.33
2022-09-21,1664.5999755859375,0.002952355581262056,82.94000244140625,-0.017880338204883328,2.33
2022-09-22,1670.800048828125,0.0037246625814739698,83.48999786376953,0.006631244347404364,3.08
2022-09-23,1645.300048828125,-0.01526214942229942,78.73999786376953,-0.0568930425384675,3.08
2022-09-26,1623.300048828125,-0.013371421228407288,76.70999908447266,-0.025781036758586673,3.08
2022-09-27,1626.699951171875,0.002094438638256868,78.5,0.023334649157747966,3.08
2022-09-28,1660.4000244140625,0.020716834237260562,82.1500015258789,0.046496834724572,3.08
2022-09-29,1658.5,-0.0011443172645898558,81.2300033569336,-0.01119900367446125,3.08
2022-09-30,1662.4000244140625,0.0023515371806226426,79.48999786376953,-0.021420724132169333,3.08
2022-10-03,1692.9000244140625,0.018346967969246952,83.62999725341797,0.052082016617280624,3.08
2022-10-04,1721.0999755859375,0.016657777048373124,86.5199966430664,0.034556970997991154,3.08
2022-10-05,1711.4000244140625,-0.0056359022192029595,87.76000213623047,0.014332010416963303,3.08
2022-10-06,1711.699951171875,0.00017525228090087275,88.44999694824219,0.007862292561714224,3.08
2022-10-07,1700.5,-0.006543174324569634,92.63999938964844,0.04737142550562323,3.08
2022-10-10,1667.300048828125,-0.019523640794986807,91.12999725341797,-0.016299677743728425,3.08
2022-10-11,1678.699951171875,0.006837343015591246,89.3499984741211,-0.019532523131181256,3.08
2022-10-12,1670.300048828125,-0.005003814015653085,87.2699966430664,-0.0232792598385676,3.08
2022-10-13,1670.0,-0.00017963768146656012,89.11000061035156,0.021084038479006306,3.08
2022-10-14,1641.699951171875,-0.016946137022829322,85.61000061035156,-0.0392772974528901,3.08
2022-10-17,1657.0,0.00931963774330602,85.45999908447266,-0.0017521495714224455,3.08
2022-10-18,1649.0,-0.004828002414001165,82.81999969482422,-0.03089163840311937,3.08
2022-10-19,1627.5,-0.013038204972710687,85.55000305175781,0.03296309305714962,3.08
2022-10-20,1630.800048828125,0.0020276797715053085,85.9800033569336,0.005026303797039278,3.08
2022-10-21,1651.0,0.012386528432097199,85.05000305175781,-0.010816472073338024,3.08
2022-10-24,1648.699951171875,-0.001393124668761403,84.58000183105469,-0.0055261752361972505,3.08
2022-10-25,1652.800048828125,0.0024868670938793525,85.31999969482422,0.008749087819218238,3.08
2022-10-26,1664.0,0.006776349734389342,87.91000366210938,0.03035635228022948,3.08
2022-10-27,1660.699951171875,-0.0019832024207482313,89.08000183105469,0.013309044707156659,3.08
2022-10-28,1639.5999755859375,-0.012705471311086791,87.9000015258789,-0.013246523135616028,3.08
2022-10-31,1635.9000244140625,-0.0022566182160088655,86.52999877929688,-0.015585924036402687,3.08
2022-11-01,1645.0,0.005562672198869079,88.37000274658203,0.02126434754700801,3.08
2022-11-02,1645.699951171875,0.0004255022321428825,90.0,0.0184451420477183,3.08
2022-11-03,1627.300048828125,-0.011180593601310962,88.16999816894531,-0.020333353678385402,3.83
2022-11-04,1672.5,0.027776039953065323,92.61000061035156,0.05035729311118531,3.83
2022-11-07,1676.5,0.0023916292974588416,91.79000091552734,-0.008854332031313694,3.83
2022-11-08,1712.0999755859375,0.02123470061791677,88.91000366210938,-0.03137593664552174,3.83
2022-11-09,1710.0999755859375,-0.001168156082307914,85.83000183105469,-0.034641791746627515,3.83
2022-11-10,1750.300048828125,0.023507440393017776,86.47000122070312,0.0074565929860772595,3.83
2022-11-11,1766.0,0.008969862728614109,88.95999908447266,0.028796089147890003,3.83
2022-11-14,1773.5999755859375,0.004303496934279449,85.87000274658203,-0.03473467142188813,3.83
2022-11-15,1773.800048828125,0.0001128062950730424,86.91999816894531,0.012227732488398813,3.83
2022-11-16,1773.0,-0.0004510366479320016,85.58999633789062,-0.015301447987488226,3.83
2022-11-17,1760.800048828125,-0.006880965127961103,81.63999938964844,-0.04615021751664128,3.83
2022-11-18,1751.9000244140625,-0.005054534397580079,80.08000183105469,-0.019108250493097723,3.83
2022-11-21,1737.4000244140625,-0.00827672800840884,79.7300033569336,-0.004370610216262061,3.83
2022-11-22,1738.300048828125,0.0005180294701365717,80.94999694824219,0.015301562021099446,3.83
2022-11-23,1744.9000244140625,0.0037967988267542108,77.94000244140625,-0.03718338011501676,3.83
2022-11-25,1753.300048828125,0.004814043381587529,76.27999877929688,-0.021298481012460013,3.83
2022-11-28,1740.0999755859375,-0.007528701804925042,77.23999786376953,0.012585200574664945,3.83
2022-11-29,1748.4000244140625,0.00476986894119702,78.19999694824219,0.012428781862032556,3.83
2022-11-30,1746.0,-0.0013726975409227293,80.55000305175781,0.030051230117962957,3.83
2022-12-01,1801.0999755859375,0.03155783252344646,81.22000122070312,0.008317791974691735,3.83
2022-12-02,1795.9000244140625,-0.002887097463972421,79.9800033569336,-0.015267149041281347,3.83
2022-12-05,1767.4000244140625,-0.015869480267588165,76.93000030517578,-0.03813457018932975,3.83
2022-12-06,1769.300048828125,0.001075039259825994,74.25,-0.03483686851091139,3.83
2022-12-07,1785.5,0.009156135604362126,72.01000213623047,-0.03016832139756942,3.83
2022-12-08,1788.699951171875,0.0017921877187763169,71.45999908447266,-0.007637870232489408,3.83
2022-12-09,1798.0999755859375,0.005255227075901647,71.0199966430664,-0.006157325035592631,3.83
2022-12-12,1780.5,-0.009788096226519438,73.16999816894531,0.030273185405575553,3.83
2022-12-13,1813.9000244140625,0.018758789336738246,75.38999938964844,0.030340320845399837,3.83
2022-12-14,1807.5,-0.0035283225800329943,77.27999877929688,0.025069629990048137,3.83
2022-12-15,1777.199951171875,-0.016763512491355437,76.11000061035156,-0.015139728098167993,4.33
2022-12-16,1790.0,0.00720236843338018,74.29000091552734,-0.02391275364904788,4.33
2022-12-19,1787.699951171875,-0.0012849434793994474,75.19000244140625,0.012114706081404858,4.33
2022-12-20,1815.9000244140625,0.015774500202733632,76.08999633789062,0.011969595255509224,4.33
2022-12-21,1815.9000244140625,0.0,78.29000091552734,0.028913190741490125,4.33
2022-12-22,1787.0,-0.015914986522117425,77.48999786376953,-0.010218457560384864,4.33
2022-12-23,1795.9000244140625,0.004980427763884965,79.55999755859375,0.026713121072262203,4.33
2022-12-27,1814.800048828125,0.010523984719154278,79.52999877929688,-0.0003770585748796851,4.33
2022-12-28,1807.9000244140625,-0.003802085204107186,78.95999908447266,-0.007167103024935506,4.33
2022-12-29,1819.5,0.006416270495763099,78.4000015258789,-0.007092167744260691,4.33
2022-12-30,1819.699951171875,0.00010989347176426634,80.26000213623047,0.02372449711927116,4.33
2023-01-03,1839.699951171875,0.010990822957993807,76.93000030517578,-0.04149017869950289,4.33
2023-01-04,1852.800048828125,0.00712077947705847,72.83999633789062,-0.05316526648980113,4.33
2023-01-05,1834.800048828125,-0.00971502565070892,73.66999816894531,0.01139486371202536,4.33
2023-01-06,1864.199951171875,0.016023491149636415,73.7699966430664,0.0013573839637102125,4.33
2023-01-09,1872.699951171875,0.004559596729233117,74.62999725341797,0.011657864301019893,4.33
2023-01-10,1871.5999755859375,-0.0005873741734490068,75.12000274658203,0.0065657980865276855,4.33
2023-01-11,1874.5999755859375,0.0016029066248843815,77.41000366210938,0.030484569113404802,4.33
2023-01-12,1895.5,0.011149058298440373,78.38999938964844,0.01265980727525462,4.33
2023-01-13,1918.4000244140625,0.012081257934087208,79.86000061035156,0.018752407604907262,4.33
2023-01-17,1907.199951171875,-0.005838236603238345,80.18000030517578,0.004007008419465663,4.33
2023-01-18,1904.4000244140625,-0.001468082439962326,79.4800033569336,-0.008730318602867326,4.33
2023-01-19,1922.0999755859375,0.0092942401517353,80.33000183105469,0.010694494693261003,4.33
2023-01-20,1926.4000244140625,0.002237161897270301,81.30999755859375,0.012199622870669558,4.33
2023-01-23,1927.0999755859375,0.0003633467415926628,81.62000274658203,0.0038126330992063195,4.33
2023-01-24,1933.9000244140625,0.0035286435131927085,80.12999725341797,-0.018255396263466284,4.33
2023-01-25,1941.199951171875,0.003774717754618351,80.1500015258789,0.0002496477367603944,4.33
2023-01-26,1929.0999755859375,-0.006233245358693185,81.01000213623047,0.010729888883082461,4.33
2023-01-27,1928.5999755859375,-0.00025918822576742606,79.68000030517578,-0.016417748376528762,4.33
2023-01-30,1922.9000244140625,-0.0029554864896974564,77.9000015258789,-0.022339342024089492,4.33
2023-01-31,1929.5,0.0034323030329923565,78.87000274658203,0.012451876786945704,4.33
2023-02-01,1927.800048828125,-0.0008810319626199048,76.41000366210938,-0.031190554061179654,4.33
2023-02-02,1916.300048828125,-0.005965348951511129,75.87999725341797,-0.0069363484267731534,4.58
2023-02-03,1862.9000244140625,-0.027866212520694877,73.38999938964844,-0.03281494404188812,4.58
2023-02-06,1866.199951171875,0.0017713922994071485,74.11000061035156,0.009810617613994488,4.58
2023-02-07,1871.699951171875,0.0029471654398802727,77.13999938964844,0.04088515388399072,4.58
2023-02-08,1877.4000244140625,0.003045399044124819,78.47000122070312,0.017241403183536397,4.58
2023-02-09,1866.199951171875,-0.00596573617584939,78.05999755859375,-0.005224973311217407,4.57
2023-02-10,1862.800048828125,-0.001821831761176007,79.72000122070312,0.021265740635763253,4.58
2023-02-13,1851.9000244140625,-0.005851419437593264,80.13999938964844,0.005268416489138783,4.58
2023-02-14,1854.0,0.0011339573185662477,79.05999755859375,-0.013476439222361525,4.58
2023-02-15,1834.199951171875,-0.010679637987122459,78.58999633789062,-0.005944867634922413,4.58
2023-02-16,1842.0,0.0042525618993400904,78.48999786376953,-0.001272407160971989,4.58
2023-02-17,1840.4000244140625,-0.0008686078099552352,76.33999633789062,-0.02739204464765732,4.58
2023-02-21,1833.0,-0.004020878241630332,76.16000366210938,-0.002357776845895776,4.58
2023-02-22,1832.0,-0.0005455537370431252,73.94999694824219,-0.029017943902314935,4.58
2023-02-23,1818.0,-0.007641921397379958,75.38999938964844,0.01947265045073787,4.58
2023-02-24,1808.800048828125,-0.005060479192450451,76.31999969482422,0.01233585770931156,4.58
2023-02-27,1817.0,0.004533365187151306,75.68000030517578,-0.008385736271063426,4.57
2023-02-28,1828.9000244140625,0.006549270453529266,77.05000305175781,0.01810257321693398,4.57
2023-03-01,1837.699951171875,0.004811595297906868,77.69000244140625,0.008306286363396032,4.58
2023-03-02,1833.5,-0.002285439018049007,78.16000366210938,0.006049700166473881,4.57
2023-03-03,1847.699951171875,0.007744723846127677,79.68000030517578,0.019447243754458388,4.57
2023-03-06,1847.9000244140625,0.0001082823226037366,80.45999908447266,0.009789141268944146,4.57
2023-03-07,1813.9000244140625,-0.018399263786351705,77.58000183105469,-0.03579414971648631,4.57
2023-03-08,1812.699951171875,-0.0006615983384062885,76.66000366210938,-0.011858702593856352,4.57
2023-03-09,1829.300048828125,0.009157664314779934,75.72000122070312,-0.012261967081940828,4.57
2023-03-10,1862.0,0.01787566298531673,76.68000030517578,0.012678276135713817,4.57
2023-03-13,1911.699951171875,0.026691703099825492,74.80000305175781,-0.02451743930537087,4.58
2023-03-14,1906.199951171875,-0.0028770205264839754,71.33000183105469,-0.046390388758434375,4.58
2023-03-15,1926.5999755859375,0.010701933132209573,67.61000061035156,-0.052151985492920105,4.58
2023-03-16,1919.0,-0.003944760553433624,68.3499984741211,0.01094509476540706,4.58
2023-03-17,1969.800048828125,0.026472146340867697,66.73999786376953,-0.02355523988725683,4.58
2023-03-20,1979.199951171875,0.004772008381938253,67.63999938964844,0.013485189611722737,4.58
2023-03-21,1938.0,-0.020816467354640267,69.33000183105469,0.024985252168185035,4.58
2023-03-22,1946.800048828125,0.004540788869001444,70.9000015258789,0.022645314486649415,4.58
2023-03-23,1993.800048828125,0.02414218143681035,69.95999908447266,-0.013258144163271202,4.83
2023-03-24,1982.0999755859375,-0.0058682279845786445,69.26000213623047,-0.010005674062359304,4.83
2023-03-27,1952.4000244140625,-0.014984083314513619,72.80999755859375,0.051256068623570794,4.83
2023-03-28,1972.4000244140625,0.010243802371392663,73.19999694824219,0.005356398883746616,4.83
2023-03-29,1966.0999755859375,-0.003194102996422643,72.97000122070312,-0.003142018266772406,4.83
2023-03-30,1980.300048828125,0.007222457361536483,74.37000274658203,0.019185987425770934,4.83
2023-03-31,1969.0,-0.005706230646619459,75.66999816894531,0.01748010453614013,4.83
2023-04-03,1983.9000244140625,0.007567305441372518,80.41999816894531,0.0627725666042025,4.83
2023-04-04,2022.199951171875,0.019305371382877246,80.70999908447266,0.003606079608682755,4.83
2023-04-05,2020.9000244140625,-0.0006428280037585887,80.61000061035156,-0.001238984949267996,4.83
2023-04-06,2011.9000244140625,-0.004453461275309434,80.69999694824219,0.0011164413498225834,4.83
2023-04-10,1989.0999755859375,-0.011332595333490847,79.73999786376953,-0.011895899885700834,4.83
2023-04-11,2004.800048828125,0.007893053860986932,81.52999877929688,0.022447967939319913,4.83
2023-04-12,2010.9000244140625,0.003042685274026846,83.26000213623047,0.02121922461469361,4.83
2023-04-13,2041.300048828125,0.015117620988104763,82.16000366210938,-0.013211607565434269,4.83
2023-04-14,2002.199951171875,-0.019154507774933327,82.5199966430664,0.004381608628421407,4.83
2023-04-17,1994.199951171875,-0.0039956049321235865,80.83000183105469,-0.020479821628224926,4.83
2023-04-18,2007.4000244140625,0.0066192325571117205,80.86000061035156,0.00037113421523327084,4.83
2023-04-19,1995.199951171875,-0.00607754961333562,79.16000366210938,-0.021023954185137028,4.83
2023-04-20,2007.5999755859375,0.00621492818641034,77.29000091552734,-0.023623075544109917,4.83
2023-04-21,1979.5,-0.013996800123359354,77.87000274658203,0.007504228544240599,4.83
2023-04-24,1989.0999755859375,0.00484969718915762,78.76000213623047,0.011429297011133155,4.83
2023-04-25,1994.0,0.0024634379740611223,77.06999969482422,-0.021457623102689505,4.83
2023-04-26,1985.699951171875,-0.00416251194991224,74.30000305175781,-0.035941308603020916,4.83
2023-04-27,1989.9000244140625,0.002115160067214017,74.76000213623047,0.006191104516539703,4.83
2023-04-28,1990.0999755859375,0.00010048302398191211,76.77999877929688,0.027019751007838266,4.83
2023-05-01,1983.4000244140625,-0.003366640497496798,75.66000366210938,-0.014587068702708761,4.83
2023-05-02,2014.300048828125,0.015579320375974648,71.66000366210938,-0.05286809154627636,4.83
2023-05-03,2028.5999755859375,0.007099203897717121,68.5999984741211,-0.04270171687984825,4.83
2023-05-04,2048.0,0.009563257738115283,68.55999755859375,-0.0005831037378584147,5.08
2023-05-05,2017.4000244140625,-0.014941394329071045,71.33999633789062,0.04054840837648799,5.08
2023-05-08,2026.300048828125,0.004411630963793378,73.16000366210938,0.025511738402656636,5.08
2023-05-09,2036.199951171875,0.004885704044411021,73.70999908447266,0.007517706326306994,5.08
2023-05-10,2030.5,-0.0027993081762891503,72.55999755859375,-0.015601703163243719,5.08
2023-05-11,2014.699951171875,-0.0077813586939793344,70.87000274658203,-0.023290998744135982,5.08
2023-05-12,2014.5,-9.924612931011545e-05,70.04000091552734,-0.011711609974429105,5.08
2023-05-15,2018.0,0.0017374038222883748,71.11000061035156,0.015276980023382736,5.08
2023-05-16,1988.4000244140625,-0.014667976008888806,70.86000061035156,-0.0035156799023231544,5.08
2023-05-17,1980.699951171875,-0.0038724970567511896,72.83000183105469,0.02780131532224872,5.08
2023-05-18,1956.5,-0.012217878410890615,71.86000061035156,-0.01331870378025335,5.08
2023-05-19,1978.699951171875,0.011346767785266998,71.55000305175781,-0.004313909768449031,5.08
2023-05-22,1974.800048828125,-0.0019709417496271975,71.98999786376953,0.006149473001328065,5.08
2023-05-23,1972.4000244140625,-0.001215325275835788,72.91000366210938,0.01277963363856216,5.08
2023-05-24,1962.800048828125,-0.004867154465174606,74.33999633789062,0.01961312033953999,5.08
2023-05-25,1943.0999755859375,-0.010036719356079749,71.83000183105469,-0.033763715771890745,5.08
2023-05-26,1944.0999755859375,0.0005146415586252395,72.66999816894531,0.011694226875648805,5.08
2023-05-30,1958.0,0.007149850619113884,69.45999908447266,-0.04417227418954872,5.08
2023-05-31,1963.9000244140625,0.0030132913248530624,68.08999633789062,-0.019723621719544338,5.08
2023-06-01,1978.0,0.007179579108230971,70.0999984741211,0.02951978622903728,5.08
2023-06-02,1952.4000244140625,-0.012942353683487062,71.73999786376953,0.023395141588396395,5.08
2023-06-05,1958.0,0.0028682521593483834,72.1500015258789,0.005715133458575661,5.08
2023-06-06,1965.5,0.003830439223697635,71.73999786376953,-0.00568265631931153,5.08
2023-06-07,1942.699951171875,-0.011600126597875904,72.52999877929688,0.01101200082313225,5.08
2023-06-08,1963.5999755859375,0.010758235929050786,71.29000091552734,-0.017096344748918968,5.08
2023-06-09,1962.199951171875,-0.0007129886084077386,70.16999816894531,-0.015710516653087758,5.08
2023-06-12,1955.300048828125,-0.003516411433824196,67.12000274658203,-0.04346580450265847,5.08
2023-06-13,1944.5999755859375,-0.005472343361623944,69.41999816894531,0.03426691490235978,5.08
2023-06-14,1955.300048828125,0.0055024546829809395,68.2699966430664,-0.016565853589914914,5.08
2023-06-15,1957.800048828125,0.0012785761456397537,70.62000274658203,0.034422238451278675,5.07
2023-06-16,1958.4000244140625,0.0003064539641302044,71.77999877929688,0.01642588484281804,5.08
2023-06-20,1935.5,-0.011693231274807592,70.5,-0.017832248552030583,5.07
2023-06-21,1933.300048828125,-0.0011366319668689728,72.52999877929688,0.028794308926196832,5.07
2023-06-22,1912.699951171875,-0.010655406370437381,69.51000213623047,-0.04163789733756951,5.07
2023-06-23,1919.0999755859375,0.00334606816408467,69.16000366210938,-0.0050352246204099504,5.07
2023-06-26,1923.699951171875,0.0023969442157556475,69.37000274658203,0.0030364238483653327,5.07
2023-06-27,1914.0,-0.005042341018913099,67.69999694824219,-0.024073889753768674,5.07
2023-06-28,1912.300048828125,-0.0008881667564655249,69.55999755859375,0.027474160918700807,5.07
2023-06-29,1909.199951171875,-0.0016211355839005348,69.86000061035156,0.004312867485440908,5.07
2023-06-30,1921.0999755859375,0.0062329901102071705,70.63999938964844,0.011165169946782072,5.08
2023-07-03,1921.699951171875,0.00031230836164808373,69.79000091552734,-0.012032821085296463,5.08
2023-07-05,1919.5999755859375,-0.0010927697555785931,71.79000091552734,0.02865740039781306,5.08
2023-07-06,1908.699951171875,-0.005678279096005601,71.80000305175781,0.00013932492133883478,5.08
2023-07-07,1926.199951171875,0.009168544269755774,73.86000061035156,0.028690772577109502,5.08
2023-07-10,1925.0,-0.0006229629333885933,72.98999786376953,-0.011779078518719954,5.07
2023-07-11,1931.300048828125,0.0032727526379869865,74.83000183105469,0.025208987822131323,5.08
2023-07-12,1956.199951171875,0.012892819196508976,75.75,0.012294509507328577,5.08
2023-07-13,1959.199951171875,0.0015335855612319538,76.88999938964844,0.015049496893048575,5.08
2023-07-14,1960.0999755859375,0.0004593836445965227,75.41999816894531,-0.019118236862686544,5.08
2023-07-17,1952.4000244140625,-0.00392834613937143,74.1500015258789,-0.016838990637755513,5.08
2023-07-18,1977.199951171875,0.012702277426602349,75.75,0.021577861647955388,5.08
2023-07-19,1977.5,0.00015175441813419788,75.3499984741211,-0.005280548196421209,5.08
2023-07-20,1968.300048828125,-0.0046523141197850615,75.62999725341797,0.0037159759119709257,5.08
2023-07-21,1964.300048828125,-0.002032210486598074,77.06999969482422,0.019040096439262744,5.08
2023-07-24,1960.300048828125,-0.0020363487759348375,78.73999786376953,0.021668589276735872,5.08
2023-07-25,1962.0999755859375,0.0009181894164052018,79.62999725341797,0.011303015161217678,5.08
2023-07-26,1968.9000244140625,0.003465699461157268,78.77999877929688,-0.010674350162489965,5.08
2023-07-27,1945.4000244140625,-0.011935598409570591,80.08999633789062,0.016628555202999218,5.33
2023-07-28,1960.4000244140625,0.007710496459214289,80.58000183105469,0.006118185985385605,5.33
2023-07-31,1970.5,0.005151997276145792,81.80000305175781,0.015140248113433952,5.33
2023-08-01,1940.699951171875,-0.01512308999143619,81.37000274658203,-0.005256727251021109,5.33
2023-08-02,1937.4000244140625,-0.0017003796778681801,79.48999786376953,-0.023104397435840918,5.33
2023-08-03,1932.0,-0.0027872531981079085,81.55000305175781,0.02591527542268568,5.33
2023-08-04,1939.5999755859375,0.003933734775329878,82.81999969482422,0.015573226186887723,5.33
2023-08-07,1933.5,-0.0031449657984733426,81.94000244140625,-0.010625419665063918,5.33
2023-08-08,1924.0999755859375,-0.004861662484645701,82.91999816894531,0.011959918212595122,5.33
2023-08-09,1915.4000244140625,-0.004521569191967556,84.4000015258789,0.01784856958050285,5.33
2023-08-10,1914.4000244140625,-0.000522084153312008,82.81999969482422,-0.0187204005034316,5.33
2023-08-11,1912.9000244140625,-0.0007835353013323498,83.19000244140625,0.004467553102456279,5.33
2023-08-14,1910.5999755859375,-0.0012023884148516517,82.51000213623047,-0.008174062810669236,5.33
2023-08-15,1902.5,-0.004239493190328014,80.98999786376953,-0.018422060757570802,5.33
2023-08-16,1896.0999755859375,-0.0033640075763797794,79.37999725341797,-0.019879005467560162,5.33
2023-08-17,1884.0999755859375,-0.006328780209119422,80.38999938964844,0.012723635313391046,5.33
2023-08-18,1886.0999755859375,0.0010615147953483284,81.25,0.010697855664647538,5.33
2023-08-21,1893.300048828125,0.0038174398681865007,80.72000122070312,-0.006523061899038507,5.33
2023-08-22,1896.4000244140625,0.0016373398330900013,80.3499984741211,-0.0045837802401709205,5.33
2023-08-23,1918.5,0.01165364654156531,78.88999938964844,-0.018170492995627008,5.33
2023-08-24,1918.199951171875,-0.00015639761695329657,79.05000305175781,0.00202818688486861,5.33
2023-08-25,1911.0999755859375,-0.003701374083343034,79.83000183105469,0.009867156852431336,5.33
2023-08-28,1917.9000244140625,0.0035581858170659064,80.0999984741211,0.003382145019084515,5.33
2023-08-29,1936.5,0.009698094451831452,81.16000366210938,0.013233523198265207,5.33
2023-08-30,1944.300048828125,0.004027910574812887,81.62999725341797,0.0057909508391018605,5.33
2023-08-31,1938.199951171875,-0.003137426067507776,83.62999725341797,0.024500797100250438,5.33
2023-09-01,1939.800048828125,0.0008255586093077749,85.55000305175781,0.02295833865116359,5.33
2023-09-05,1926.199951171875,-0.0070110822321435284,86.69000244140625,0.013325533009726831,5.33
2023-09-06,1918.0999755859375,-0.004205158234486306,87.54000091552734,0.009805034608178831,5.33
2023-09-07,1917.5,-0.00031279682684648424,86.87000274658203,-0.007653623051613101,5.33
2023-09-08,1918.4000244140625,0.0004693738795631397,87.51000213623047,0.007367323234873657,5.33
2023-09-11,1923.300048828125,0.0025542245369596372,87.29000091552734,-0.0025140122881112115,5.33
2023-09-12,1911.300048828125,-0.006239276085554968,88.83999633789062,0.017756849651809015,5.33
2023-09-13,1909.0999755859375,-0.0011510873154303436,88.5199966430664,-0.0036019778029610094,5.33
2023-09-14,1910.0,0.00047143912082781014,90.16000366210938,0.018526966575200587,5.33
2023-09-15,1923.699951171875,0.0071727493046465085,90.7699966430664,0.006765671652400274,5.33
2023-09-18,1931.5,0.0040547117669642585,91.4800033569336,0.007822041865432006,5.33
2023-09-19,1932.0,0.00025886616619197333,91.19999694824219,-0.003060848255534987,5.33
2023-09-20,1945.5999755859375,0.0070393248374418516,90.27999877929688,-0.010087699558448793,5.33
2023-09-21,1919.199951171875,-0.0135690916659843,89.62999725341797,-0.007199839772571659,5.33
2023-09-22,1925.4000244140625,0.0032305509586958436,90.02999877929688,0.004462808637023086,5.33
2023-09-25,1916.5999755859375,-0.004570504163571409,89.68000030517578,-0.003887576128697834,5.33
2023-09-26,1900.4000244140625,-0.008452442543166794,90.38999938964844,0.007917028122843117,5.33
2023-09-27,1871.5999755859375,-0.01515472977169885,93.68000030517578,0.03639784199295071,5.33
2023-09-28,1860.4000244140625,-0.005984158643926429,91.70999908447266,-0.021029047974867265,5.33
2023-09-29,1848.0999755859375,-0.006611507561121943,90.79000091552734,-0.01003160154977123,5.33
2023-10-02,1830.0,-0.009793829243571639,88.81999969482422,-0.02169843816320749,5.33
2023-10-03,1824.5999755859375,-0.0029508330131489124,89.2300033569336,0.0046161187065763,5.33
2023-10-04,1818.5,-0.003343185173494634,84.22000122070312,-0.056147057578712634,5.33
2023-10-05,1816.5999755859375,-0.0010448305823824722,82.30999755859375,-0.02267874180034868,5.33
2023-10-06,1830.199951171875,0.00748649992772954,82.79000091552734,0.0058316531547932815,5.33
2023-10-09,1849.5,0.01054532255656948,86.37999725341797,0.04336268025354406,5.33
2023-10-10,1861.0,0.00621789672884554,85.97000122070312,-0.00474642331270303,5.33
2023-10-11,1872.800048828125,0.00634070329292058,83.48999786376953,-0.028847310942416993,5.33
2023-10-12,1869.300048828125,-0.0018688594130430447,82.91000366210938,-0.006946870481498002,5.33
2023-10-13,1927.4000244140625,0.03108113950051017,87.69000244140625,0.05765285934345443,5.33
2023-10-16,1921.0999755859375,-0.003268677362417427,86.66000366210938,-0.01174590889064131,5.33
2023-10-17,1922.699951171875,0.0008328434783564376,86.66000366210938,0.0,5.33
2023-10-18,1955.300048828125,0.016955374465152717,88.31999969482422,0.019155273050613264,5.33
2023-10-19,1968.4000244140625,0.006699726517057414,89.37000274658203,0.01188862155101833,5.33
2023-10-20,1982.5,0.007163165723966358,88.75,-0.006937481565711834,5.33
2023-10-23,1976.300048828125,-0.0031273398092686033,85.48999786376953,-0.03673241843639963,5.33
2023-10-24,1975.0,-0.0006578195597859438,83.73999786376953,-0.020470230947819967,5.33
2023-10-25,1984.0999755859375,0.004607582575158142,85.38999938964844,0.01970386395952839,5.33
2023-10-26,1987.199951171875,0.0015624089632992888,83.20999908447266,-0.025529925292868128,5.33
2023-10-27,1988.5999755859375,0.0007045211596532486,85.54000091552734,0.028001464447672042,5.33
2023-10-30,1996.199951171875,0.0038217719396773653,82.30999755859375,-0.037760151068075065,5.33
2023-10-31,1985.199951171875,-0.0055104700275854235,81.0199966430664,-0.01567246936933797,5.33
2023-11-01,1978.800048828125,-0.0032238074255301896,80.44000244140625,-0.0071586549702701285,5.33
2023-11-02,1985.5999755859375,0.003436389018607322,82.45999908447266,0.025111842140206342,5.33
2023-11-03,1991.5,0.002971406369161267,80.51000213623047,-0.023647792504152165,5.33
2023-11-06,1981.5999755859375,-0.004971139550119297,80.81999969482422,0.0038504229334039852,5.33
2023-11-07,1966.800048828125,-0.007468675282677251,77.37000274658203,-0.042687416001848,5.33
2023-11-08,1951.5,-0.007779158251110085,75.33000183105469,-0.026366819737737024,5.33
2023-11-09,1964.199951171875,0.00650778948084807,75.73999786376953,0.005442665906664423,5.33
2023-11-10,1932.5999755859375,-0.016087962718400628,77.16999816894531,0.01888038480998988,5.33
2023-11-13,1945.5,0.006674958386125196,78.26000213623047,0.014124711586734229,5.33
2023-11-14,1961.800048828125,0.008378334015998412,78.26000213623047,0.0,5.33
2023-11-15,1960.0999755859375,-0.0008665884391241274,76.66000366210938,-0.020444651551834947,5.33
2023-11-16,1983.9000244140625,0.012142262703212614,72.9000015258789,-0.049047768805272285,5.33
2023-11-17,1981.5999755859375,-0.0011593572255760298,75.88999938964844,0.04101505900117308,5.33
2023-11-20,1977.699951171875,-0.0019681189251676834,77.5999984741211,0.022532601109836126,5.33
2023-11-21,1999.300048828125,0.01092182747107362,77.7699966430664,0.0021906980964954137,5.33
2023-11-22,1991.4000244140625,-0.003951395098846233,77.0999984741211,-0.008615124056393308,5.33
2023-11-24,2002.199951171875,0.005423283431459369,75.54000091552734,-0.020233431770006693,5.33
2023-11-27,2011.800048828125,0.004794774693022585,74.86000061035156,-0.009001857253565504,5.33
2023-11-28,2039.699951171875,0.013868128872947194,76.41000366210938,0.02070535718835509,5.33
2023-11-29,2047.0999755859375,0.00362799656381374,77.86000061035156,0.018976532898155263,5.33
2023-11-30,2038.0999755859375,-0.004396463341964529,75.95999908447266,-0.02440279361655051,5.33
2023-12-01,2071.0,0.016142497820600843,74.06999969482422,-0.024881508852397816,5.33
2023-12-04,2024.0999755859375,-0.022646076491580125,73.04000091552734,-0.013905748393959416,5.33
2023-12-05,2018.5,-0.0027666496978818733,72.31999969482422,-0.009857628856492329,5.33
2023-12-06,2030.5,0.005945008669804297,69.37999725341797,-0.04065268879718564,5.33
2023-12-07,2029.9000244140625,-0.0002954816970881513,69.33999633789062,-0.0005765482431663305,5.33
2023-12-08,1998.300048828125,-0.015567257109156851,71.2300033569336,0.027257097185772183,5.33
2023-12-11,1978.0,-0.010158659026220707,71.31999969482422,0.0012634610929280754,5.33
2023-12-12,1977.800048828125,-0.00010108754897619754,68.61000061035156,-0.03799774391571298,5.33
2023-12-13,1982.300048828125,0.0022752552780380686,69.47000122070312,0.012534624729646282,5.33
2023-12-14,2030.199951171875,0.02416380021383091,71.58000183105469,0.030372831053337546,5.33
2023-12-15,2021.0999755859375,-0.00448230509545855,71.43000030517578,-0.002095578681779675,5.33
2023-12-18,2026.300048828125,0.002572892635199775,72.47000122070312,0.014559721560745809,5.33
2023-12-19,2038.4000244140625,0.005971462909915681,73.44000244140625,0.013384865521790745,5.33
2023-12-20,2034.5,-0.0019132772602784565,74.22000122070312,0.010620898057828843,5.33
2023-12-21,2039.0999755859375,0.002260985788123726,73.88999938964844,-0.004446265502925373,5.33
2023-12-22,2057.10009765625,0.008827483833959704,73.55999755859375,-0.004466123071871553,5.33
2023-12-26,2058.199951171875,0.0005346621279529451,75.56999969482422,0.027324662900232166,5.33
2023-12-27,2081.89990234375,0.01151489249544535,74.11000061035156,-0.019319823876784437,5.33
2023-12-28,2073.89990234375,-0.003842643919140354,71.7699966430664,-0.0315747395495003,5.33
2023-12-29,2062.39990234375,-0.005545108511265995,71.6500015258789,-0.0016719398467338609,5.33
2024-01-02,2064.39990234375,0.0009697440335054708,70.37999725341797,-0.01772511158987533,5.33
2024-01-03,2034.199951171875,-0.01462892491788459,72.69999694824219,0.03296390715206443,5.33
2024-01-04,2042.300048828125,0.003981957452896312,72.19000244140625,-0.007015055409136051,5.33
2024-01-05,2042.4000244140625,4.895244750890981e-05,73.80999755859375,0.022440712874367774,5.33
2024-01-08,2026.5999755859375,-0.007736020681187505,70.7699966430664,-0.041186844818875024,5.33
2024-01-09,2026.4000244140625,-9.866336439545709e-05,72.23999786376953,0.020771531587279624,5.33
2024-01-10,2021.699951171875,-0.0023194202455394386,71.37000274658203,-0.012043122133366335,5.33
2024-01-11,2014.300048828125,-0.003660237682382439,72.0199966430664,0.009107382254031071,5.33
2024-01-12,2046.699951171875,0.016084943433625654,72.68000030517578,0.009164172353136602,5.33
2024-01-16,2026.0,-0.01011381817839141,72.4000015258789,-0.0038524873159216932,5.33
2024-01-17,2002.5999755859375,-0.011549863975351626,72.55999755859375,0.0022098899080500445,5.33
2024-01-18,2018.5999755859375,0.007989613599849621,74.08000183105469,0.02094824040248211,5.33
2024-01-19,2026.5,0.003913615629451028,73.41000366210938,-0.009044251517073332,5.33
2024-01-22,2019.800048828125,-0.0033061688486922813,75.19000244140625,0.02424735990328819,5.33
2024-01-23,2023.699951171875,0.0019308358498222322,74.37000274658203,-0.01090570113311573,5.33
2024-01-24,2013.9000244140625,-0.004842578936733011,75.08999633789062,0.009681236583545472,5.33
2024-01-25,2016.9000244140625,0.0014896469356133757,77.36000061035156,0.030230448570623958,5.33
2024-01-26,2016.800048828125,-4.9568934864074876e-05,78.01000213623047,0.008402294735658566,5.33
2024-01-29,2025.199951171875,0.004164965361157513,76.77999877929688,-0.01576725193245876,5.33
2024-01-30,2031.5,0.003110828056498649,77.81999969482422,0.013545206200338944,5.33
2024-01-31,2048.39990234375,0.008318928055008667,75.8499984741211,-0.025314844878290943,5.33
2024-02-01,2053.0,0.002245702926946258,73.81999969482422,-0.02676333315932078,5.33
2024-02-02,2036.0999755859375,-0.008231867712646168,72.27999877929688,-0.020861567622511346,5.33
2024-02-05,2025.699951171875,-0.005107816187203462,72.77999877929688,0.0069175430055929965,5.33
2024-02-06,2034.5,0.004344201530455782,73.30999755859375,0.007282203739850113,5.33
2024-02-07,2035.199951171875,0.0003440408807446893,73.86000061035156,0.007502429001149835,5.33
2024-02-08,2032.199951171875,-0.0014740566391389098,76.22000122070312,0.031952350268743546,5.33
2024-02-09,2023.300048828125,-0.00437944225843423,76.83999633789062,0.008134283747808446,5.33
2024-02-12,2018.199951171875,-0.0025206828118271574,76.91999816894531,0.0010411482934342686,5.33
2024-02-13,1992.9000244140625,-0.012535887112236854,77.87000274658203,0.012350553825419386,5.33
2024-02-14,1990.300048828125,-0.0013046191751149294,76.63999938964844,-0.015795599249386005,5.33
2024-02-15,2002.0999755859375,0.005928717514105619,78.02999877929688,0.018136735395592574,5.33
2024-02-16,2011.5,0.00469508242779515,79.19000244140625,0.014866124314449669,5.33
2024-02-20,2027.5,0.007954262987819982,78.18000030517578,-0.01275416220599035,5.33
2024-02-21,2022.300048828125,-0.0025647108122688334,77.91000366210938,-0.003453525735641727,5.33
2024-02-22,2019.699951171875,-0.0012857130957182328,78.61000061035156,0.008984686373241901,5.33
2024-02-23,2038.5999755859375,0.009357837733815932,76.48999786376953,-0.02696861379114235,5.33
2024-02-26,2028.5,-0.004954368540613041,77.58000183105469,0.014250281052778702,5.33
2024-02-27,2034.0,0.002711363076164597,78.87000274658203,0.016628008315036746,5.33
2024-02-28,2033.0,-0.000491642084562427,78.54000091552734,-0.0041841234888125856,5.33
2024-02-29,2045.699951171875,0.0062469017077595446,78.26000213623047,-0.003565046804596128,5.33
2024-03-01,2086.89990234375,0.020139782057614797,79.97000122070312,0.02185023048550372,5.33
2024-03-04,2117.699951171875,0.014758757137097955,78.73999786376953,-0.01538080953055132,5.33
2024-03-05,2133.5,0.00746094781717388,78.1500015258789,-0.007492968680433476,5.33
2024-03-06,2150.300048828125,0.007874407700082076,79.12999725341797,0.012539932289246991,5.33
2024-03-07,2158.0,0.003580872900073251,78.93000030517578,-0.002527447936105487,5.33
2024-03-08,2178.60009765625,0.009545921064064045,78.01000213623047,-0.011655874387282661,5.33
2024-03-11,2182.5,0.0017900955517011763,77.93000030517578,-0.0010255329940253022,5.33
2024-03-12,2160.39990234375,-0.010126047036082442,77.55999755859375,-0.0047478858608122065,5.33
2024-03-13,2175.39990234375,0.006943158988170106,79.72000122070312,0.027849455003883472,5.33
2024-03-14,2163.0,-0.005700056495539285,81.26000213623047,0.019317622829230663,5.33
2024-03-15,2157.300048828125,-0.0026352062745608196,81.04000091552734,-0.002707374045281208,5.33
2024-03-18,2160.699951171875,0.0015759988257531,82.72000122070312,0.02073050698662926,5.33
2024-03-19,2156.300048828125,-0.002036331949451742,83.47000122070312,0.009066731007401074,5.33
2024-03-20,2157.89990234375,0.0007419438294287151,81.68000030517578,-0.021444841132737036,5.33
2024-03-21,2182.39990234375,0.011353631358614003,81.06999969482422,-0.007468175906861663,5.33
2024-03-22,2158.10009765625,-0.0111344417956597,80.62999725341797,-0.005427438547706553,5.33
2024-03-25,2174.800048828125,0.007738265333480765,81.94999694824219,0.01637107453539266,5.33
2024-03-26,2175.60009765625,0.0003678723607516421,81.62000274658203,-0.004026775032933472,5.33
2024-03-27,2190.60009765625,0.006894649442312106,81.3499984741211,-0.003308064976415892,5.33
2024-03-28,2217.39990234375,0.012234001411838502,83.16999816894531,0.022372461327128335,5.33
2024-04-01,2236.5,0.008613736131250604,83.70999908447266,0.006492736893301654,5.33
2024-04-02,2261.0,0.010954616588419341,85.1500015258789,0.017202275201952055,5.33
2024-04-03,2294.39990234375,0.014772181487726632,85.43000030517578,0.0032883003438559655,5.33
2024-04-04,2288.800048828125,-0.0024406615036484114,86.58999633789062,0.013578321767190316,5.33
2024-04-05,2325.699951171875,0.016121942308871873,86.91000366210938,0.003695661597790334,5.33
2024-04-08,2331.699951171875,0.0025798684808746586,86.43000030517578,-0.005522993173487367,5.33
2024-04-09,2343.5,0.005060706383852809,85.2300033569336,-0.01388403267389926,5.33
2024-04-10,2329.60009765625,-0.00593125766748448,86.20999908447266,0.011498248139624634,5.33
2024-04-11,2354.800048828125,0.010817286278974603,85.0199966430664,-0.013803531539772207,5.33
2024-04-12,2356.199951171875,0.000594488837575291,85.66000366210938,0.007527723409939346,5.33
2024-04-15,2365.800048828125,0.00407439854647107,85.41000366210938,-0.0029185149347662476,5.33
2024-04-16,2390.800048828125,0.010567249760766284,85.36000061035156,-0.0005854472498986185,5.33
2024-04-17,2371.699951171875,-0.007988998354593546,82.69000244140625,-0.03127926604796116,5.33
2024-04-18,2382.300048828125,0.004469409231556698,82.7300033569336,0.00048374548731788813,5.33
2024-04-19,2398.39990234375,0.006758113245871167,83.13999938964844,0.004955832419659689,5.33
2024-04-22,2332.199951171875,-0.027601715254901182,82.8499984741211,-0.003488103411791066,5.33
2024-04-23,2327.699951171875,-0.0019295086588689836,83.36000061035156,0.00615572897553851,5.33
2024-04-24,2324.5,-0.0013747266567858407,82.80999755859375,-0.006597925236693336,5.33
2024-04-25,2329.800048828125,0.0022800812338674703,83.56999969482422,0.009177661618607225,5.33
2024-04-26,2334.800048828125,0.002146106916992796,83.8499984741211,0.00335047002895017,5.33
2024-04-29,2345.39990234375,0.004539940591891556,82.62999725341797,-0.014549806116927466,5.33
2024-04-30,2291.39990234375,-0.02302379220960915,81.93000030517578,-0.008471462804184426,5.33
2024-05-01,2299.89990234375,0.0037095227207202264,79.0,-0.035762239646796146,5.33
2024-05-02,2299.199951171875,-0.00030433984155642246,78.94999694824219,-0.0006329500222508333,5.33
2024-05-03,2299.0,-8.696554285025915e-05,78.11000061035156,-0.01063959937124892,5.33
2024-05-06,2321.60009765625,0.009830403504240914,78.4800033569336,0.004736944612608207,5.33
2024-05-07,2315.199951171875,-0.002756782484130804,78.37999725341797,-0.0012742877069052971,5.33
2024-05-08,2313.60009765625,-0.0006910217473075075,78.98999786376953,0.007782605661228903,5.33
2024-05-09,2332.10009765625,0.007996196066356154,79.26000213623047,0.0034182083778075967,5.33
2024-05-10,2367.300048828125,0.01509367081080737,78.26000213623047,-0.01261670417673244,5.33
2024-05-13,2336.10009765625,-0.013179550765995973,79.12000274658203,0.010989018488071656,5.33
2024-05-14,2353.39990234375,0.007405420985537647,78.0199966430664,-0.013903008914684878,5.33
2024-05-15,2388.699951171875,0.014999596453186603,78.62999725341797,0.007818516234270767,5.33
2024-05-16,2380.0,-0.0036421280821004043,79.2300033569336,0.00763075320455453,5.33
2024-05-17,2412.199951171875,0.013529391248686906,80.05999755859375,0.01047575623493291,5.33
2024-05-20,2433.89990234375,0.008995917258572517,79.80000305175781,-0.0032474958126954556,5.33
2024-05-21,2421.699951171875,-0.005012511467758718,79.26000213623047,-0.0067669285072220475,5.33
2024-05-22,2389.199951171875,-0.013420324835978548,77.56999969482422,-0.021322260861178277,5.33
2024-05-23,2335.0,-0.022685397739645285,76.87000274658203,-0.009024067951477588,5.33
2024-05-24,2332.5,-0.0010706638115631772,77.72000122070312,0.01105760951932444,5.33
2024-05-28,2355.199951171875,0.009732026225884205,79.83000183105469,0.027148746490105458,5.33
2024-05-29,2340.300048828125,-0.006326385297492965,79.2300033569336,-0.007515952152811867,5.33
2024-05-30,2342.89990234375,0.0011109060639156176,77.91000366210938,-0.016660351368124715,5.33
2024-05-31,2322.89990234375,-0.008536429567474357,76.98999786376953,-0.011808570852208544,5.33
2024-06-03,2346.60009765625,0.010202848296901212,74.22000122070312,-0.035978655928368686,5.33
2024-06-04,2325.5,-0.00899177396153883,73.25,-0.013069269802606143,5.33
2024-06-05,2354.10009765625,0.012298472438722952,74.06999969482422,0.011194535082924562,5.33
2024-06-06,2370.300048828125,0.006881589779467623,75.55000305175781,0.019981144363863335,5.33
2024-06-07,2305.199951171875,-0.027464918497738466,75.52999877929688,-0.0002647818881917896,5.33
2024-06-10,2307.699951171875,0.0010845046212710763,77.73999786376953,0.029259885081295955,5.33
2024-06-11,2307.5,-8.664522082846293e-05,77.9000015258789,0.0020581896900713215,5.33
2024-06-12,2336.0,0.012351029252437806,78.5,0.007702162546450841,5.33
2024-06-13,2300.199951171875,-0.015325363368204226,78.62000274658203,0.0015286974086883287,5.33
2024-06-14,2331.39990234375,0.013564016969907167,78.44999694824219,-0.0021623733452137417,5.33
2024-06-17,2312.39990234375,-0.008149610017955,80.33000183105469,0.02396437165004417,5.33
2024-06-18,2330.39990234375,0.0077841207231310605,81.56999969482422,0.015436298213678867,5.33
2024-06-20,2353.800048828125,0.010041257923518065,82.16999816894531,0.007355626779034674,5.33
2024-06-21,2316.39990234375,-0.015889262345370136,80.7300033569336,-0.017524581283925866,5.33
2024-06-24,2330.0,0.005871221822488115,81.62999725341797,0.011148195950211992,5.33
2024-06-25,2316.60009765625,-0.005751031048819688,80.83000183105469,-0.009800262762226009,5.33
2024-06-26,2299.199951171875,-0.007511070426863498,80.9000015258789,0.000866011298261915,5.33
2024-06-27,2324.5,0.011003848888927692,81.73999786376953,0.010383143659421501,5.33
2024-06-28,2327.699951171875,0.0013766191318025367,81.54000091552734,-0.0024467452100440656,5.33
2024-07-01,2327.60009765625,-4.289793260281449e-05,83.37999725341797,0.02256556680440558,5.33
2024-07-02,2323.0,-0.0019763264578318562,82.80999755859375,-0.00683616830895073,5.33
2024-07-03,2359.800048828125,0.015841605177841167,83.87999725341797,0.01292114148496526,5.33
2024-07-05,2388.5,0.012162026687865923,83.16000366210938,-0.00858361486509529,5.33
2024-07-08,2355.199951171875,-0.013941824922807156,82.33000183105469,-0.009980781559691843,5.33
2024-07-09,2360.10009765625,0.002080564956676856,81.41000366210938,-0.011174518990454962,5.33
2024-07-10,2372.199951171875,0.005126839123324123,82.0999984741211,0.008475553138107328,5.33
2024-07-11,2415.0,0.01804234453633713,82.62000274658203,0.006333791499701924,5.33
2024-07-12,2414.0,-0.00041407867494824835,82.20999908447266,-0.004962522978448347,5.33
2024-07-15,2422.89990234375,0.003686786389291541,81.91000366210938,-0.003649135454374952,5.33
2024-07-16,2462.39990234375,0.016302778320222977,80.76000213623047,-0.014039817781266728,5.33
2024-07-17,2454.800048828125,-0.0030863603870319167,82.8499984741211,0.025879102062987824,5.33
2024-07-18,2451.800048828125,-0.001222095462085404,82.81999969482422,-0.0003620854538246565,5.33
2024-07-19,2395.5,-0.02296274072391602,80.12999725341797,-0.03248010687416558,5.33
2024-07-22,2392.0,-0.001461072844917588,79.77999877929688,-0.004367883266165551,5.33
2024-07-23,2404.60009765625,0.005267599354619623,76.95999908447266,-0.035347201528862615,5.33
2024-07-24,2413.300048828125,0.0036180449216294264,77.58999633789062,0.00818603509501692,5.33
2024-07-25,2351.89990234375,-0.02544240054782676,78.27999877929688,0.00889293045460926,5.33
2024-07-26,2380.0,0.011947828914082192,77.16000366210938,-0.014307551541297592,5.33
2024-07-29,2377.300048828125,-0.0011344332654936728,75.80999755859375,-0.017496190246794496,5.33
2024-07-30,2405.0,0.011651853196036122,74.7300033569336,-0.014246065643590433,5.33
2024-07-31,2426.5,0.008939708939708968,77.91000366210938,0.04255319366154864,5.33
2024-08-01,2435.0,0.0035029878425716365,76.30999755859375,-0.02053659386867379,5.33
2024-08-02,2425.699951171875,-0.0038193219006673607,73.5199966430664,-0.03656140747986625,5.33
2024-08-05,2401.699951171875,-0.00989405140087729,72.94000244140625,-0.007888931285946366,5.33
2024-08-06,2389.10009765625,-0.005246222996955541,73.19999694824219,0.0035644981921243435,5.33
2024-08-07,2390.5,0.0005859538263479624,75.2300033569336,0.02773232914376722,5.33
2024-08-08,2422.199951171875,0.01326080366947302,76.19000244140625,0.012760853936399252,5.33
2024-08-09,2432.10009765625,0.004087254018639186,76.83999633789062,0.008531222938130911,5.33
2024-08-12,2462.39990234375,0.012458288504120008,80.05999755859375,0.0419052755617495,5.33
2024-08-13,2466.699951171875,0.0017462837064086134,78.3499984741211,-0.021358969980247,5.33
2024-08-14,2439.39990234375,-0.011067438021862053,76.9800033569336,-0.017485579372921167,5.33
2024-08-15,2453.10009765625,0.005616215405820579,78.16000366210938,0.01532866008987388,5.33
2024-08-16,2498.60009765625,0.018547958986048663,76.6500015258789,-0.01931937135978523,5.33
2024-08-19,2501.800048828125,0.001280697609383985,74.37000274658203,-0.029745580351059675,5.33
2024-08-20,2511.300048828125,0.0037972658943907778,74.04000091552734,-0.004437297550992092,5.33
2024-08-21,2508.39990234375,-0.0011548387002693339,71.93000030517578,-0.028498117021350078,5.33
2024-08-22,2478.89990234375,-0.011760485229024398,73.01000213623047,0.0150146229177337,5.33
2024-08-23,2508.39990234375,0.011900440179980043,74.83000183105469,0.024928087132886967,5.33
2024-08-26,2517.699951171875,0.003707562266860087,77.41999816894531,0.03461173693057118,5.33
2024-08-27,2516.0,-0.0006752000654739465,75.52999877929688,-0.0244122892579266,5.33
2024-08-28,2501.0,-0.0059618441971383,74.5199966430664,-0.013372198498000198,5.33
2024-08-29,2525.699951171875,0.009876030056727325,75.91000366210938,0.018652805712012777,5.33
2024-08-30,2493.800048828125,-0.012630123514453473,73.55000305175781,-0.03108945457118406,5.33
2024-09-03,2489.89990234375,-0.0015639371272799796,70.33999633789062,-0.043643869213822795,5.33
2024-09-04,2493.39990234375,0.0014056789980614326,69.19999694824219,-0.016206986764290554,5.33
2024-09-05,2511.39990234375,0.007219058596689809,69.1500015258789,-0.0007224772336431595,5.33
2024-09-06,2493.5,-0.007127459998324093,67.66999816894531,-0.021402795723434842,5.33
2024-09-09,2501.800048828125,0.003328674083868055,68.70999908447266,0.015368714994359323,5.33
2024-09-10,2512.300048828125,0.004196978093800263,65.75,-0.0430795972043837,5.33
2024-09-11,2512.10009765625,-7.95888898574848e-05,67.30999755859375,0.02372619860979097,5.33
2024-09-12,2551.199951171875,0.015564608095077315,68.97000122070312,0.02466206688931072,5.33
2024-09-13,2581.300048828125,0.011798407899162866,68.6500015258789,-0.004639693912723342,5.33
2024-09-16,2580.39990234375,-0.00034871826883653423,70.08999633789062,0.020975889002258663,5.33
2024-09-17,2564.300048828125,-0.006239286205599992,71.19000244140625,0.015694195477093498,5.33
2024-09-18,2570.699951171875,0.0024957696922693895,70.91000366210938,-0.003933119394501139,5.33
2024-09-19,2588.0,0.006729703643647111,71.94999694824219,0.014666383195923283,4.83
2024-09-20,2619.89990234375,0.012326082822160078,71.91999816894531,-0.0004169392712893849,4.83
2024-09-23,2626.5,0.002519217490082548,70.37000274658203,-0.021551661037618852,4.83
2024-09-24,2651.199951171875,0.009404131418951023,71.55999755859375,0.016910540934567786,4.83
2024-09-25,2659.199951171875,0.003017501564325231,69.69000244140625,-0.026131849929932338,4.83
2024-09-26,2669.89990234375,0.004023748258253246,67.66999816894531,-0.02898556753760073,4.83
2024-09-27,2644.300048828125,-0.009588319582000904,68.18000030517578,0.007536606325260875,4.83
2024-09-30,2636.10009765625,-0.0031009911963315595,68.16999816894531,-0.00014670190944121586,4.83
2024-10-01,2667.300048828125,0.011835647363927837,69.83000183105469,0.024350941861482678,4.83
2024-10-02,2647.10009765625,-0.007573182919840549,70.0999984741211,0.0038664848344072134,4.83
2024-10-03,2657.10009765625,0.003777718873892999,73.70999908447266,0.051497870027547465,4.83
2024-10-04,2645.800048828125,-0.004252774985064489,74.37999725341797,0.009089651027908596,4.83
2024-10-07,2644.800048828125,-0.00037795751059988003,77.13999938964844,0.03710677921682293,4.83
2024-10-08,2615.0,-0.011267410873396222,73.56999969482422,-0.04627948824307726,4.83
2024-10-09,2606.0,-0.0034416826003823564,73.23999786376953,-0.004485548897968816,4.83
2024-10-10,2620.60009765625,0.005602493344685433,75.8499984741211,0.035636273709432675,4.83
2024-10-11,2657.60009765625,0.014118903541632033,75.55999755859375,-0.0038233476778023467,4.83
2024-10-14,2647.800048828125,-0.003687555865447112,73.83000183105469,-0.02289565621276679,4.83
2024-10-15,2661.39990234375,0.005136284184919404,70.58000183105469,-0.044020044960001226,4.83
2024-10-16,2674.0,0.004734387209210489,70.38999938964844,-0.002692015251870572,4.83
2024-10-17,2691.0,0.006357516828721099,70.66999816894531,0.003977820453541003,4.83
2024-10-18,2713.699951171875,0.00843550768185608,69.22000122070312,-0.020517857447453047,4.83
2024-10-21,2723.10009765625,0.003463959410956896,70.55999755859375,0.01935851364142782,4.83
2024-10-22,2744.199951171875,0.007748467834063577,72.08999633789062,0.02168365691943719,4.83
2024-10-23,2714.39990234375,-0.010859284803718228,70.7699966430664,-0.018310441973630964,4.83
2024-10-24,2734.89990234375,0.007552313858506743,70.19000244140625,-0.00819548154828098,4.83
2024-10-25,2740.89990234375,0.0021938645706405246,71.77999877929688,0.022652746581935723,4.83
2024-10-28,2742.89990234375,0.0007296873549778038,67.37999725341797,-0.06129843411404423,4.83
2024-10-29,2768.39990234375,0.009296730069591863,67.20999908447266,-0.0025229767865074804,4.83
2024-10-30,2788.5,0.007260547018237196,68.61000061035156,0.020830256583091344,4.83
2024-10-31,2738.300048828125,-0.018002492799668257,69.26000213623047,0.009473859788609929,4.83
2024-11-01,2738.60009765625,0.0001095748540242969,69.48999786376953,0.003320758308477556,4.83
2024-11-04,2736.10009765625,-0.0009128751591513939,71.47000122070312,0.02849335757378002,4.83
2024-11-05,2740.300048828125,0.0015350137136695974,71.98999786376953,0.007275732953475611,4.83
2024-11-06,2667.60009765625,-0.026529923685898793,71.69000244140625,-0.00416718198729471,4.83
2024-11-07,2698.39990234375,0.01154588527514333,72.36000061035156,0.009345768532968313,4.83
2024-11-08,2687.5,-0.004039394729551615,70.37999725341797,-0.02736323024091214,4.58
2024-11-11,2611.199951171875,-0.028390715843023218,68.04000091552734,-0.03324803110555652,4.58
2024-11-12,2600.0,-0.004289197066983941,68.12000274658203,0.0011758058491799783,4.58
2024-11-13,2580.800048828125,-0.007384596604567362,68.43000030517578,0.004550756695459901,4.58
2024-11-14,2568.199951171875,-0.00488224481473154,68.69999694824219,0.003945588804067146,4.58
2024-11-15,2565.699951171875,-0.0009734444542992549,67.0199966430664,-0.02445415400005735,4.58
2024-11-18,2610.60009765625,0.017500154865679907,69.16000366210938,0.0319308732651864,4.58
2024-11-19,2627.10009765625,0.006320385881703361,69.38999938964844,0.0033255597941077575,4.58
2024-11-20,2648.199951171875,0.008031613844653007,68.87000274658203,-0.007493826886298849,4.58
2024-11-21,2672.10009765625,0.009025053593026078,70.0999984741211,0.01785967298513147,4.58
2024-11-22,2709.89990234375,0.01414610355377599,71.23999786376953,0.01626247381544932,4.58
2024-11-25,2616.800048828125,-0.034355458456271526,68.94000244140625,-0.03228516972672435,4.58
2024-11-26,2620.300048828125,0.0013375114394267307,68.7699966430664,-0.002465996407301163,4.58
2024-11-27,2639.89990234375,0.007480003492115639,68.72000122070312,-0.0007269946895994694,4.58
2024-11-29,2657.0,0.00647755531983174,68.0,-0.01047731676241892,4.58
2024-12-02,2634.89990234375,-0.008317688240967236,68.0999984741211,0.0014705657958984375,4.58
2024-12-03,2644.699951171875,0.003719324904679633,69.94000244140625,0.02701914843631581,4.58
2024-12-04,2653.800048828125,0.0034408809408483787,68.54000091552734,-0.020017178681853598,4.58
2024-12-05,2626.60009765625,-0.010249435025779796,68.30000305175781,-0.003501573687828219,4.58
2024-12-06,2638.60009765625,0.004568643704349062,67.19999694824219,-0.01610550592043225,4.58
2024-12-09,2664.89990234375,0.009967332568076914,68.37000274658203,0.017410801361211092,4.58
2024-12-10,2697.60009765625,0.012270703032313035,68.58999633789062,0.003217691713777171,4.58
2024-12-11,2733.800048828125,0.013419317119437668,70.29000091552734,0.02478502213736955,4.58
2024-12-12,2687.5,-0.016936150413770057,70.0199966430664,-0.003841289926648672,4.58
2024-12-13,2656.0,-0.011720930232558158,71.29000091552734,0.01813773683730524,4.58
2024-12-16,2651.39990234375,-0.0017319644790098065,70.70999908447266,-0.008135808999945704,4.58
2024-12-17,2644.39990234375,-0.002640114753648559,70.08000183105469,-0.00890959215917042,4.58
2024-12-18,2636.5,-0.0029874083480143643,70.58000183105469,0.0071347030099311315,4.58
2024-12-19,2592.199951171875,-0.016802597696994104,69.91000366210938,-0.009492747967746795,4.33
2024-12-20,2628.699951171875,0.014080703914641779,69.45999908447266,-0.006436912517008175,4.33
2024-12-23,2612.300048828125,-0.006238788240719106,69.23999786376953,-0.0031673081428574834,4.33
2024-12-24,2620.0,0.002947575327470142,70.0999984741211,0.01242057534495622,4.33
2024-12-26,2638.800048828125,0.007175591155772931,69.62000274658203,-0.006847300113940302,4.33
2024-12-27,2617.199951171875,-0.008185575737669981,70.5999984741211,0.014076352899701217,4.33
2024-12-30,2606.10009765625,-0.0042411178827413964,70.98999786376953,0.005524070794298952,4.33
2024-12-31,2629.199951171875,0.008863762959987476,71.72000122070312,0.010283186067063577,4.33
2025-01-02,2658.89990234375,0.011296193413755873,73.12999725341797,0.01965973241377794,4.33
2025-01-03,2645.0,-0.005227689215189235,73.95999908447266,0.011349676770511463,4.33
2025-01-06,2638.39990234375,-0.002495311023156921,73.55999755859375,-0.005408349524478107,4.33
2025-01-07,2656.699951171875,0.006936040594857751,74.25,0.009380131379920664,4.33
2025-01-08,2664.5,0.002935991633034929,73.31999969482422,-0.01252525663536408,4.33
2025-01-09,2683.800048828125,0.007243403575952323,73.91999816894531,0.008183285278483776,4.33
2025-01-10,2708.5,0.009203349997202626,76.56999969482422,0.03584958862988996,4.33
2025-01-13,2673.5,-0.012922281705741168,78.81999969482422,0.029384876700634166,4.33
2025-01-14,2677.5,0.0014961660744343686,77.5,-0.016747014716252284,4.33
2025-01-15,2712.5,0.013071895424836555,80.04000091552734,0.032774205361643105,4.33
2025-01-16,2746.39990234375,0.012497659850230436,78.68000030517578,-0.01699151167910251,4.33
2025-01-17,2744.300048828125,-0.0007645840337501264,77.87999725341797,-0.010167806922405265,4.33
2025-01-21,2755.0,0.0038989727732010593,75.88999938964844,-0.025552104955707255,4.33
2025-01-22,2767.60009765625,0.0045735381692377786,75.44000244140625,-0.0059295948328017545,4.33
2025-01-23,2763.10009765625,-0.0016259574509376318,74.62000274658203,-0.010869560820350066,4.33
2025-01-24,2777.300048828125,0.005139137443453512,74.66000366210938,0.0005360615660010559,4.33
2025-01-27,2737.5,-0.014330482169155112,73.16999816894531,-0.01995721162709041,4.33
2025-01-28,2766.800048828125,0.010703214183789944,73.7699966430664,0.008200061352136911,4.33
2025-01-29,2769.10009765625,0.0008313028724642457,72.62000274658203,-0.015588910787790566,4.33
2025-01-30,2823.0,0.019464772107505413,72.7300033569336,0.0015147425804351577,4.33
2025-01-31,2812.5,-0.0037194473963868546,72.52999877929688,-0.0027499596920842473,4.33
2025-02-03,2833.89990234375,0.007608854166666568,73.16000366210938,0.00868612840777172,4.33
2025-02-04,2853.300048828125,0.006845741611526401,72.69999694824219,-0.006287680301271359,4.33
2025-02-05,2871.60009765625,0.006413643330515084,71.02999877929688,-0.022971089945632905,4.33
2025-02-06,2856.0,-0.005432545314712378,70.61000061035156,-0.005912968832370691,4.33
2025-02-07,2867.300048828125,0.003956599729735721,71.0,0.0055232882917048975,4.33
2025-02-10,2914.300048828125,0.016391727129920985,72.31999969482422,0.018591544997524245,4.33
2025-02-11,2912.5,-0.0006176607754746488,73.31999969482422,0.0138274336866675,4.33
2025-02-12,2909.0,-0.001201716738197467,71.37000274658203,-0.02659570316910187,4.33
2025-02-13,2925.89990234375,0.005809522978257098,71.29000091552734,-0.0011209447663713679,4.33
2025-02-14,2883.60009765625,-0.014457023855674711,70.73999786376953,-0.007715009744627688,4.33
2025-02-18,2931.60009765625,0.01664585877875835,71.8499984741211,0.015691272884813978,4.33
2025-02-19,2919.39990234375,-0.004161616491367259,72.25,0.005567175147860093,4.33
2025-02-20,2940.0,0.007056278120620485,72.56999969482422,0.004429061520058397,4.33
2025-02-21,2937.60009765625,-0.0008162933142006334,70.4000015258789,-0.02990213832259503,4.33
2025-02-24,2947.89990234375,0.0035061970129008913,70.69999694824219,0.004261298520753742,4.33
2025-02-25,2904.5,-0.014722312080286182,68.93000030517578,-0.02503531427819128,4.33
2025-02-26,2916.800048828125,0.004234824867662246,68.62000274658203,-0.004497280679258475,4.33
2025-02-27,2883.199951171875,-0.011519506683274172,70.3499984741211,0.025211245384644476,4.33
2025-02-28,2836.800048828125,-0.016093196146486743,69.76000213623047,-0.008386586363717696,4.33
2025-03-03,2890.199951171875,0.018823992323959926,68.37000274658203,-0.01992544935612217,4.33
2025-03-04,2909.60009765625,0.006712389043017186,68.26000213623047,-0.0016089016517856214,4.33
2025-03-05,2915.300048828125,0.0019590153218878026,66.30999755859375,-0.02856730906256022,4.33
2025-03-06,2916.60009765625,0.0004459399740508463,66.36000061035156,0.0007540801326924029,4.33
2025-03-07,2904.699951171875,-0.00408014334702167,67.04000091552734,0.010247141333957543,4.33
2025-03-10,2891.0,-0.0047164772273115,66.02999877929688,-0.015065664117503652,4.33
2025-03-11,2912.89990234375,0.007575199703822255,66.25,0.0033318374189050814,4.33
2025-03-12,2939.10009765625,0.008994540214519287,67.68000030517578,0.021584910266804203,4.33
2025-03-13,2984.300048828125,0.015378840349098422,66.55000305175781,-0.016696176836919374,4.33
2025-03-14,2994.5,0.003417870524071498,67.18000030517578,0.009466524786302388,4.33
2025-03-17,3000.0,0.0018367006177992806,67.58000183105469,0.005954175707976184,4.33
2025-03-18,3035.10009765625,0.011700032552083295,66.9000015258789,-0.010062152807804536,4.33
2025-03-19,3035.89990234375,0.000263518388773365,67.16000366210938,0.003886429451423812,4.33
2025-03-20,3040.0,0.0013505378267197887,68.26000213623047,0.01637877328975934,4.33
2025-03-21,3018.199951171875,-0.007171068693462179,68.27999877929688,0.000292948175221186,4.33
2025-03-24,3013.10009765625,-0.0016897003505831343,69.11000061035156,0.012155855973833951,4.33
2025-03-25,3023.699951171875,0.003517922794489925,69.0,-0.0015916742783979032,4.33
2025-03-26,3020.89990234375,-0.000926033956193284,69.6500015258789,0.00942031196925952,4.33
2025-03-27,3060.199951171875,0.013009384653107636,69.91999816894531,0.0038764772024604266,4.33
2025-03-28,3086.5,0.008594225621777918,69.36000061035156,-0.008009118610681987,4.33
2025-03-31,3122.800048828125,0.011760910036651584,71.4800033569336,0.030565206573334835,4.33
2025-04-01,3118.89990234375,-0.0012489260994595908,71.19999694824219,-0.003917269103824728,4.33
2025-04-02,3139.89990234375,0.006733143306144385,71.70999908447266,0.007162951658568284,4.33
2025-04-03,3097.0,-0.013662824828182485,66.94999694824219,-0.06637849947011298,4.33
2025-04-04,3012.0,-0.02744591540200192,61.9900016784668,-0.0740850708867078,4.33
2025-04-07,2951.300048828125,-0.020152706232362205,60.70000076293945,-0.02080982223905059,4.33
2025-04-08,2968.39990234375,0.00579400712659317,59.58000183105469,-0.01845138250094691,4.33
2025-04-09,3056.5,0.029679322380616213,62.349998474121094,0.04649205367467135,4.33
2025-04-10,3155.199951171875,0.0322918210933667,60.06999969482422,-0.03656774394698992,4.33
2025-04-11,3222.199951171875,0.02123478734687345,61.5,0.023805565381066485,4.33
2025-04-14,3204.800048828125,-0.005400007016144959,61.529998779296875,0.00048778502921753564,4.33
2025-04-15,3218.699951171875,0.004337213595847489,61.33000183105469,-0.003250397403054772,4.33
2025-04-16,3326.60009765625,0.03352289685936416,62.470001220703125,0.01858795623043985,4.33
2025-04-17,3308.699951171875,-0.005380913232397977,64.68000030517578,0.03537696560409609,4.33
2025-04-21,3406.199951171875,0.029467767231497577,63.08000183105469,-0.024737143886393254,4.33
2025-04-22,3400.800048828125,-0.0015853157246075167,64.30999755859375,0.01949898053004695,4.33
2025-04-23,3276.300048828125,-0.03660903264303972,62.27000045776367,-0.03172130583540156,4.33
2025-04-24,3332.0,0.017000869988021305,62.790000915527344,0.008350737978818135,4.33
2025-04-25,3282.39990234375,-0.014885983690351101,63.02000045776367,0.0036629963192029713,4.33
2025-04-28,3332.5,0.015263252238240987,62.04999923706055,-0.015391958325249866,4.33
2025-04-29,3318.800048828125,-0.0041110131048387455,60.41999816894531,-0.02626915532888008,4.33
2025-04-30,3305.0,-0.004158144095784855,58.209999084472656,-0.03657727824309254,4.33
2025-05-01,3210.0,-0.02874432677760963,59.2400016784668,0.01769459904129933,4.33
2025-05-02,3231.89990234375,0.006822399484034181,58.290000915527344,-0.01603647427452337,4.33
2025-05-05,3311.300048828125,0.024567637885936522,57.130001068115234,-0.019900494582135275,4.33
2025-05-06,3411.39990234375,0.03022977442079,59.09000015258789,0.03430770257006954,4.33
2025-05-07,3381.39990234375,-0.008794043752944014,58.06999969482422,-0.017261811730068133,4.33
2025-05-08,3296.60009765625,-0.025078312869389552,59.90999984741211,0.03168589912618658,4.33
2025-05-09,3335.39990234375,0.011769642522029056,61.02000045776367,0.018527801922528564,4.33
2025-05-12,3220.0,-0.03459852063396052,61.95000076293945,0.015240909508342337,4.33
2025-05-13,3240.300048828125,0.0063043629901009535,63.66999816894531,0.027764283855099103,4.33
2025-05-14,3181.39990234375,-0.01817737419276233,63.150001525878906,-0.008167059180473335,4.33
2025-05-15,3220.699951171875,0.012353067842610033,61.619998931884766,-0.02422806899485419,4.33
2025-05-16,3182.0,-0.012016006383268829,62.4900016784668,0.014118837417438801,4.33
2025-05-19,3228.89990234375,0.01473912707220304,62.689998626708984,0.003200463160030642,4.33
2025-05-20,3280.300048828125,0.015918779782261305,62.560001373291016,-0.002073652197570497,4.33
2025-05-21,3309.300048828125,0.008840654686561367,61.56999969482422,-0.01582483466647533,4.33
2025-05-22,3292.300048828125,-0.0051370379685032885,61.20000076293945,-0.006009402853966006,4.33
2025-05-23,3363.60009765625,0.021656607165408293,61.529998779296875,0.005392124383064578,4.33
2025-05-27,3299.10009765625,-0.0191758824257805,60.88999938964844,-0.010401420483430623,4.33
2025-05-28,3293.60009765625,-0.0016671212867737095,61.84000015258789,0.015601917760914796,4.33
2025-05-29,3317.10009765625,0.007135049581982633,60.939998626708984,-0.014553711572739103,4.33
2025-05-30,3288.89990234375,-0.008501460457109866,60.790000915527344,-0.0024613999764007133,4.33
2025-06-02,3370.60009765625,0.024841192416430236,62.52000045776367,0.028458620104979238,4.33
2025-06-03,3350.199951171875,-0.006052378179944973,63.40999984741211,0.014235434790978552,4.33
2025-06-04,3373.5,0.006954823344193173,62.849998474121094,-0.008831436281952154,4.33
2025-06-05,3350.699951171875,-0.0067585738337409,63.369998931884766,0.00827367494651221,4.33
2025-06-06,3322.699951171875,-0.008356462950437349,64.58000183105469,0.019094254687782586,4.33
2025-06-09,3332.10009765625,0.002829068715957783,65.29000091552734,0.010994101336975204,4.33
2025-06-10,3320.89990234375,-0.0033613021770798612,64.9800033569336,-0.004748009714302559,4.33
2025-06-11,3321.300048828125,0.0001204933891842952,68.1500015258789,0.048784210606031886,4.33
2025-06-12,3380.89990234375,0.01794473628983151,68.04000091552734,-0.0016140954935971452,4.33
2025-06-13,3431.199951171875,0.014877710160320134,72.9800033569336,0.07260438528710988,4.33
2025-06-16,3396.39990234375,-0.010142238669664128,71.7699966430664,-0.016579976133314744,4.33
2025-06-17,3386.60009765625,-0.002885350656363417,74.83999633789062,0.042775530701112396,4.33
2025-06-18,3389.800048828125,0.0009448860448830754,75.13999938964844,0.00400859254994268,4.33
2025-06-20,3368.10009765625,-0.006401543117381503,74.93000030517578,-0.0027947709100140106,4.33
2025-06-23,3377.699951171875,0.00285022809218316,68.51000213623047,-0.08567994318427696,4.33
2025-06-24,3317.39990234375,-0.017852399472962133,64.37000274658203,-0.060429123639729965,4.33
2025-06-25,3327.10009765625,0.0029240355694371,64.91999816894531,0.008544281480436622,4.33
2025-06-26,3333.5,0.0019235677184039623,65.23999786376953,0.004929138999533844,4.33
2025-06-27,3273.699951171875,-0.017939117692552853,65.5199966430664,0.004291826923133124,4.33
2025-06-30,3294.39990234375,0.006323105807074736,65.11000061035156,-0.00625757102748925,4.33
2025-07-01,3336.699951171875,0.012839986061810915,65.44999694824219,0.005221875820971444,4.33
2025-07-02,3348.0,0.00338659423786547,67.44999694824219,0.030557679041323782,4.33
2025-07-03,3331.60009765625,-0.0048984176653972256,67.0,-0.006671563656073909,4.33
2025-07-04,3332.5,0.0002701111530112321,66.5,-0.007462686567164201,4.33
2025-07-07,3332.199951171875,-9.003715772692988e-05,67.93000030517578,0.021503763987605673,4.33
2025-07-08,3307.0,-0.007562556731630865,68.33000183105469,0.005888436980449052,4.33
2025-07-09,3311.60009765625,0.0013910183417751298,68.37999725341797,0.0007316759991737865,4.33
2025-07-10,3317.39990234375,0.0017513602235985637,66.56999969482422,-0.02646969335032079,4.33
2025-07-11,3356.0,0.011635648035372315,68.44999694824219,0.028240908247505025,4.33
2025-07-14,3351.5,-0.001340882002383803,66.9800033569336,-0.021475436915214363,4.33
2025-07-15,3329.800048828125,-0.0064746982461211244,66.5199966430664,-0.006867821600662349,4.33
2025-07-16,3352.5,0.006817211495886655,66.37999725341797,-0.0021046211171603657,4.33
2025-07-17,3340.10009765625,-0.003698703159955241,67.54000091552734,0.01747519900732808,4.33
2025-07-18,3353.0,0.0038621304651325072,67.33999633789062,-0.0029612759094698182,4.33
2025-07-21,3401.89990234375,0.014583925542424714,67.19999694824219,-0.002078993128332929,4.33
2025-07-22,3439.199951171875,0.010964475704422494,66.20999908447266,-0.014732111737029263,4.33
2025-07-23,3394.10009765625,-0.013113472364483347,65.25,-0.01449930671722044,4.33
2025-07-24,3371.0,-0.006805956510299027,66.02999877929688,0.011954004280411823,4.33
2025-07-25,3334.0,-0.010975971521803629,65.16000366210938,-0.013175755463746608,4.33
2025-07-28,3309.10009765625,-0.007468477007723462,66.70999908447266,0.023787528165297056,4.33
2025-07-29,3323.39990234375,0.00432135754902907,69.20999908447266,0.03747564134777348,4.33
2025-07-30,3295.800048828125,-0.008304704316853595,70.0,0.011414548850999573,4.33
2025-07-31,3293.199951171875,-0.0007889124393861691,69.26000213623047,-0.010571398053850434,4.33
2025-08-01,3347.699951171875,0.01654925325156964,67.33000183105469,-0.02786601567495739,4.33
2025-08-04,3374.39990234375,0.007975610586763882,66.29000091552734,-0.01544632240077648,4.33
2025-08-05,3381.89990234375,0.00222261741851959,65.16000366210938,-0.017046269992633034,4.33
2025-08-06,3380.0,-0.0005617855047789222,64.3499984741211,-0.012431018147092243,4.33
2025-08-07,3400.300048828125,0.006005931605954196,63.880001068115234,-0.007303767166286335,4.33
2025-08-08,3439.10009765625,0.011410772070393316,63.880001068115234,0.0,4.33
2025-08-11,3353.10009765625,-0.025006541699268636,63.959999084472656,0.0012523170792080318,4.33
2025-08-12,3348.89990234375,-0.0012526304584333792,63.16999816894531,-0.012351484159403792,4.33
2025-08-13,3358.699951171875,0.002926348685807545,62.650001525878906,-0.008231702677522601,4.33
2025-08-14,3335.199951171875,-0.006996754798475169,63.959999084472656,0.0209097769622979,4.33
2025-08-15,3336.0,0.00023988031897270723,62.79999923706055,-0.018136333083433653,4.33
2025-08-18,3331.699951171875,-0.0012889834616681695,63.41999816894531,0.009872594576703086,4.33
2025-08-19,3313.39990234375,-0.00549270615491293,62.349998474121094,-0.016871644997116464,4.33
2025-08-20,3343.39990234375,0.009054144046657164,63.209999084472656,0.013793113574950722,4.33
2025-08-21,3336.89990234375,-0.0019441287880170854,63.52000045776367,0.004904309093197945,4.33
2025-08-22,3374.39990234375,0.011237975695243652,63.65999984741211,0.002204020602007528,4.33
2025-08-25,3373.800048828125,-0.00017776598298513413,64.80000305175781,0.017907684685488423,4.33
2025-08-26,3388.60009765625,0.00438675932596122,63.25,-0.023919799054944124,4.33
2025-08-27,3404.60009765625,0.004721713846100206,64.1500015258789,0.014229273136425302,4.33
2025-08-28,3431.800048828125,0.007989176523433672,64.5999984741211,0.007014761302237105,4.33
2025-08-29,3473.699951171875,0.012209307578411543,64.01000213623047,-0.009133070461711856,4.33
2025-09-02,3549.39990234375,0.02179231143620708,65.58999633789062,0.024683551772073153,4.33
2025-09-03,3593.199951171875,0.012340127918300414,63.970001220703125,-0.024698813960013055,4.33
2025-09-04,3565.800048828125,-0.007625487786955487,63.47999954223633,-0.007659866642432012,4.33
2025-09-05,3613.199951171875,0.01329292211977151,61.869998931884766,-0.025362328638335097,4.33
2025-09-08,3638.10009765625,0.0068914388411576155,62.2599983215332,0.00630352992373262,4.33
2025-09-09,3643.300048828125,0.0014293040412012292,62.630001068115234,0.005942864705379636,4.33
2025-09-10,3643.60009765625,8.235633192543723e-05,63.66999816894531,0.016605414068235458,4.33
2025-09-11,3636.89990234375,-0.001838894261971813,62.369998931884766,-0.02041776777833515,4.33
2025-09-12,3649.39990234375,0.00343699313581447,62.689998626708984,0.0051306669922135395,4.33
2025-09-15,3682.199951171875,0.008987792433232666,63.29999923706055,0.00973042947382785,4.33
2025-09-16,3688.89990234375,0.0018195511543968035,64.5199966430664,0.019273260990682273,4.33
2025-09-17,3681.800048828125,-0.0019246533393638687,64.05000305175781,-0.00728446397647331,4.33
2025-09-18,3643.699951171875,-0.010348225637178965,63.56999969482422,-0.007494197253132273,4.08
2025-09-19,3671.5,0.007629620770278844,62.68000030517578,-0.014000305079770237,4.08
2025-09-22,3740.699951171875,0.01884786903768898,62.63999938964844,-0.0006381766964356217,4.09
2025-09-23,3780.60009765625,0.010666492101799152,63.40999984741211,0.012292472306296265,4.09
2025-09-24,3732.10009765625,-0.012828651205417652,64.98999786376953,0.024917174265249642,4.09
2025-09-25,3736.89990234375,0.0012860868041868478,64.9800033569336,-0.00015378530796217316,4.09
2025-09-26,3775.300048828125,0.010275936601965352,65.72000122070312,0.011388085957840577,4.09
2025-09-29,3820.89990234375,0.012078471360118748,63.45000076293945,-0.03454048106512475,4.09
2025-09-30,3840.800048828125,0.005208235492420998,62.369998931884766,-0.017021305249305896,4.09
2025-10-01,3867.5,0.006951663932628138,61.779998779296875,-0.009459678734839105,4.09
2025-10-02,3839.699951171875,-0.007188118636877849,60.47999954223633,-0.021042396612934056,4.09
2025-10-03,3880.800048828125,0.010703986816393396,60.880001068115234,0.006613781893294535,4.09
2025-10-06,3948.5,0.01744484392910639,61.689998626708984,0.013304821688282953,4.09
2025-10-07,3976.60009765625,0.007116651299544197,61.72999954223633,0.0006484181620654006,4.09
2025-10-08,4043.300048828125,0.016773110077421993,62.54999923706055,0.013283649779766593,4.1
2025-10-09,3946.300048828125,-0.02399030465921359,61.5099983215332,-0.01662671348061584,4.1
2025-10-10,3975.89990234375,0.007500659643053353,58.900001525878906,-0.0424320739209092,4.1
2025-10-13,4108.60009765625,0.033376140891845596,59.4900016784668,0.010016980259816455,4.1
2025-10-14,4138.7001953125,0.007326120075161535,58.70000076293945,-0.013279557795226826,4.1
2025-10-15,4176.89990234375,0.009229880210824382,58.27000045776367,-0.007325388408636391,4.1
2025-10-16,4280.2001953125,0.024731330743833713,57.459999084472656,-0.013900830048527935,4.11
2025-10-17,4189.89990234375,-0.021097212477968474,57.540000915527344,0.0013923047742669947,4.11
2025-10-20,4336.39990234375,0.03496503577998378,57.52000045776367,-0.00034759223923253035,4.11
2025-10-21,4087.699951171875,-0.057351710352510854,57.81999969482422,0.005215563885136554,4.11
2025-10-22,4044.39990234375,-0.010592765943036375,58.5,0.011760641798077565,4.11
2025-10-23,4125.5,0.02005244278866991,61.790000915527344,0.05623933188935637,4.11
2025-10-24,4118.39990234375,-0.001721027186098678,61.5,-0.004693330817777452,4.11
2025-10-27,4001.89990234375,-0.028287685208447266,61.310001373291016,-0.0030894085643736746,4.12
2025-10-28,3966.199951171875,-0.008920750654199727,60.150001525878906,-0.018920238483593477,4.12
2025-10-29,3983.699951171875,0.0044122838524138785,60.47999954223633,0.005486251171838097,4.12
2025-10-30,4001.300048828125,0.00441802793181556,60.56999969482422,0.001488097772306407,3.87
2025-10-31,3982.199951171875,-0.004773472977074977,60.97999954223633,0.0067690250863108314,3.86
2025-11-03,4000.300048828125,0.004545250835765735,61.04999923706055,0.0011479123540454328,3.87
2025-11-04,3947.699951171875,-0.013149038075696118,60.560001373291016,-0.008026173135020742,3.87
2025-11-05,3980.300048828125,0.008257997836581543,59.599998474121094,-0.01585209506935903,3.87
2025-11-06,3979.89990234375,-0.00010053173867952125,59.43000030517578,-0.0028523183439195243,3.87
2025-11-07,3999.39990234375,0.004899620713705977,59.75,0.005384480787161472,3.87
2025-11-10,4111.7998046875,0.02810419190086022,60.130001068115234,0.006359850512388965,3.87
2025-11-11,4106.7998046875,-0.0012160125097286922,61.040000915527344,0.015133873794235697,3.87
2025-11-12,4204.39990234375,0.023765487069725033,58.4900016784668,-0.04177587154019646,3.87
2025-11-13,4186.89990234375,-0.004162306252134762,58.689998626708984,0.0034193356557179477,3.88
2025-11-14,4087.60009765625,-0.02371678497303309,60.09000015258789,0.023854175475168438,3.88
2025-11-17,4068.300048828125,-0.004721608857772397,59.90999984741211,-0.0029955118109286083,3.88
2025-11-18,4061.300048828125,-0.0017206203859069236,60.7400016784668,0.01385414510380012,3.88
2025-11-19,4077.699951171875,0.004038091780114161,59.439998626708984,-0.021402749684458433,3.88
2025-11-20,4056.5,-0.005198997333235034,59.13999938964844,-0.005047093606858621,3.88
2025-11-21,4076.699951171875,0.0049796502334216175,58.060001373291016,-0.018261718422446616,3.88
2025-11-24,4091.89990234375,0.003728493966671742,58.84000015258789,0.013434356886799836,3.88
2025-11-25,4139.2001953125,0.01155949414638835,57.95000076293945,-0.015125754373562672,3.88
2025-11-26,4165.2001953125,0.006281406738781081,58.650001525878906,0.012079391781252946,3.88
2025-11-28,4218.2998046875,0.012748393086785548,58.54999923706055,-0.001705068818697919,3.89
2025-12-01,4239.2998046875,0.004978309027884764,59.31999969482422,0.013151160850507493,3.89
2025-12-02,4186.60009765625,-0.012431229084807538,58.63999938964844,-0.011463255372118786,3.89
2025-12-03,4199.2998046875,0.0030334177459079292,58.95000076293945,0.005286517334884833,3.89
2025-12-04,4211.7998046875,0.0029766867290701438,59.66999816894531,0.012213696296650589,3.89
2025-12-05,4212.89990234375,0.0002611941942316509,60.08000183105469,0.0068711861017412,3.89
2025-12-08,4187.2001953125,-0.006100241550233032,58.880001068115234,-0.019973380931542994,3.89
2025-12-09,4206.7001953125,0.004657049840088856,58.25,-0.010699746207314398,3.89
2025-12-10,4196.39990234375,-0.002448544581386547,58.459999084472656,0.0036051344973846433,3.89
2025-12-11,4285.5,0.021232508752677903,57.599998474121094,-0.014710924115973634,3.64
2025-12-12,4300.10009765625,0.0034068597961147695,57.439998626708984,-0.0027777752022684066,3.64
2025-12-15,4306.7001953125,0.001534870702160518,56.81999969482422,-0.010793853529036723,3.64
2025-12-16,4304.5,-0.0005108772871849077,55.27000045776367,-0.027279113787143094,3.64
2025-12-17,4347.5,0.009989545824137469,55.939998626708984,0.012122275436876606,3.64
2025-12-18,4339.5,-0.001840138010350767,56.150001525878906,0.003754074085186909,3.64
2025-12-19,4361.39990234375,0.005046641858220902,56.65999984741211,0.009082783751985346,3.64
2025-12-22,4444.60009765625,0.019076488553088078,58.0099983215332,0.023826305643429135,3.64
2025-12-23,4482.7998046875,0.008594633081026481,58.380001068115234,0.006378258184584151,3.64
2025-12-24,4480.60009765625,-0.000490699368048908,58.349998474121094,-0.0005139190381160397,3.64
2025-12-26,4529.10009765625,0.010824442919012078,56.7400016784668,-0.027592062343726576,3.64
2025-12-29,4325.10009765625,-0.04504206036549452,58.08000183105469,0.023616498289537935,3.64
2025-12-30,4370.10009765625,0.010404383478751278,57.95000076293945,-0.002238310330867188,3.64
2025-12-31,4325.60009765625,-0.010182833117224455,57.41999816894531,-0.009145860000283057,3.64
2026-01-02,4314.39990234375,-0.0025892812695673673,57.31999969482422,-0.0017415269472296213,3.64
2026-01-05,4436.89990234375,0.028393288237711367,58.31999969482422,0.017445917748152073,3.64
2026-01-06,4482.2001953125,0.010209897443217208,57.130001068115234,-0.020404640482441505,3.64
2026-01-07,4449.2998046875,-0.00734023229471259,55.9900016784668,-0.01995447870356648,3.64
2026-01-08,4449.7001953125,8.998958096251286e-05,57.7599983215332,0.03161272709422214,3.64
2026-01-09,4490.2998046875,0.009124122433634918,59.119998931884766,0.023545717622442286,3.64
2026-01-12,4604.2998046875,0.02538805980861092,59.5,0.006427623054476861,3.64
2026-01-13,4589.2001953125,-0.0032794583357990126,61.150001525878906,0.02773111808199835,3.64
2026-01-14,4626.2998046875,0.00808411221913885,62.02000045776367,0.01422729207155582,3.64
2026-01-15,4616.2998046875,-0.0021615546813174014,59.189998626708984,-0.045630470979792226,3.64
2026-01-16,4588.39990234375,-0.00604378041378939,59.439998626708984,0.004223686531514614,3.64
2026-01-20,4759.60009765625,0.03731152448701147,60.34000015258789,0.015141344997853023,3.64
2026-01-21,4831.7998046875,0.01516928009704066,60.619998931884766,0.004640350987550779,3.64
2026-01-22,4908.7998046875,0.015936090714126827,59.36000061035156,-0.020785192077436232,3.64
2026-01-23,4976.2001953125,0.013730523408316264,61.06999969482422,0.028807261908526005,3.64
2026-01-26,5079.7001953125,0.02079900243914934,60.630001068115234,-0.007204824445844471,3.64
2026-01-27,5079.89990234375,3.9314727950712225e-05,62.38999938964844,0.02902850553401648,3.64
2026-01-28,5301.60009765625,0.043642630676681726,63.209999084472656,0.013143127149321199,3.64
2026-01-29,5318.39990234375,0.0031688177867144063,65.41999816894531,0.034962808360734954,3.64
2026-01-30,4713.89990234375,-0.11366200569716556,65.20999908447266,-0.0032100136097579224,3.64
2026-02-02,4622.5,-0.019389444883695095,62.13999938964844,-0.04707866489688739,3.64
2026-02-03,4903.7001953125,0.06083292489183334,63.209999084472656,0.017219177749178805,3.64
2026-02-04,4920.39990234375,0.0034055318159975645,65.13999938964844,0.03053314876016011,3.64
2026-02-05,4861.39990234375,-0.011990895287168901,63.290000915527344,-0.028400345278711825,3.64
2026-02-06,4951.2001953125,0.01847210572523683,63.54999923706055,0.004108047365652956,3.64
2026-02-09,5050.89990234375,0.020136472592168664,64.36000061035156,0.01274589115681124,3.64
2026-02-10,5003.7998046875,-0.009325090294185823,63.959999084472656,-0.006215064047320307,3.64
2026-02-11,5071.60009765625,0.013549761304446184,64.62999725341797,0.010475268582484487,3.64
2026-02-12,4923.7001953125,-0.029162374693560533,62.84000015258789,-0.02769607267367502,3.64
2026-02-13,5022.0,0.019964620262842958,62.88999938964844,0.0007956594038691644,3.64
2026-02-17,4882.89990234375,-0.027698147681451624,62.33000183105469,-0.008904397583535784,3.64
2026-02-18,4986.5,0.021216920217128177,65.19000244140625,0.04588481511846543,3.64
2026-02-19,4975.89990234375,-0.0021257590807680637,66.43000030517578,0.01902128880703846,3.64
2026-02-20,5059.2998046875,0.016760767696405443,66.38999938964844,-0.0006021513675084078,3.64
2026-02-23,5204.7001953125,0.028739231956620648,66.30999755859375,-0.0012050283444823284,3.64
2026-02-24,5155.7998046875,-0.009395428898871239,65.62999725341797,-0.010254868499654402,3.64
2026-02-25,5206.39990234375,0.00981420915727682,65.41999816894531,-0.0031997423931283686,3.64
2026-02-26,5176.5,-0.005742913127032345,65.20999908447266,-0.0032100136097579224,3.64
2026-02-27,5230.5,0.010431758910460776,67.0199966430664,0.027756442018180172,3.64
2026-03-02,5294.39990234375,0.012216786606203955,71.2300033569336,0.06281717285497268,3.64
2026-03-03,5107.39990234375,-0.03532033912232768,74.55999755859375,0.046749881296137996,3.64
2026-03-04,5120.2001953125,0.002506224931178025,74.66000366210938,0.0013412836211137424,3.64
2026-03-05,5065.2998046875,-0.010722313294558417,81.01000213623047,0.0850522121973023,3.64
2026-03-06,5146.10009765625,0.015951729627923683,90.9000015258789,0.12208368261757263,3.64
2026-03-09,5091.5,-0.010609995262454652,94.7699966430664,0.04257420299476822,3.64
2026-03-10,5229.7001953125,0.02714331637287626,83.44999694824219,-0.11944708342091537,3.64
2026-03-11,5167.39990234375,-0.011912784794927855,87.25,0.045536287486201754,3.64
2026-03-12,5115.7998046875,-0.009985698539191068,95.7300033569336,0.09719201555224743,3.64
2026-03-13,5052.5,-0.012373393624492413,98.70999908447266,0.031129171869220817,3.64
2026-03-16,4994.0,-0.011578426521523966,93.5,-0.0527808644797384,3.64
2026-03-17,5001.0,0.0014016820184221679,96.20999908447266,0.02898394742751509,3.64
2026-03-18,4889.89990234375,-0.02221557641596683,96.31999969482422,0.0011433386487715858,3.64
2026-03-19,4600.7001953125,-0.059142255016843004,96.13999938964844,-0.0018687739383937974,3.64
2026-03-20,4570.39990234375,-0.006586017710874081,98.31999969482422,0.02267526855643509,3.64
2026-03-23,4404.10009765625,-0.036386269963426976,88.12999725341797,-0.10364119683721551,3.64
2026-03-24,4399.2998046875,-0.0010899600059736114,92.3499984741211,0.04788382335436259,3.64
2026-03-25,4549.7998046875,0.03420998947142473,90.31999969482422,-0.02198157891540986,3.64
2026-03-26,4375.5,-0.03830933495313904,94.4800033569336,0.046058499514673557,3.64
2026-03-27,4492.0,0.026625528511027285,99.63999938964844,0.05461468934564939,3.64
2026-03-30,4526.0,0.0075690115761353205,102.87999725341797,0.03251704018081458,3.64
2026-03-31,4647.60009765625,0.026867012297006276,101.37999725341797,-0.014580093701841212,3.64
2026-04-01,4783.2001953125,0.029176369482527553,100.12000274658203,-0.012428433033849329,3.64
2026-04-02,4651.5,-0.02753390824861668,111.54000091552734,0.11406310283321663,3.64
2026-04-06,4656.7998046875,0.0011393754030957215,112.41000366210938,0.007799916975443688,3.64
2026-04-07,4657.10009765625,6.44848353685834e-05,112.94999694824219,0.0048037831913605444,3.64
2026-04-08,4749.5,0.019840651995058467,94.41000366210938,-0.1641433712886997,3.64
2026-04-09,4792.2001953125,0.008990461166964892,97.87000274658203,0.03664864898063014,3.64
2026-04-10,4761.89990234375,-0.0063228353853806984,96.56999969482422,-0.013282957139829188,3.64
2026-04-13,4742.39990234375,-0.0040950041789837854,99.08000183105469,0.025991530953323627,3.64
2026-04-14,4825.0,0.017417362381318302,91.27999877929688,-0.07872429256771629,3.64
2026-04-15,4800.0,-0.005181347150259086,91.29000091552734,0.00010957642817954749,3.64
2026-04-16,4785.39990234375,-0.0030416870117186967,94.69000244140625,0.03724396419959519,3.64
2026-04-17,4857.60009765625,0.015087599111024863,83.8499984741211,-0.11447886458755663,3.64
2026-04-20,4806.60009765625,-0.010499011646637357,89.61000061035156,0.06869412332795921,3.64
2026-04-21,4698.39990234375,-0.022510754611198003,92.12999725341797,0.02812182374625838,3.64
2026-04-22,4732.5,0.007257810821773569,92.95999908447266,0.009009029152271086,3.64
2026-04-23,4705.10009765625,-0.0057897310816165115,95.8499984741211,0.03108863401582318,3.64
2026-04-24,4722.2998046875,0.0036555454027040746,94.4000015258789,-0.0151277722621318,3.64
2026-04-27,4675.39990234375,-0.009931580857529543,96.37000274658203,0.020868656661653384,3.64
2026-04-28,4591.5,-0.01794496815164226,99.93000030517578,0.03694093034276702,3.64
2026-04-29,4545.2001953125,-0.010083808055646348,106.87999725341797,0.06954865332750537,3.64
2026-04-30,4614.7001953125,0.01529085563088639,105.06999969482422,-0.01693485783221116,3.64
2026-05-01,4629.89990234375,0.003293758291533111,101.94000244140625,-0.029789637979528383,3.64
2026-05-04,4519.5,-0.02384498686199743,106.41999816894531,0.043947377086969386,3.64
2026-05-05,4555.7998046875,0.008031818716119021,102.2699966430664,-0.03899644425186555,3.64
2026-05-06,4681.89990234375,0.027679025212324904,95.08000183105469,-0.07030404857746886,3.64
2026-05-07,4699.7998046875,0.0038232133785665035,94.80999755859375,-0.002839758805860182,3.63
2026-05-08,4720.39990234375,0.0043831862020387025,95.41999816894531,0.006433927075829571,3.63
2026-05-11,4718.7001953125,-0.0003600769143322635,98.06999969482422,0.02777197208898463,3.63
2026-05-12,4677.60009765625,-0.008710046401565918,102.18000030517578,0.04190884697808839,3.63
2026-05-13,4697.7001953125,0.004297096211008045,101.0199966430664,-0.01135255097518939,3.63
2026-05-14,4678.10009765625,-0.004172275122156011,101.16999816894531,0.001484869638324282,3.63
2026-05-15,4555.7998046875,-0.02614315436089598,105.41999816894531,0.0420085013039424,3.63
2026-05-18,4552.5,-0.000724308536144358,108.66000366210938,0.030734258674256942,3.63
2026-05-19,4506.2998046875,-0.01014831308347064,107.7699966430664,-0.008190750865521235,3.62
2026-05-20,4531.2998046875,0.0055477888918964435,98.26000213623047,-0.08824343326587436,3.62
2026-05-21,4539.7998046875,0.0018758414508805998,96.3499984741211,-0.019438261964021653,3.62
2026-05-22,4521.0,-0.0041411087484714,96.5999984741211,0.0025947068392238037,3.62
2026-05-26,4500.39990234375,-0.004556535646151327,93.88999938964844,-0.02805382119336841,3.62
2026-05-27,4447.5,-0.011754489265765167,88.68000030517578,-0.05549045817809506,3.62
2026-05-28,4499.2998046875,0.011646948777403132,88.9000015258789,0.002480843707104441,3.62
2026-05-29,4560.5,0.013602159884686937,87.36000061035156,-0.01732284464673539,3.62
2026-06-01,4475.2001953125,-0.018704046636881966,92.16000366210938,0.054945089494299326,3.62
2026-06-02,4489.10009765625,0.003105984478260826,93.76000213623047,0.017361093864397548,3.62
2026-06-03,4436.7001953125,-0.011672696354244283,96.0199966430664,0.024104036426452202,3.62
2026-06-04,4475.7998046875,0.008812767970283408,93.04000091552734,-0.031035157589273332,3.62
2026-06-05,4337.10009765625,-0.030988809393572514,90.54000091552734,-0.02687016310618695,3.62
2026-06-08,4335.89990234375,-0.00027672760265518015,91.30000305175781,0.00839410347410463,3.62
2026-06-09,4260.0,-0.017504994131142815,88.19999694824219,-0.033954063525695966,3.62
2026-06-10,4108.2001953125,-0.0356337569688967,90.02999877929688,0.020748320797886022,3.62
2026-06-11,4090.300048828125,-0.004357174829210941,87.70999908447266,-0.025769185008116646,3.62
2026-06-12,4215.0,0.030486749060769203,84.87999725341797,-0.03226544134756104,3.62
2026-06-15,4328.0,0.026809015421115134,80.75,-0.04865689664300343,3.63
2026-06-16,4330.89990234375,0.0006700328890365537,76.05000305175781,-0.05820429657265869,3.63
2026-06-17,4358.89990234375,0.006465169048318842,76.79000091552734,0.009730412019390844,3.63
2026-06-18,4224.10009765625,-0.030925189315546997,76.5999984741211,-0.00247431226905781,3.63
2026-06-22,4181.89990234375,-0.009990339797088299,74.81999969482422,-0.023237582438049742,3.63
2026-06-23,4129.89990234375,-0.012434539614603501,73.20999908447266,-0.02151831885750377,3.63
2026-06-24,3990.300048828125,-0.033802236571496835,70.33999633789062,-0.03920233277520613,3.63
2026-06-25,4030.5,0.010074418133964924,71.91999816894531,0.02246235304683375,3.63
2026-06-26,4078.699951171875,0.011958801928265705,69.2300033569336,-0.03740259844963745,3.63
2026-06-29,4022.300048828125,-0.01382791159412089,70.75,0.02195574995467875,3.63
2026-06-30,4022.89990234375,0.00014913196637333925,69.5,-0.017667844522968212,3.63
2026-07-01,4068.300048828125,0.011285427822333993,68.58000183105469,-0.01323738372583183,3.63
2026-07-02,4112.7001953125,0.010913685311181531,68.69000244140625,0.001603975027917759,3.63
2026-07-06,4155.10009765625,0.010309504785220192,68.55000305175781,-0.0020381334207676405,3.63
2026-07-07,4145.2998046875,-0.002358617780177652,70.44000244140625,0.027571105842568944,3.63
2026-07-08,4070.89990234375,-0.017948014823829794,73.5199966430664,0.04372507232977707,3.62
2026-07-09,4130.60009765625,0.01466511010946947,72.08000183105469,-0.01958643740155175,3.62
2026-07-10,4104.10009765625,-0.006415532700693172,71.41000366210938,-0.009295201885755944,3.62
