date,gold_close,gold_return,oil_close,oil_return,fed_funds_rate,inflation_annual_rate,inflation_daily_rate,real_gold_return,real_10y_yield,dollar_index,real_10y_yield_change,dollar_index_return
2016-08-02,1364.4000244140625,0.0096196535186807,39.5099983215332,-0.0137294816001807,0.4,0.0105531585956568,4.165905306385831e-05,0.0095779944656168,0.11,111.7124,0.06,-0.0023514030276211573
2016-08-03,1356.0999755859375,-0.0060832957194423,40.83000183105469,0.0334093537230568,0.4,0.0105531585956568,4.165905306385831e-05,-0.0061249547725061,0.09,111.9419,-0.020000000000000004,0.002054382503643204
2016-08-04,1358.800048828125,0.0019910576585777,41.93000030517578,0.0269409361937489,0.4,0.0105531585956568,4.165905306385831e-05,0.0019493986055138,0.04,111.9149,-0.049999999999999996,-0.0002411965492813417
2016-08-05,1336.4000244140625,-0.0164851513166937,41.79999923706055,-0.0031004308888399,0.4,0.0105531585956568,4.165905306385831e-05,-0.0165268103697575,0.09,112.3589,0.049999999999999996,0.003967300153956188
2016-08-08,1333.4000244140625,-0.0022448368341771,43.02000045776367,0.0291866326069558,0.4,0.0105531585956568,4.165905306385831e-05,-0.0022864958872409,0.08,112.1456,-0.009999999999999995,-0.0018983809916259808
2016-08-09,1339.0,0.0041997716239718,42.77000045776367,-0.0058112505192892,0.4,0.0105531585956568,4.165905306385831e-05,0.0041581125709079,0.06,111.722,-0.020000000000000004,-0.00377723245495154
2016-08-10,1344.300048828125,0.0039582142106981,41.709999084472656,-0.0247837587548728,0.4,0.0105531585956568,4.165905306385831e-05,0.0039165551576342,0.06,111.3238,0.0,-0.0035642040063728064
2016-08-11,1342.5,-0.0013390231070021,43.4900016784668,0.0426756804858521,0.4,0.0105531585956568,4.165905306385831e-05,-0.0013806821600659,0.1,111.1954,0.04000000000000001,-0.0011533921766954114
2016-08-12,1335.800048828125,-0.0049906526419924,44.4900016784668,0.0229937907888178,0.4,0.0105531585956568,4.165905306385831e-05,-0.0050323116950562,0.07,111.1787,-0.03,-0.00015018606884820151
2016-08-15,1340.300048828125,0.0033687676564675,45.7400016784668,0.0280962003335909,0.4,0.0105531585956568,4.165905306385831e-05,0.0033271086034036,0.1,110.9212,0.03,-0.0023160911217706692
2016-08-16,1350.5,0.0076101998062247,46.58000183105469,0.0183646725352732,0.4,0.0105531585956568,4.165905306385831e-05,0.0075685407531608,0.13,110.4295,0.03,-0.004432876672809116
2016-08-17,1342.699951171875,-0.0057756748079415,46.790000915527344,0.0045083528599745,0.4,0.0105531585956568,4.165905306385831e-05,-0.0058173338610053,0.09,110.9459,-0.04000000000000001,0.004676286680642239
2016-08-18,1351.199951171875,0.0063305282707291,48.220001220703125,0.0305620918400373,0.4,0.0105531585956568,4.165905306385831e-05,0.0062888692176652,0.06,110.3134,-0.03,-0.005700976782377687
2016-08-19,1340.4000244140625,-0.0079928412878093,48.52000045776367,0.0062214688815009,0.4,0.0105531585956568,4.165905306385831e-05,-0.0080345003408731,0.1,110.8163,0.04000000000000001,0.004558829661672981
2016-08-22,1337.699951171875,-0.0020143786877113,47.04999923706055,-0.030296809703923,0.4,0.0105531585956568,4.165905306385831e-05,-0.0020560377407751,0.08,110.9997,-0.020000000000000004,0.0016549911881194035
2016-08-23,1340.5999755859375,0.0021679184569918,48.09999847412109,0.0223166685246931,0.4,0.0105531585956568,4.165905306385831e-05,0.0021262594039279,0.07,110.9414,-0.009999999999999995,-0.0005252266447567377
2016-08-24,1324.4000244140625,-0.0120841052266873,46.77000045776367,-0.0276506872879214,0.4,0.0105531585956568,4.165905306385831e-05,-0.0121257642797511,0.08,111.2958,0.009999999999999995,0.003194479247602855
2016-08-25,1320.0999755859375,-0.0032467900550118,47.33000183105469,0.0119735165236256,0.4,0.0105531585956568,4.165905306385831e-05,-0.0032884491080756,0.09,111.1726,0.009999999999999995,-0.0011069600110695799
2016-08-26,1321.5,0.0010605442314632,47.63999938964844,0.0065497051891163,0.4,0.0105531585956568,4.165905306385831e-05,0.0010188851783993,0.15,111.2035,0.06,0.0002779461845814346
2016-08-29,1322.9000244140625,0.001059420668984,46.97999954223633,-0.013853901256672,0.4,0.0105531585956568,4.165905306385831e-05,0.0010177616159201,0.11,111.8775,-0.039999999999999994,0.00606096031150094
2016-08-30,1311.699951171875,-0.008466303602306,46.34999847412109,-0.0134099845520186,0.4,0.0105531585956568,4.165905306385831e-05,-0.0085079626553698,0.11,112.2928,0.0,0.003712095819087935
2016-08-31,1306.9000244140625,-0.0036593176309294,44.70000076293945,-0.0355986572923598,0.3,0.0105531585956568,4.165905306385831e-05,-0.0037009766839932,0.11,112.4036,0.0,0.0009867061824089252
2016-09-01,1312.199951171875,0.0040553421522726,43.15999984741211,-0.0344519214595663,0.4,0.0154864462016521,6.0985014384007386e-05,0.0039943571378885,0.12,112.1733,0.009999999999999995,-0.0020488667622745593
2016-09-02,1322.0999755859375,0.00754460050484,44.43999862670898,0.0296570617196985,0.4,0.0154864462016521,6.0985014384007386e-05,0.0074836154904559,0.13,112.0009,0.010000000000000009,-0.0015369076241850133
2016-09-06,1349.4000244140625,0.0206490048651775,44.83000183105469,0.0087759499639432,0.4,0.0154864462016521,6.0985014384007386e-05,0.0205880198507934,0.06,110.9613,-0.07,-0.009282068269094279
2016-09-07,1344.300048828125,-0.0037794393757715,45.5,0.0149453076417496,0.4,0.0154864462016521,6.0985014384007386e-05,-0.0038404243901555,0.03,110.9717,-0.03,9.372637126636718e-05
2016-09-08,1336.800048828125,-0.0055791116027541,47.619998931884766,0.0465933831183464,0.4,0.0154864462016521,6.0985014384007386e-05,-0.0056400966171381,0.09,111.2609,0.06,0.0026060698358230105
2016-09-09,1330.0999755859375,-0.0050120234870285,45.880001068115234,-0.0365392251742467,0.4,0.0154864462016521,6.0985014384007386e-05,-0.0050730085014125,0.17,111.9879,0.08000000000000002,0.006534191256766686
2016-09-12,1321.0,-0.0068415726283498,46.290000915527344,0.0089363521767011,0.4,0.0154864462016521,6.0985014384007386e-05,-0.0069025576427338,0.17,112.1516,0.0,0.0014617650656902903
2016-09-13,1319.0,-0.0015140045420136,44.900001525878906,-0.0300280700401148,0.4,0.0154864462016521,6.0985014384007386e-05,-0.0015749895563976,0.24,112.5207,0.06999999999999998,0.003291081001073559
2016-09-14,1321.5,0.0018953752843062,43.58000183105469,-0.0293986559012344,0.4,0.0154864462016521,6.0985014384007386e-05,0.0018343902699221,0.21,112.4678,-0.03,-0.00047013571725029735
2016-09-15,1313.5,-0.006053726825577,43.90999984741211,0.0075722350273577,0.4,0.0154864462016521,6.0985014384007386e-05,-0.006114711839961,0.22,112.4753,0.010000000000000009,6.668575361135076e-05
2016-09-16,1305.800048828125,-0.0058621630543395,43.02999877929688,-0.0200410173348497,0.4,0.0154864462016521,6.0985014384007386e-05,-0.0059231480687235,0.19,113.1765,-0.03,0.006234257654791797
2016-09-19,1313.5,0.0058967306509025,43.29999923706055,0.0062747028915459,0.4,0.0154864462016521,6.0985014384007386e-05,0.0058357456365184,0.2,112.903,0.010000000000000009,-0.002416579413570874
2016-09-20,1313.699951171875,0.0001522277669394,43.43999862670898,0.0032332423121295,0.4,0.0154864462016521,6.0985014384007386e-05,9.124275255539264e-05,0.2,113.1848,0.0,0.0024959478490385045
2016-09-21,1326.9000244140625,0.0100480122804393,45.34000015258789,0.0437385263799408,0.4,0.0154864462016521,6.0985014384007386e-05,0.0099870272660552,0.15,112.9842,-0.05000000000000002,-0.0017723227853916335
2016-09-22,1340.4000244140625,0.0101740897969773,46.31999969482422,0.0216144582915356,0.4,0.0154864462016521,6.0985014384007386e-05,0.0101131047825932,0.08,112.2592,-0.06999999999999999,-0.0064168264235175965
2016-09-23,1337.199951171875,-0.0023874016591325,44.47999954223633,-0.0397236650412476,0.4,0.0154864462016521,6.0985014384007386e-05,-0.0024483866735165,0.05,112.7166,-0.03,0.004074499016561539
2016-09-26,1339.699951171875,0.0018695782914208,45.93000030517578,0.0325989383512155,0.4,0.0154864462016521,6.0985014384007386e-05,0.0018085932770367,0.05,112.7112,0.0,-4.7907761589582876e-05
2016-09-27,1325.9000244140625,-0.0103007593198322,44.66999816894531,-0.0274330966222197,0.4,0.0154864462016521,6.0985014384007386e-05,-0.0103617443342162,0.04,112.5515,-0.010000000000000002,-0.0014168955702716923
2016-09-28,1319.4000244140625,-0.004902330402228,47.04999923706055,0.053279632094765,0.4,0.0154864462016521,6.0985014384007386e-05,-0.004963315416612,0.01,112.6283,-0.03,0.0006823543000313848
2016-09-29,1321.699951171875,0.0017431610696185,47.83000183105469,0.0165781637968602,0.4,0.0154864462016521,6.0985014384007386e-05,0.0016821760552344,0.02,112.2879,0.01,-0.0030223309772056117
2016-09-30,1313.300048828125,-0.0063553776606425,48.2400016784668,0.0085720224067795,0.29,0.0154864462016521,6.0985014384007386e-05,-0.0064163626750265,0.0,112.2795,-0.02,-7.480770412482407e-05
2016-10-03,1309.0,-0.0032742318345011,48.810001373291016,0.0118159136606881,0.4,0.0168592496624364,6.634628776147622e-05,-0.0033405781222625,0.0,112.5077,0.0,0.0020324280033310327
2016-10-04,1266.300048828125,-0.0326202835537624,48.68999862670898,-0.0024585688015918,0.4,0.0168592496624364,6.634628776147622e-05,-0.0326866298415238,0.07,112.6579,0.07,0.0013350197364268013
2016-10-05,1265.199951171875,-0.0008687495963283,49.83000183105469,0.0234134983877438,0.4,0.0168592496624364,6.634628776147622e-05,-0.0009350958840897,0.1,112.7946,0.03,0.0012134080255357116
2016-10-06,1249.800048828125,-0.0121719119017401,50.43999862670898,0.0122415567577631,0.4,0.0168592496624364,6.634628776147622e-05,-0.0122382581895015,0.11,113.0066,0.009999999999999995,0.0018795226012593425
2016-10-07,1248.9000244140625,-0.0007201347246756,49.810001373291016,-0.0124900331199527,0.4,0.0168592496624364,6.634628776147622e-05,-0.000786481012437,0.1,113.2915,-0.009999999999999995,0.002521091688449939
2016-10-11,1253.0,0.0032828693296416,50.790000915527344,0.019674754370953,0.41,0.0168592496624364,6.634628776147622e-05,0.0032165230418801,0.13,113.4461,0.03,0.0013646213528817341
2016-10-12,1251.0999755859375,-0.001516380218725,50.18000030517578,-0.0120102500365396,0.41,0.0168592496624364,6.634628776147622e-05,-0.0015827265064864,0.15,113.7442,0.01999999999999999,0.002627679576468589
2016-10-13,1255.0,0.003117276388912,50.43999862670898,0.0051813136698284,0.41,0.0168592496624364,6.634628776147622e-05,0.0030509301011505,0.12,113.6238,-0.03,-0.0010585155111205724
2016-10-14,1253.0999755859375,-0.0015139636765437,50.34999847412109,-0.0017843012497671,0.41,0.0168592496624364,6.634628776147622e-05,-0.0015803099643051,0.13,113.7119,0.010000000000000009,0.0007753657244344847
2016-10-17,1254.4000244140625,0.0010374661666696,49.93999862670898,-0.0081429962231843,0.41,0.0168592496624364,6.634628776147622e-05,0.0009711198789081,0.09,113.5488,-0.04000000000000001,-0.0014343265744394262
2016-10-18,1260.800048828125,0.0051020601797675,50.290000915527344,0.0070084561161996,0.41,0.0168592496624364,6.634628776147622e-05,0.005035713892006,0.09,113.1393,0.0,-0.0036063789313492967
2016-10-19,1267.9000244140625,0.0056313255956301,51.59999847412109,0.0260488672647702,0.41,0.0168592496624364,6.634628776147622e-05,0.0055649793078686,0.08,113.0547,-0.009999999999999995,-0.0007477507815587536
2016-10-20,1265.5999755859375,-0.00181406166404,50.43000030517578,-0.0226743837896061,0.41,0.0168592496624364,6.634628776147622e-05,-0.0018804079518014,0.08,113.4033,0.0,0.0030834631377554267
2016-10-21,1265.9000244140625,0.0002370803049249,50.84999847412109,0.00832833960745,0.41,0.0168592496624364,6.634628776147622e-05,0.0001707340171634,0.07,113.9015,-0.009999999999999995,0.004393170216387077
2016-10-24,1262.0,-0.0030808312969798,50.52000045776367,-0.0064896367012747,0.41,0.0168592496624364,6.634628776147622e-05,-0.0031471775847412,0.11,113.8571,0.039999999999999994,-0.00038981049415498514
2016-10-25,1271.9000244140625,0.0078447103122523,49.959999084472656,-0.0110847460058752,0.41,0.0168592496624364,6.634628776147622e-05,0.0077783640244908,0.07,113.6801,-0.039999999999999994,-0.0015545802589386204
2016-10-26,1264.800048828125,-0.0055821805563753,49.18000030517578,-0.0156124658444858,0.41,0.0168592496624364,6.634628776147622e-05,-0.0056485268441367,0.08,113.8131,0.009999999999999995,0.0011699497097557021
2016-10-27,1267.9000244140625,0.0024509609948304,49.720001220703125,0.0109800917482001,0.41,0.0168592496624364,6.634628776147622e-05,0.0023846147070689,0.13,114.1998,0.05,0.003397675662994759
2016-10-28,1275.5,0.0059941442066377,48.70000076293945,-0.0205148920499009,0.41,0.0168592496624364,6.634628776147622e-05,0.0059277979188762,0.13,114.0931,0.0,-0.0009343273806082797
2016-10-31,1271.5,-0.0031360250882006,46.86000061035156,-0.0377823434037423,0.31,0.0168592496624364,6.634628776147622e-05,-0.003202371375962,0.11,114.0188,-0.020000000000000004,-0.0006512225542123495
2016-11-01,1286.4000244140625,0.011718461985106,46.66999816894531,-0.0040546828623873,0.41,0.0168433347197889,6.628417570753165e-05,0.0116521778093984,0.11,113.9915,0.0,-0.00023943419857075376
2016-11-02,1306.800048828125,0.0158582276328504,45.34000015258789,-0.0284979230456112,0.41,0.0168433347197889,6.628417570753165e-05,0.0157919434571428,0.11,113.9206,0.0,-0.0006219761999799456
2016-11-03,1302.0999755859375,-0.0035966276909786,44.65999984741211,-0.0149978011223488,0.41,0.0168433347197889,6.628417570753165e-05,-0.0036629118666861,0.14,113.7664,0.030000000000000013,-0.001353574331595775
2016-11-04,1303.300048828125,0.0009216444702315,44.06999969482422,-0.0132109304658244,0.41,0.0168433347197889,6.628417570753165e-05,0.0008553602945239,0.11,113.5828,-0.030000000000000013,-0.0016138332583258697
2016-11-07,1278.300048828125,-0.0191820755492788,44.88999938964844,0.0186067551736452,0.41,0.0168433347197889,6.628417570753165e-05,-0.0192483597249863,0.12,113.5443,0.009999999999999995,-0.0003389597720782067
2016-11-08,1273.4000244140625,-0.0038332349424179,44.97999954223633,0.0020049042952012,0.41,0.0168433347197889,6.628417570753165e-05,-0.0038995191181254,0.15,113.3017,0.03,-0.002136610996765209
2016-11-09,1272.5999755859375,-0.0006282776918377,45.27000045776367,0.0064473303352312,0.41,0.0168433347197889,6.628417570753165e-05,-0.0006945618675452,0.25,114.6956,0.1,0.012302551506288006
2016-11-10,1265.5,-0.0055791102641413,44.65999984741211,-0.0134747206579042,0.41,0.0168433347197889,6.628417570753165e-05,-0.0056453944398488,0.27,115.9375,0.020000000000000018,0.010827791127122621
2016-11-14,1221.199951171875,-0.035005965095318,43.31999969482422,-0.030004481799512,0.41,0.0168433347197889,6.628417570753165e-05,-0.0350722492710255,0.4,117.2245,0.13,0.011100808625337022
2016-11-15,1224.0,0.0022928668032111,45.810001373291016,0.0574792635274254,0.41,0.0168433347197889,6.628417570753165e-05,0.0022265826275035,0.41,116.7724,0.009999999999999953,-0.0038567023105238185
2016-11-16,1223.4000244140625,-0.0004901761323018,45.56999969482422,-0.0052390672619959,0.41,0.0168433347197889,6.628417570753165e-05,-0.0005564603080093,0.39,116.8062,-0.019999999999999962,0.0002894519595384448
2016-11-17,1216.5,-0.0056400394608192,45.41999816894531,-0.0032916727426693,0.41,0.0168433347197889,6.628417570753165e-05,-0.0057063236365267,0.42,116.8952,0.02999999999999997,0.0007619458556138436
2016-11-18,1208.5,-0.0065762433210029,45.68999862670898,0.0059445281516605,0.41,0.0168433347197889,6.628417570753165e-05,-0.0066425274967104,0.44,117.5936,0.020000000000000018,0.005974582360952274
2016-11-21,1209.5999755859375,0.0009101990781443,47.4900016784668,0.0393959970641273,0.41,0.0168433347197889,6.628417570753165e-05,0.0008439149024367,0.42,117.4762,-0.020000000000000018,-0.0009983536518993752
2016-11-22,1211.0,0.0011574276143517,48.02999877929688,0.0113707534585101,0.41,0.0168433347197889,6.628417570753165e-05,0.0010911434386441,0.41,117.4508,-0.010000000000000009,-0.00021621400760329923
2016-11-23,1189.0999755859375,-0.0180842480710673,47.959999084472656,-0.0014574161274888,0.41,0.0168433347197889,6.628417570753165e-05,-0.0181505322467748,0.44,118.0356,0.030000000000000027,0.0049791061448709595
2016-11-25,1178.199951171875,-0.0091666173054048,46.060001373291016,-0.0396162999885623,0.41,0.0168433347197889,6.628417570753165e-05,-0.0092329014811123,0.47,118.02,0.02999999999999997,-0.00013216351676959004
2016-11-28,1190.5999755859375,0.0105245501001158,47.08000183105469,0.0221450375022165,0.41,0.0168433347197889,6.628417570753165e-05,0.0104582659244082,0.47,117.7278,0.0,-0.002475851550584607
2016-11-29,1187.9000244140625,-0.0022677231876695,45.22999954223633,-0.0392948644194416,0.41,0.0168433347197889,6.628417570753165e-05,-0.002334007363377,0.44,117.644,-0.02999999999999997,-0.0007118114837786349
2016-11-30,1170.800048828125,-0.014395130258855,49.43999862670898,0.0930797949830024,0.31,0.0168433347197889,6.628417570753165e-05,-0.0144614144345625,0.43,117.7636,-0.010000000000000009,0.00101662643228706
2016-12-01,1166.9000244140625,-0.0033310764019578,51.060001373291016,0.0327670467552734,0.41,0.0205079891151198,8.056091098840312e-05,-0.0034116373129462,0.48,117.6642,0.04999999999999999,-0.0008440638703300918
2016-12-02,1175.0999755859375,0.00702712400404,51.68000030517578,0.0121425561145613,0.41,0.0205079891151198,8.056091098840312e-05,0.0069465630930515,0.49,117.3116,0.010000000000000009,-0.0029966633861445713
2016-12-05,1174.0,-0.000936069788776,51.790000915527344,0.0021284947697755,0.41,0.0205079891151198,8.056091098840312e-05,-0.0010166306997644,0.45,117.1008,-0.03999999999999998,-0.0017969237483760336
2016-12-06,1167.5999755859375,-0.0054514688365098,50.93000030517578,-0.016605533793179,0.41,0.0205079891151198,8.056091098840312e-05,-0.0055320297474982,0.44,116.9225,-0.010000000000000009,-0.001522619828387195
2016-12-07,1175.0,0.0063378079554592,49.77000045776367,-0.022776356576896,0.41,0.0205079891151198,8.056091098840312e-05,0.0062572470444707,0.42,116.672,-0.020000000000000018,-0.0021424447817999237
2016-12-08,1169.800048828125,-0.0044254903590426,50.84000015258789,0.0214988885871569,0.41,0.0205079891151198,8.056091098840312e-05,-0.004506051270031,0.45,117.0327,0.030000000000000027,0.0030915729566649564
2016-12-09,1159.4000244140625,-0.0088904291160536,51.5,0.01298190097229,0.41,0.0205079891151198,8.056091098840312e-05,-0.008970990027042,0.51,117.2834,0.06,0.0021421363430904616
2016-12-12,1163.5,0.003536290753495,52.83000183105469,0.0258252782729064,0.41,0.0205079891151198,8.056091098840312e-05,0.0034557298425065,0.51,116.9161,0.0,-0.0031317304921242295
2016-12-13,1156.699951171875,-0.005844476861302,52.97999954223633,0.0028392524320048,0.41,0.0205079891151198,8.056091098840312e-05,-0.0059250377722904,0.53,116.8029,0.020000000000000018,-0.0009682156691850352
2016-12-14,1161.300048828125,0.0039769152333668,51.040000915527344,-0.0366175659394333,0.41,0.0205079891151198,8.056091098840312e-05,0.0038963543223783,0.6,116.7332,0.06999999999999995,-0.0005967317592285859
2016-12-15,1127.800048828125,-0.0288469806178042,50.900001525878906,-0.002742934700964,0.66,0.0205079891151198,8.056091098840312e-05,-0.0289275415287926,0.7,118.8072,0.09999999999999998,0.017767010584820664
2016-12-16,1135.300048828125,0.0066501149807478,51.900001525878906,0.0196463648334386,0.66,0.0205079891151198,8.056091098840312e-05,0.0065695540697593,0.74,118.3584,0.040000000000000036,-0.003777548835424027
2016-12-19,1140.5,0.0045802439427731,52.119998931884766,0.0042388708966831,0.66,0.0205079891151198,8.056091098840312e-05,0.0044996830317846,0.68,118.3875,-0.05999999999999994,0.0002458634114688163
2016-12-20,1131.5,-0.0078912757562472,52.22999954223633,0.0021105259517621,0.66,0.0205079891151198,8.056091098840312e-05,-0.0079718366672356,0.67,118.63,-0.010000000000000009,0.0020483581459189715
2016-12-21,1131.0999755859375,-0.0003535346125165,52.4900016784668,0.004978022946759,0.66,0.0205079891151198,8.056091098840312e-05,-0.0004340955235049,0.64,118.581,-0.030000000000000027,-0.0004130489758070732
2016-12-22,1128.800048828125,-0.0020333540866899,52.95000076293945,0.0087635562919283,0.66,0.0205079891151198,8.056091098840312e-05,-0.0021139149976783,0.6,118.8209,-0.040000000000000036,0.002023089702397396
2016-12-23,1131.9000244140625,0.0027462574874583,53.02000045776367,0.0013219961060551,0.66,0.0205079891151198,8.056091098840312e-05,0.0026656965764698,0.58,118.7856,-0.020000000000000018,-0.0002970857820466799
2016-12-27,1137.300048828125,0.0047707609308145,53.900001525878906,0.0165975303756598,0.66,0.0205079891151198,8.056091098840312e-05,0.004690200019826,0.58,118.9506,0.0,0.001389057259465698
2016-12-28,1139.4000244140625,0.0018464569557534,54.060001373291016,0.0029684571963377,0.66,0.0205079891151198,8.056091098840312e-05,0.0017658960447649,0.56,119.2305,-0.019999999999999907,0.002353077664173364
2016-12-29,1156.4000244140625,0.0149201330838502,53.77000045776367,-0.0053644267140293,0.66,0.0205079891151198,8.056091098840312e-05,0.0148395721728617,0.55,118.6637,-0.010000000000000009,-0.0047538171860388445
2016-12-30,1150.0,-0.0055344381519754,53.720001220703125,-0.0009298723569812,0.55,0.0205079891151198,8.056091098840312e-05,-0.0056149990629638,0.5,118.3466,-0.050000000000000044,-0.0026722578176814338
2017-01-03,1160.4000244140625,0.0090434994904891,52.33000183105469,-0.0258748949751093,0.66,0.0251039334825711,9.839375292508556e-05,0.008945105737564,0.47,119.0903,-0.030000000000000027,0.006284084206897411
2017-01-04,1163.800048828125,0.0029300451073148,53.2599983215332,0.0177717649137671,0.66,0.0251039334825711,9.839375292508556e-05,0.0028316513543897,0.47,118.8803,0.0,-0.00176336779737718
2017-01-05,1179.699951171875,0.0136620567766432,53.7599983215332,0.0093879086698702,0.66,0.0251039334825711,9.839375292508556e-05,0.0135636630237181,0.42,117.9999,-0.04999999999999999,-0.007405768659735967
2017-01-06,1171.9000244140625,-0.0066117886586876,53.9900016784668,0.004278336386061,0.66,0.0251039334825711,9.839375292508556e-05,-0.0067101824116126,0.46,118.3495,0.040000000000000036,0.0029627143751818075
2017-01-09,1183.5,0.0098984344605141,51.959999084472656,-0.0375996023501473,0.66,0.0251039334825711,9.839375292508556e-05,0.009800040707589,0.43,118.4111,-0.030000000000000027,0.0005204922707742199
2017-01-10,1184.199951171875,0.0005914247333123,50.81999969482422,-0.0219399424506361,0.66,0.0251039334825711,9.839375292508556e-05,0.0004930309803872,0.43,118.5386,0.0,0.0010767571621241867
2017-01-11,1195.5999755859375,0.0096267732512411,52.25,0.0281385343125339,0.66,0.0251039334825711,9.839375292508556e-05,0.009528379498316,0.39,119.0219,-0.03999999999999998,0.004077152927400851
2017-01-12,1198.9000244140625,0.0027601613378318,53.0099983215332,0.0145454224216881,0.66,0.0251039334825711,9.839375292508556e-05,0.0026617675849067,0.38,117.8001,-0.010000000000000009,-0.010265337723561863
2017-01-13,1195.300048828125,-0.0030027320982806,52.369998931884766,-0.0120731826054116,0.66,0.0251039334825711,9.839375292508556e-05,-0.0031011258512056,0.41,117.9884,0.02999999999999997,0.0015984706294815965
2017-01-17,1212.0,0.0139713465152517,52.47999954223633,0.0021004508801811,0.66,0.0251039334825711,9.839375292508556e-05,0.0138729527623266,0.36,117.2656,-0.04999999999999999,-0.006126025948313463
2017-01-18,1211.300048828125,-0.0005775174685437,51.08000183105469,-0.0266767858878297,0.66,0.0251039334825711,9.839375292508556e-05,-0.0006759112214687,0.42,117.7242,0.06,0.003910780314090312
2017-01-19,1200.9000244140625,-0.0085858367001008,51.369998931884766,0.0056773118722515,0.66,0.0251039334825711,9.839375292508556e-05,-0.0086842304530258,0.43,118.3182,0.010000000000000009,0.0050456915400571845
2017-01-20,1204.300048828125,0.0028312301981352,52.41999816894531,0.0204399310666292,0.66,0.0251039334825711,9.839375292508556e-05,0.0027328364452101,0.44,118.3182,0.010000000000000009,0.0
2017-01-23,1215.0,0.008884788456404,52.75,0.00629534228504,0.66,0.0251039334825711,9.839375292508556e-05,0.0087863947034789,0.39,117.2479,-0.04999999999999999,-0.009045945594168936
2017-01-24,1210.300048828125,-0.0038682725694444,53.18000030517578,0.0081516645530954,0.66,0.0251039334825711,9.839375292508556e-05,-0.0039666663223694,0.41,117.0516,0.019999999999999962,-0.0016742304126556862
2017-01-25,1197.300048828125,-0.0107411381273488,52.75,-0.0080857522133923,0.66,0.0251039334825711,9.839375292508556e-05,-0.0108395318802738,0.45,116.9355,0.040000000000000036,-0.0009918702520939071
2017-01-26,1189.5,-0.0065146984966378,53.77999877929688,0.0195260432094195,0.66,0.0251039334825711,9.839375292508556e-05,-0.0066130922495628,0.43,117.2766,-0.020000000000000018,0.0029169927011043484
2017-01-27,1188.0999755859375,-0.001176985636034,53.16999816894531,-0.0113425181144926,0.66,0.0251039334825711,9.839375292508556e-05,-0.001275379388959,0.41,117.0735,-0.020000000000000018,-0.001731803275333732
2017-01-30,1193.199951171875,0.0042925475050383,52.630001068115234,-0.0101560488889667,0.66,0.0251039334825711,9.839375292508556e-05,0.0041941537521132,0.42,116.7325,0.010000000000000009,-0.002912700141364133
2017-01-31,1208.5999755859375,0.0129064909858047,52.810001373291016,0.0034201083321814,0.56,0.0251039334825711,9.839375292508556e-05,0.0128080972328796,0.4,116.2241,-0.019999999999999962,-0.004355256676589647
2017-02-01,1205.5999755859375,-0.0024822108725806,53.880001068115234,0.0202613078394158,0.66,0.0281036168132942,0.0001099900028973,-0.0025922008754779,0.43,116.3914,0.02999999999999997,0.0014394604905523245
2017-02-02,1216.699951171875,0.0092070137779678,53.540000915527344,-0.0063103219348132,0.66,0.0281036168132942,0.0001099900028973,0.0090970237750704,0.43,115.903,0.0,-0.0041961863161711355
2017-02-03,1218.5,0.0014794517139506,53.83000183105469,0.0054165280270519,0.66,0.0281036168132942,0.0001099900028973,0.0013694617110532,0.44,115.6259,0.010000000000000009,-0.0023907923004581333
2017-02-06,1230.0,0.0094378334017233,53.0099983215332,-0.0152332060492039,0.66,0.0281036168132942,0.0001099900028973,0.0093278433988259,0.4,116.0504,-0.03999999999999998,0.0036713227745686083
2017-02-07,1234.199951171875,0.0034145944486787,52.16999816894531,-0.015846070160064,0.66,0.0281036168132942,0.0001099900028973,0.0033046044457813,0.4,116.4082,0.0,0.0030831431860640635
2017-02-08,1237.5999755859375,0.0027548408269131,52.34000015258789,0.0032586158637009,0.66,0.0281036168132942,0.0001099900028973,0.0026448508240157,0.38,116.1382,-0.020000000000000018,-0.0023194242330006887
2017-02-09,1235.0999755859375,-0.0020200388245938,53.0,0.0126098556646541,0.66,0.0281036168132942,0.0001099900028973,-0.0021300288274911,0.41,116.306,0.02999999999999997,0.0014448303831124942
2017-02-10,1234.4000244140625,-0.0005667162057411,53.86000061035156,0.0162264266104068,0.66,0.0281036168132942,0.0001099900028973,-0.0006767062086384,0.4,116.148,-0.009999999999999953,-0.0013584853747872216
2017-02-13,1224.4000244140625,-0.0081011015896137,52.93000030517578,-0.0172669939590948,0.66,0.0281036168132942,0.0001099900028973,-0.008211091592511,0.43,116.3427,0.02999999999999997,0.0016763095361089775
2017-02-14,1223.9000244140625,-0.0004083632718312,53.20000076293945,0.0051010855130728,0.66,0.0281036168132942,0.0001099900028973,-0.0005183532747285,0.46,116.3949,0.030000000000000027,0.0004486744763532169
2017-02-15,1231.699951171875,0.0063730097248315,53.11000061035156,-0.0016917321672406,0.66,0.0281036168132942,0.0001099900028973,0.0062630197219341,0.45,116.2162,-0.010000000000000009,-0.0015352906355863283
2017-02-16,1240.0,0.0067386938030062,53.36000061035156,0.004707211393842,0.66,0.0281036168132942,0.0001099900028973,0.0066287038001088,0.43,116.0067,-0.020000000000000018,-0.0018026746701407248
2017-02-17,1237.5999755859375,-0.0019355035597278,53.400001525878906,0.0007496423363906,0.66,0.0281036168132942,0.0001099900028973,-0.0020454935626251,0.41,116.4035,-0.020000000000000018,0.0034204920922671356
2017-02-21,1237.5,-8.078182604209783e-05,54.060001373291016,0.0123595473511786,0.66,0.0281036168132942,0.0001099900028973,-0.0001907718289394,0.4,116.5921,-0.009999999999999953,0.001620226195947705
2017-02-22,1232.0,-0.0044444444444444,53.59000015258789,-0.0086940660148657,0.66,0.0281036168132942,0.0001099900028973,-0.0045544344473417,0.38,116.2136,-0.020000000000000018,-0.003246360602476517
2017-02-23,1250.199951171875,0.0147726876395088,54.45000076293945,0.0160477814499508,0.66,0.0281036168132942,0.0001099900028973,0.0146626976366114,0.35,115.6527,-0.030000000000000027,-0.004826457488624425
2017-02-24,1256.9000244140625,0.0053592013308809,53.9900016784668,-0.0084481006065614,0.66,0.0281036168132942,0.0001099900028973,0.0052492113279835,0.31,115.8143,-0.03999999999999998,0.0013972868770033564
2017-02-27,1257.4000244140625,0.0003978041135237,54.04999923706055,0.0011112716563903,0.66,0.0281036168132942,0.0001099900028973,0.0002878141106263,0.35,115.6764,0.03999999999999998,-0.001190699248711069
2017-02-28,1252.5999755859375,-0.0038174397446523,54.0099983215332,-0.0007400724531354,0.57,0.0281036168132942,0.0001099900028973,-0.0039274297475496,0.34,116.0032,-0.009999999999999953,0.0028251224968964816
2017-03-01,1248.9000244140625,-0.0029538170557158,53.83000183105469,-0.0033326512881366,0.66,0.0244119623655914,9.571391644014328e-05,-0.0030495309721559,0.43,116.438,0.08999999999999997,0.0037481724642078884
2017-03-02,1231.9000244140625,-0.013611978275023,52.61000061035156,-0.0226639639458325,0.66,0.0244119623655914,9.571391644014328e-05,-0.0137076921914631,0.48,116.8429,0.04999999999999999,0.0034773871073017215
2017-03-03,1225.5,-0.0051952466005563,53.33000183105469,0.0136856341446507,0.66,0.0244119623655914,9.571391644014328e-05,-0.0052909605169964,0.45,116.6438,-0.02999999999999997,-0.0017039974187562645
2017-03-06,1224.5,-0.0008159934720521,53.20000076293945,-0.0024376722979884,0.66,0.0244119623655914,9.571391644014328e-05,-0.0009117073884922,0.48,116.4313,0.02999999999999997,-0.0018217856414143307
2017-03-07,1215.0999755859375,-0.0076766226329624,53.13999938964844,-0.0011278453464387,0.66,0.0244119623655914,9.571391644014328e-05,-0.0077723365494025,0.49,116.4303,0.010000000000000009,-8.58875577258722e-06
2017-03-08,1208.5,-0.0054316317328167,50.27999877929688,-0.053820109958614,0.66,0.0244119623655914,9.571391644014328e-05,-0.0055273456492568,0.56,116.875,0.07000000000000006,0.0038194524964720866
2017-03-09,1202.4000244140625,-0.0050475594422321,49.27999877929688,-0.0198886241900975,0.66,0.0244119623655914,9.571391644014328e-05,-0.0051432733586722,0.6,116.9959,0.039999999999999925,0.001034438502673929
2017-03-10,1200.699951171875,-0.0014138998733104,48.4900016784668,-0.0160307857223804,0.66,0.0244119623655914,9.571391644014328e-05,-0.0015096137897505,0.57,116.616,-0.030000000000000027,-0.003247122335056196
2017-03-13,1202.4000244140625,0.0014159018167096,48.400001525878906,-0.0018560558769347,0.66,0.0244119623655914,9.571391644014328e-05,0.0013201879002694,0.61,116.4004,0.040000000000000036,-0.0018488029086917157
2017-03-14,1201.9000244140625,-0.00041583498823,47.720001220703125,-0.0140495926392107,0.66,0.0244119623655914,9.571391644014328e-05,-0.0005115489046701,0.61,116.5646,0.0,0.00141064807337421
2017-03-15,1200.0999755859375,-0.00149766934983,48.86000061035156,0.0238893411669456,0.66,0.0244119623655914,9.571391644014328e-05,-0.0015933832662701,0.5,116.3584,-0.10999999999999999,-0.0017689761728688636
2017-03-16,1226.5,0.0219981876103054,48.75,-0.0022513427952814,0.91,0.0244119623655914,9.571391644014328e-05,0.0219024736938652,0.51,115.4456,0.010000000000000009,-0.007844728012760593
2017-03-17,1229.800048828125,0.0026906227705869,48.77999877929688,0.0006153595753204,0.91,0.0244119623655914,9.571391644014328e-05,0.0025949088541467,0.49,115.2783,-0.020000000000000018,-0.00144916740005685
2017-03-20,1233.5999755859375,0.0030898736436328,48.220001220703125,-0.0114800650391041,0.91,0.0244119623655914,9.571391644014328e-05,0.0029941597271926,0.47,115.0426,-0.020000000000000018,-0.0020446172436616727
2017-03-21,1246.0999755859375,0.0101329444288151,47.34000015258789,-0.0182497106146362,0.91,0.0244119623655914,9.571391644014328e-05,0.0100372305123749,0.45,114.8119,-0.019999999999999962,-0.002005344107313234
2017-03-22,1249.300048828125,0.0025680710255071,48.040000915527344,0.0147866658361468,0.91,0.0244119623655914,9.571391644014328e-05,0.0024723571090669,0.43,114.7937,-0.020000000000000018,-0.00015852015339867798
2017-03-23,1246.9000244140625,-0.0019210952695581,47.70000076293945,-0.0070774385118297,0.91,0.0244119623655914,9.571391644014328e-05,-0.0020168091859982,0.46,114.7899,0.030000000000000027,-3.310286191660072e-05
2017-03-24,1248.199951171875,0.0010425268524822,47.970001220703125,0.005660386864678,0.91,0.0244119623655914,9.571391644014328e-05,0.000946812936042,0.42,114.6372,-0.040000000000000036,-0.0013302564075758916
2017-03-27,1255.4000244140625,0.0057683652650584,47.72999954223633,-0.0050031618169569,0.91,0.0244119623655914,9.571391644014328e-05,0.0056726513486182,0.41,114.2347,-0.010000000000000009,-0.0035110766836594642
2017-03-28,1255.300048828125,-7.963643778341467e-05,48.369998931884766,0.0134087449358155,0.91,0.0244119623655914,9.571391644014328e-05,-0.0001753503542235,0.45,114.419,0.040000000000000036,0.0016133451569444457
2017-03-29,1253.4000244140625,-0.0015136018004908,49.5099983215332,0.0235683153777572,0.91,0.0244119623655914,9.571391644014328e-05,-0.0016093157169309,0.41,114.7167,-0.040000000000000036,0.0026018406033962993
2017-03-30,1245.0,-0.0067017905301137,50.34999847412109,0.0169662730976614,0.91,0.0244119623655914,9.571391644014328e-05,-0.0067975044465538,0.46,114.5245,0.050000000000000044,-0.0016754317374889638
2017-03-31,1247.300048828125,0.0018474287776104,50.59999847412109,0.0049652434473954,0.82,0.0244119623655914,9.571391644014328e-05,0.0017517148611702,0.43,114.7938,-0.030000000000000027,0.0023514619142628312
2017-04-03,1250.800048828125,0.0028060609821096,50.2400016784668,-0.0071145613934833,0.91,0.0217622347191539,8.543546554906634e-05,0.0027206255165605,0.39,114.8734,-0.03999999999999998,0.0006934172403039174
2017-04-04,1255.0,0.0033578118067791,51.02999877929688,0.0157244640612477,0.91,0.0217622347191539,8.543546554906634e-05,0.00327237634123,0.4,115.0038,0.010000000000000009,0.001135162709556825
2017-04-05,1245.4000244140625,-0.007649382937002,51.150001525878906,0.002351611786256,0.91,0.0217622347191539,8.543546554906634e-05,-0.007734818402551,0.37,114.9494,-0.030000000000000027,-0.0004730278477754757
2017-04-06,1250.300048828125,0.0039344984085478,51.70000076293945,0.0107526729355478,0.91,0.0217622347191539,8.543546554906634e-05,0.0038490629429987,0.39,115.0181,0.020000000000000018,0.0005976542722276879
2017-04-07,1254.300048828125,0.0031992320593356,52.2400016784668,0.010444891828985,0.91,0.0217622347191539,8.543546554906634e-05,0.0031137965937865,0.44,115.0547,0.04999999999999999,0.00031821078595450913
2017-04-10,1251.0999755859375,-0.0025512820837225,53.08000183105469,0.0160796348698077,0.91,0.0217622347191539,8.543546554906634e-05,-0.0026367175492715,0.44,115.11,0.0,0.00048064094730593254
2017-04-11,1271.199951171875,0.016065842840836,53.400001525878906,0.0060286300637804,0.91,0.0217622347191539,8.543546554906634e-05,0.0159804073752869,0.41,115.009,-0.030000000000000027,-0.0008774215967335408
2017-04-12,1275.300048828125,0.003225375876132,53.11000061035156,-0.0054307286000132,0.91,0.0217622347191539,8.543546554906634e-05,0.0031399404105829,0.38,114.9162,-0.02999999999999997,-0.0008068933735619899
2017-04-13,1285.9000244140625,0.008311750317643,53.18000030517578,0.0013180134441681,0.91,0.0217622347191539,8.543546554906634e-05,0.0082263148520939,0.32,114.5059,-0.06,-0.003570427842201629
2017-04-17,1289.4000244140625,0.0027218290174579,52.650001525878906,-0.0099661296776129,0.91,0.0217622347191539,8.543546554906634e-05,0.0026363935519088,0.38,114.3283,0.06,-0.0015510117819256264
2017-04-18,1291.699951171875,0.0017837185623272,52.40999984741211,-0.0045584363060052,0.91,0.0217622347191539,8.543546554906634e-05,0.0016982830967781,0.33,114.2575,-0.04999999999999999,-0.0006192692447977155
2017-04-19,1281.4000244140625,-0.0079739313673179,50.43999862670898,-0.0375882699186918,0.91,0.0217622347191539,8.543546554906634e-05,-0.0080593668328669,0.36,114.7923,0.02999999999999997,0.0046806555368357206
2017-04-20,1281.9000244140625,0.0003901982132616,50.27000045776367,-0.0033703047893283,0.91,0.0217622347191539,8.543546554906634e-05,0.0003047627477125,0.39,114.6205,0.030000000000000027,-0.001496616062227063
2017-04-21,1287.4000244140625,0.0042905061980273,49.619998931884766,-0.0129302072798871,0.91,0.0217622347191539,8.543546554906634e-05,0.0042050707324782,0.4,114.8128,0.010000000000000009,0.0016777103572223062
2017-04-24,1275.800048828125,-0.0090103894407,49.22999954223633,-0.0078597218469069,0.91,0.0217622347191539,8.543546554906634e-05,-0.009095824906249,0.41,114.3659,0.009999999999999953,-0.0038924231444577018
2017-04-25,1265.5999755859375,-0.0079950406425808,49.560001373291016,0.0067032669941742,0.91,0.0217622347191539,8.543546554906634e-05,-0.0080804761081298,0.44,114.5111,0.030000000000000027,0.0012696092104378387
2017-04-26,1262.0999755859375,-0.0027654867790113,49.619998931884766,0.0012106044578539,0.91,0.0217622347191539,8.543546554906634e-05,-0.0028509222445603,0.42,114.9479,-0.020000000000000018,0.003814477373809133
2017-04-27,1263.699951171875,0.001267709069715,48.970001220703125,-0.0130995107854379,0.91,0.0217622347191539,8.543546554906634e-05,0.0011822736041659,0.39,114.9946,-0.02999999999999997,0.0004062710149554949
2017-04-28,1266.0999755859375,0.0018992043260244,49.33000183105469,0.0073514519374642,0.83,0.0217622347191539,8.543546554906634e-05,0.0018137688604753,0.37,114.7877,-0.020000000000000018,-0.0017992149196571772
2017-05-01,1253.300048828125,-0.0101097283031609,48.84000015258789,-0.0099331372446519,0.91,0.0185634316676197,7.2991688534918e-05,-0.0101827199916958,0.41,114.5921,0.03999999999999998,-0.001704015325683872
2017-05-02,1255.0999755859375,0.0014361499143764,47.65999984741211,-0.0241605303335212,0.91,0.0185634316676197,7.2991688534918e-05,0.0013631582258414,0.41,114.6792,0.0,0.0007600873009570019
2017-05-03,1246.4000244140625,-0.0069316798192219,47.81999969482422,0.0033571096920763,0.91,0.0185634316676197,7.2991688534918e-05,-0.0070046715077568,0.46,114.6637,0.050000000000000044,-0.00013515964534094316
2017-05-04,1226.5,-0.0159660013031671,45.52000045776367,-0.0480970148837012,0.91,0.0185634316676197,7.2991688534918e-05,-0.016038992991702,0.5,114.9076,0.03999999999999998,0.002127089915989089
2017-05-05,1224.800048828125,-0.0013860180773542,46.220001220703125,0.0153778724934099,0.91,0.0185634316676197,7.2991688534918e-05,-0.0014590097658891,0.5,114.7725,0.0,-0.0011757272800059226
2017-05-08,1225.300048828125,0.0004082298988135,46.43000030517578,0.0045434677396458,0.91,0.0185634316676197,7.2991688534918e-05,0.0003352382102785,0.53,115.0895,0.030000000000000027,0.002761985667298461
2017-05-09,1214.300048828125,-0.0089773929336902,45.880001068115234,-0.0118457728504308,0.91,0.0185634316676197,7.2991688534918e-05,-0.0090503846222251,0.56,115.3933,0.030000000000000027,0.0026396847670724366
2017-05-10,1217.300048828125,0.0024705590705487,47.33000183105469,0.0316042007232459,0.91,0.0185634316676197,7.2991688534918e-05,0.0023975673820137,0.56,115.1145,0.0,-0.002416084816016073
2017-05-11,1222.699951171875,0.0044359665876529,47.83000183105469,0.010564123825407,0.91,0.0185634316676197,7.2991688534918e-05,0.0043629748991179,0.51,115.0669,-0.050000000000000044,-0.00041350133997020144
2017-05-12,1226.199951171875,0.0028625174938834,47.84000015258789,0.0002090387027062,0.91,0.0185634316676197,7.2991688534918e-05,0.0027895258053484,0.49,114.7479,-0.020000000000000018,-0.002772300287919527
2017-05-15,1228.5999755859375,0.0019572863396126,48.84999847412109,0.0211120049814332,0.91,0.0185634316676197,7.2991688534918e-05,0.0018842946510776,0.52,114.3504,0.030000000000000027,-0.0034641156831628495
2017-05-16,1235.0,0.0052092011567965,48.65999984741211,-0.0038894295321142,0.91,0.0185634316676197,7.2991688534918e-05,0.0051362094682615,0.51,113.9923,-0.010000000000000009,-0.003131602512977616
2017-05-17,1257.5,0.0182186234817813,49.06999969482422,0.0084258086456594,0.91,0.0185634316676197,7.2991688534918e-05,0.0181456317932463,0.44,113.7506,-0.07,-0.002120318653101916
2017-05-18,1251.699951171875,-0.0046123648732604,49.34999847412109,0.005706109252868,0.91,0.0185634316676197,7.2991688534918e-05,-0.0046853565617953,0.43,114.2683,-0.010000000000000009,0.004551184784959306
2017-05-19,1252.699951171875,0.0007989135088355,50.33000183105469,0.0198582246653462,0.91,0.0185634316676197,7.2991688534918e-05,0.0007259218203005,0.41,113.7001,-0.020000000000000018,-0.0049725076858585515
2017-05-22,1260.699951171875,0.0063862060444053,50.72999954223633,0.0079475004297502,0.91,0.0185634316676197,7.2991688534918e-05,0.0063132143558703,0.43,113.5442,0.020000000000000018,-0.0013711509488558704
2017-05-23,1254.800048828125,-0.0046798624353604,51.470001220703125,0.0145870625890838,0.91,0.0185634316676197,7.2991688534918e-05,-0.0047528541238953,0.46,113.6862,0.030000000000000027,0.001250614298220487
2017-05-24,1252.4000244140625,-0.0019126747853603,51.36000061035156,-0.0021371790896191,0.91,0.0185634316676197,7.2991688534918e-05,-0.0019856664738952,0.45,113.675,-0.010000000000000009,-9.851679447459016e-05
2017-05-25,1255.800048828125,0.0027148070486928,48.900001525878906,-0.0478971778667939,0.91,0.0185634316676197,7.2991688534918e-05,0.0026418153601578,0.45,113.3719,0.0,-0.002666373433032776
2017-05-26,1267.5999755859375,0.0093963420122684,49.79999923706055,0.0184048605950521,0.91,0.0185634316676197,7.2991688534918e-05,0.0093233503237334,0.44,113.4839,-0.010000000000000009,0.0009878991178591257
2017-05-30,1262.0999755859375,-0.0043389082564928,49.65999984741211,-0.0028112327669325,0.91,0.0185634316676197,7.2991688534918e-05,-0.0044118999450277,0.4,113.5552,-0.03999999999999998,0.0006282829546746527
2017-05-31,1272.0,0.0078440889038653,48.31999969482422,-0.0269834908720347,0.83,0.0185634316676197,7.2991688534918e-05,0.0077710972153303,0.4,113.2956,0.0,-0.002286112833230103
2017-06-01,1267.0,-0.0039308176100628,48.36000061035156,0.0008278335219367,0.91,0.0164056580995912,6.457565337969484e-05,-0.0039953932634424,0.4,113.3017,0.0,5.3841455449399334e-05
2017-06-02,1276.800048828125,0.0077348451682122,47.65999984741211,-0.0144747881328524,0.91,0.0164056580995912,6.457565337969484e-05,0.0076702695148325,0.36,113.1908,-0.040000000000000036,-0.0009788026128469962
2017-06-05,1279.300048828125,0.0019580199752455,47.400001525878906,-0.0054552732346959,0.91,0.0164056580995912,6.457565337969484e-05,0.0018934443218658,0.39,112.9755,0.030000000000000027,-0.001902098050371559
2017-06-06,1294.4000244140625,0.0118033104116344,48.18999862670898,0.0166666049662205,0.91,0.0164056580995912,6.457565337969484e-05,0.0117387347582547,0.37,112.7095,-0.020000000000000018,-0.002354492788259277
2017-06-07,1290.0999755859375,-0.0033220401321233,45.720001220703125,-0.0512553948203866,0.91,0.0164056580995912,6.457565337969484e-05,-0.0033866157855029,0.4,112.8191,0.030000000000000027,0.0009724113761484521
2017-06-08,1276.300048828125,-0.0106967886357371,45.63999938964844,-0.001749821279936,0.91,0.0164056580995912,6.457565337969484e-05,-0.0107613642891167,0.41,112.8351,0.009999999999999953,0.0001418199577907231
2017-06-09,1268.5,-0.0061114538350812,45.83000183105469,0.0041630684475719,0.91,0.0164056580995912,6.457565337969484e-05,-0.0061760294884608,0.43,112.9562,0.020000000000000018,0.001073247597600302
2017-06-12,1266.0999755859375,-0.0018920176697378,46.08000183105469,0.0054549419596705,0.91,0.0164056580995912,6.457565337969484e-05,-0.0019565933231174,0.46,112.9837,0.030000000000000027,0.00024345719845397795
2017-06-13,1265.800048828125,-0.0002368902642729,46.459999084472656,0.0082464678454479,0.91,0.0164056580995912,6.457565337969484e-05,-0.0003014659176525,0.46,112.6271,0.0,-0.003156207488336782
2017-06-14,1272.800048828125,0.0055300993284685,44.72999954223633,-0.0372363232097976,0.91,0.0164056580995912,6.457565337969484e-05,0.0054655236750888,0.44,112.0734,-0.020000000000000018,-0.004916223537674291
2017-06-15,1252.199951171875,-0.0161848655452335,44.459999084472656,-0.0060362275995269,1.16,0.0164056580995912,6.457565337969484e-05,-0.0162494411986131,0.49,112.8708,0.04999999999999999,0.007114980004175875
2017-06-16,1254.0,0.0014375091026319,44.7400016784668,0.006297854245614,1.16,0.0164056580995912,6.457565337969484e-05,0.0013729334492522,0.49,112.6155,0.0,-0.002261878182842736
2017-06-19,1244.199951171875,-0.007815030963417,44.20000076293945,-0.0120697562643866,1.16,0.0164056580995912,6.457565337969484e-05,-0.0078796066167966,0.52,112.7576,0.030000000000000027,0.001261815647046749
2017-06-20,1241.0,-0.0025718946290433,43.22999954223633,-0.021945728596377,1.16,0.0164056580995912,6.457565337969484e-05,-0.0026364702824229,0.5,113.2698,-0.020000000000000018,0.0045424876017226
2017-06-21,1243.4000244140625,0.0019339439275281,42.52999877929688,-0.0161924767603928,1.16,0.0164056580995912,6.457565337969484e-05,0.0018693682741484,0.5,113.3327,0.0,0.0005553113009821864
2017-06-22,1247.5999755859375,0.0033777956324667,42.7400016784668,0.0049377593509865,1.16,0.0164056580995912,6.457565337969484e-05,0.003313219979087,0.46,113.1654,-0.03999999999999998,-0.0014761847198557776
2017-06-23,1256.199951171875,0.0068932155772916,43.0099983215332,0.0063171884057842,1.16,0.0164056580995912,6.457565337969484e-05,0.0068286399239119,0.45,112.8665,-0.010000000000000009,-0.00264126667691722
2017-06-26,1246.300048828125,-0.0078808332499253,43.380001068115234,0.0086027147412555,1.16,0.0164056580995912,6.457565337969484e-05,-0.0079454089033049,0.43,112.7633,-0.020000000000000018,-0.0009143545693363064
2017-06-27,1246.4000244140625,8.02179106320633e-05,44.2400016784668,0.0198248176389206,1.16,0.0164056580995912,6.457565337969484e-05,1.5642257252368452e-05,0.5,112.55,0.07,-0.0018915728787646247
2017-06-28,1248.0,0.00128367743469,44.7400016784668,0.0113019887212926,1.16,0.0164056580995912,6.457565337969484e-05,0.0012191017813103,0.49,112.0747,-0.010000000000000009,-0.0042230119946689015
2017-06-29,1244.199951171875,-0.0030449109199719,44.93000030517578,0.0042467281980551,1.16,0.0164056580995912,6.457565337969484e-05,-0.0031094865733515,0.55,111.998,0.06000000000000005,-0.0006843649815703179
2017-06-30,1240.699951171875,-0.0028130526742935,46.040000915527344,0.0247051102339674,1.06,0.0164056580995912,6.457565337969484e-05,-0.0028776283276731,0.58,111.9896,0.029999999999999916,-7.500133930971042e-05
2017-07-03,1217.9000244140625,-0.0183766645080282,47.06999969482422,0.0223718236058831,1.16,0.017251073506566,6.787517326345416e-05,-0.0184445396812916,0.6,112.4268,0.020000000000000018,0.0039039339367228365
2017-07-05,1220.4000244140625,0.0020527136463461,45.130001068115234,-0.041215182479007,1.16,0.017251073506566,6.787517326345416e-05,0.0019848384730826,0.58,112.6534,-0.020000000000000018,0.0020155336627922793
2017-07-06,1222.199951171875,0.0014748662092798,45.52000045776367,0.0086416880216733,1.16,0.017251073506566,6.787517326345416e-05,0.0014069910360163,0.61,112.4199,0.030000000000000027,-0.002072729274038787
2017-07-07,1208.5999755859375,-0.0111274555140487,44.22999954223633,-0.0283392113917988,1.16,0.017251073506566,6.787517326345416e-05,-0.0111953306873121,0.66,112.3137,0.050000000000000044,-0.0009446726068961242
2017-07-10,1212.0999755859375,0.0028959126846772,44.400001525878906,0.0038435899932631,1.16,0.017251073506566,6.787517326345416e-05,0.0028280375114137,0.66,112.1587,0.0,-0.0013800631623747117
2017-07-11,1213.5999755859375,0.0012375216815549,45.040000915527344,0.0144144001723831,1.16,0.017251073506566,6.787517326345416e-05,0.0011696465082914,0.62,112.1434,-0.040000000000000036,-0.0001364138493045175
2017-07-12,1218.0999755859375,0.0037079763435454,45.4900016784668,0.0099911357413919,1.16,0.017251073506566,6.787517326345416e-05,0.0036401011702819,0.57,111.5904,-0.050000000000000044,-0.0049311863203719275
2017-07-13,1216.300048828125,-0.0014776510909514,46.08000183105469,0.012969886366638,1.16,0.017251073506566,6.787517326345416e-05,-0.0015455262642148,0.58,111.5365,0.010000000000000009,-0.00048301646019732747
2017-07-14,1226.5999755859375,0.0084682449595692,46.540000915527344,0.0099826186240004,1.16,0.017251073506566,6.787517326345416e-05,0.0084003697863057,0.57,110.9075,-0.010000000000000009,-0.005639409520650229
2017-07-17,1232.800048828125,0.0050546823459911,46.02000045776367,-0.0111731939736636,1.16,0.017251073506566,6.787517326345416e-05,0.0049868071727276,0.54,110.9304,-0.029999999999999916,0.00020647837161602567
2017-07-18,1241.0999755859375,0.006732581464206,46.400001525878906,0.0082573025713894,1.16,0.017251073506566,6.787517326345416e-05,0.0066647062909425,0.51,110.4356,-0.030000000000000027,-0.004460454483171561
2017-07-19,1241.199951171875,8.055401490958403e-05,47.119998931884766,0.0155171849639765,1.16,0.017251073506566,6.787517326345416e-05,1.2678841646129868e-05,0.51,110.4339,0.0,-1.539358685065384e-05
2017-07-20,1244.800048828125,0.0029004977424071,46.790000915527344,-0.0070033536468125,1.16,0.017251073506566,6.787517326345416e-05,0.0028326225691436,0.5,110.2512,-0.010000000000000009,-0.001654383300779938
2017-07-21,1254.300048828125,0.0076317477726188,45.77000045776367,-0.0217995391708826,1.16,0.017251073506566,6.787517326345416e-05,0.0075638725993553,0.48,110.191,-0.020000000000000018,-0.000546025802893757
2017-07-24,1253.9000244140625,-0.0003189224256479,46.34000015258789,0.0124535654167232,1.16,0.017251073506566,6.787517326345416e-05,-0.0003867975989113,0.48,110.2004,0.0,8.530642248461007e-05
2017-07-25,1251.699951171875,-0.0017545842566001,47.88999938964844,0.0334484081130066,1.16,0.017251073506566,6.787517326345416e-05,-0.0018224594298635,0.52,110.2835,0.040000000000000036,0.0007540807474382127
2017-07-26,1249.0,-0.0021570274644072,48.75,0.0179578329779108,1.16,0.017251073506566,6.787517326345416e-05,-0.0022249026376706,0.49,110.3811,-0.030000000000000027,0.0008849918618831776
2017-07-27,1259.5999755859375,0.0084867698846577,49.040000915527344,0.005948736728766,1.16,0.017251073506566,6.787517326345416e-05,0.0084188947113942,0.49,110.216,0.0,-0.0014957270764651698
2017-07-28,1268.4000244140625,0.0069863837715871,49.709999084472656,0.0136622788833018,1.16,0.017251073506566,6.787517326345416e-05,0.0069185085983236,0.47,109.92,-0.020000000000000018,-0.0026856354794221327
2017-07-31,1266.5999755859375,-0.0014191491591594,50.16999816894531,0.0092536530465625,1.07,0.017251073506566,6.787517326345416e-05,-0.0014870243324228,0.48,109.8177,0.010000000000000009,-0.0009306768558952072
2017-08-01,1272.5999755859375,0.0047370915171731,49.15999984741211,-0.0201315199999027,1.16,0.0192812155729698,7.578734897917272e-05,0.0046613041681939,0.47,109.8495,-0.010000000000000009,0.00028957080689173686
2017-08-02,1271.800048828125,-0.0006285767508711,49.59000015258789,0.0087469549737684,1.16,0.0192812155729698,7.578734897917272e-05,-0.0007043640998502,0.48,109.7503,0.010000000000000009,-0.0009030537235036329
2017-08-03,1267.800048828125,-0.0031451484875202,49.02999877929688,-0.0112926269725327,1.16,0.0192812155729698,7.578734897917272e-05,-0.0032209358364993,0.46,109.8332,-0.019999999999999962,0.0007553510104301164
2017-08-04,1258.300048828125,-0.0074932951838747,49.58000183105469,0.0112176843861162,1.16,0.0192812155729698,7.578734897917272e-05,-0.0075690825328538,0.47,110.2808,0.009999999999999953,0.004075270501087136
2017-08-07,1258.199951171875,-7.954991048697568e-05,49.38999938964844,-0.0038322394995806,1.16,0.0192812155729698,7.578734897917272e-05,-0.0001553372594661,0.46,110.373,-0.009999999999999953,0.0008360476166295872
2017-08-08,1256.4000244140625,-0.0014305570081576,49.16999816894531,-0.0044543677550487,1.16,0.0192812155729698,7.578734897917272e-05,-0.0015063443571367,0.46,110.396,0.0,0.00020838429688407878
2017-08-09,1273.0,0.0132123330654017,49.560001373291016,0.0079317311138731,1.16,0.0192812155729698,7.578734897917272e-05,0.0131365457164225,0.42,110.3671,-0.040000000000000036,-0.0002617848472771245
2017-08-10,1283.699951171875,0.008405303355754,48.59000015258789,-0.0195722597624035,1.16,0.0192812155729698,7.578734897917272e-05,0.0083295160067748,0.4,110.1886,-0.019999999999999962,-0.0016173298020877303
2017-08-11,1287.699951171875,0.0031159929517394,48.81999969482422,0.004733474820211,1.16,0.0192812155729698,7.578734897917272e-05,0.0030402056027602,0.4,110.0422,0.0,-0.001328631092508692
2017-08-14,1284.199951171875,-0.002718024487626,47.59000015258789,-0.0251945831611041,1.16,0.0192812155729698,7.578734897917272e-05,-0.0027938118366051,0.45,110.095,0.04999999999999999,0.0004798159251633294
2017-08-15,1273.699951171875,-0.0081762968379015,47.54999923706055,-0.000840531947869,1.16,0.0192812155729698,7.578734897917272e-05,-0.0082520841868806,0.49,110.4846,0.03999999999999998,0.0035387619782913937
2017-08-16,1276.9000244140625,0.0025124231489868,46.77999877929688,-0.0161934904336135,1.16,0.0192812155729698,7.578734897917272e-05,0.0024366358000076,0.45,110.4394,-0.03999999999999998,-0.00040910678954342306
2017-08-17,1286.4000244140625,0.0074398933498018,47.09000015258789,0.0066267931034706,1.16,0.0192812155729698,7.578734897917272e-05,0.0073641060008226,0.42,110.1673,-0.030000000000000027,-0.0024637946240201325
2017-08-18,1285.699951171875,-0.0005442111543074,48.5099983215332,0.0301549833158638,1.16,0.0192812155729698,7.578734897917272e-05,-0.0006199985032865,0.43,110.041,0.010000000000000009,-0.0011464381899166654
2017-08-21,1290.800048828125,0.0039667868475856,47.369998931884766,-0.0235002974457412,1.16,0.0192812155729698,7.578734897917272e-05,0.0038909994986064,0.43,109.7349,0.0,-0.0027816904608282123
2017-08-22,1285.0999755859375,-0.0044159227041883,47.63999938964844,0.0056998197984323,1.16,0.0192812155729698,7.578734897917272e-05,-0.0044917100531674,0.45,109.8386,0.020000000000000018,0.0009450047341366119
2017-08-23,1288.9000244140625,0.0029570063810735,48.40999984741211,0.0161628981450192,1.16,0.0192812155729698,7.578734897917272e-05,0.0028812190320943,0.42,109.8095,-0.030000000000000027,-0.00026493418524997647
2017-08-24,1286.5,-0.0018620718198477,47.43000030517578,-0.0202437418988902,1.16,0.0192812155729698,7.578734897917272e-05,-0.0019378591688268,0.44,109.7524,0.020000000000000018,-0.0005199914397207017
2017-08-25,1292.5,0.0046638165565486,47.869998931884766,0.0092767999974263,1.16,0.0192812155729698,7.578734897917272e-05,0.0045880292075694,0.42,109.3415,-0.020000000000000018,-0.003743881682769512
2017-08-28,1309.699951171875,0.0133075057422631,46.56999969482422,-0.027156867893612,1.16,0.0192812155729698,7.578734897917272e-05,0.0132317183932839,0.41,109.1815,-0.010000000000000009,-0.0014633053323760414
2017-08-29,1313.0999755859375,0.0025960330921752,46.43999862670898,-0.0027915196256632,1.16,0.0192812155729698,7.578734897917272e-05,0.002520245743196,0.39,109.0946,-0.019999999999999962,-0.000795922386118475
2017-08-30,1308.0999755859375,-0.003807783179471,45.959999084472656,-0.0103359077612088,1.16,0.0192812155729698,7.578734897917272e-05,-0.0038835705284501,0.39,109.4052,0.0,0.0028470703407867948
2017-08-31,1316.199951171875,0.0061921685934664,47.22999954223633,0.0276327346184115,1.07,0.0192812155729698,7.578734897917272e-05,0.0061163812444872,0.36,109.3686,-0.030000000000000027,-0.00033453620120427185
2017-09-01,1324.5,0.0063060698495962,47.290000915527344,0.0012704080853813,1.16,0.0218056523037117,8.560409878866082e-05,0.0062204657508075,0.37,109.0504,0.010000000000000009,-0.0029094273859224806
2017-09-05,1339.199951171875,0.0110984908809927,48.65999984741211,0.0289701608238908,1.16,0.0218056523037117,8.560409878866082e-05,0.011012886782204,0.3,108.8664,-0.07,-0.001687293214880481
2017-09-06,1333.9000244140625,-0.0039575320721709,49.15999984741211,0.0102753802212884,1.16,0.0218056523037117,8.560409878866082e-05,-0.0040431361709595,0.32,108.4897,0.020000000000000018,-0.003460204434058589
2017-09-07,1345.0999755859375,0.0083963947573917,49.09000015258789,-0.0014239156843265,1.16,0.0218056523037117,8.560409878866082e-05,0.008310790658603,0.26,107.9224,-0.06,-0.00522906782855892
2017-09-08,1346.0,0.0006691133970695,47.47999954223633,-0.0327969159777378,1.16,0.0218056523037117,8.560409878866082e-05,0.0005835092982808,0.25,107.808,-0.010000000000000009,-0.001060020903908665
2017-09-11,1331.0,-0.0111441307578008,48.06999969482422,0.0124262880850083,1.16,0.0218056523037117,8.560409878866082e-05,-0.0112297348565894,0.31,108.153,0.06,0.0032001335707925183
2017-09-12,1328.0,-0.0022539444027047,48.22999954223633,0.0033284761478651,1.16,0.0218056523037117,8.560409878866082e-05,-0.0023395485014933,0.33,108.3239,0.020000000000000018,0.0015801688348913157
2017-09-13,1323.4000244140625,-0.0034638370376035,49.29999923706055,0.0221853556910609,1.16,0.0218056523037117,8.560409878866082e-05,-0.0035494411363921,0.35,108.6628,0.019999999999999962,0.0031285801194382845
2017-09-14,1324.699951171875,0.0009822629090459,49.88999938964844,0.0119675489192374,1.16,0.0218056523037117,8.560409878866082e-05,0.0008966588102572,0.35,108.618,0.0,-0.00041228460890030405
2017-09-15,1320.4000244140625,-0.0032459627963363,49.88999938964844,0.0,1.16,0.0218056523037117,8.560409878866082e-05,-0.0033315668951249,0.35,108.3147,0.0,-0.0027923548583107527
2017-09-18,1306.300048828125,-0.0106785635604592,49.90999984741211,0.0004008911206325,1.16,0.0218056523037117,8.560409878866082e-05,-0.0107641676592478,0.36,108.6401,0.010000000000000009,0.003004209031645777
2017-09-19,1306.199951171875,-7.662684873954717e-05,49.47999954223633,-0.0086155140551072,1.16,0.0218056523037117,8.560409878866082e-05,-0.0001622309475282,0.37,108.6142,0.010000000000000009,-0.00023840184241363804
2017-09-20,1312.0,0.0044403989013483,50.40999984741211,0.0187954792598963,1.16,0.0218056523037117,8.560409878866082e-05,0.0043547948025596,0.43,108.4329,0.06,-0.0016692108398348449
2017-09-21,1290.5999755859375,-0.0163109942180353,50.54999923706055,0.0027772146413846,1.16,0.0218056523037117,8.560409878866082e-05,-0.0163965983168239,0.44,108.9267,0.010000000000000009,0.004553968398889996
2017-09-22,1293.300048828125,0.0020921069992749,50.65999984741211,0.0021760754107176,1.16,0.0218056523037117,8.560409878866082e-05,0.0020065029004862,0.42,108.7542,-0.020000000000000018,-0.0015836337647243681
2017-09-25,1306.800048828125,0.0104384129670702,52.220001220703125,0.0307935526646216,1.16,0.0218056523037117,8.560409878866082e-05,0.0103528088682815,0.38,109.3302,-0.03999999999999998,0.005296347175557381
2017-09-26,1297.0,-0.0074992718564046,51.880001068115234,-0.0065109181279201,1.16,0.0218056523037117,8.560409878866082e-05,-0.0075848759551932,0.4,109.7769,0.020000000000000018,0.004085787824407161
2017-09-27,1283.4000244140625,-0.0104857174910851,52.13999938964844,0.0050115326943005,1.16,0.0218056523037117,8.560409878866082e-05,-0.0105713215898737,0.44,110.0722,0.03999999999999998,0.0026900012662043338
2017-09-28,1285.5,0.001636259580793,51.560001373291016,-0.0111238592855176,1.16,0.0218056523037117,8.560409878866082e-05,0.0015506554820043,0.44,110.2415,0.0,0.0015380813684109373
2017-09-29,1281.5,-0.0031116297160638,51.66999816894531,0.0021333745679703,1.06,0.0218056523037117,8.560409878866082e-05,-0.0031972338148524,0.49,110.0867,0.04999999999999999,-0.0014041898921912654
2017-10-02,1272.699951171875,-0.006866990892021,50.58000183105469,-0.0210953430717505,1.16,0.0202075775313248,7.939249258792636e-05,-0.0069463833846089,0.51,110.3686,0.020000000000000018,0.0025607089684767104
2017-10-03,1271.5,-0.000942839017767,50.41999816894531,-0.0031633779422114,1.16,0.0202075775313248,7.939249258792636e-05,-0.0010222315103549,0.49,110.3281,-0.020000000000000018,-0.00036695219473648066
2017-10-04,1273.699951171875,0.0017302014721785,49.97999954223633,-0.0087266688355412,1.16,0.0202075775313248,7.939249258792636e-05,0.0016508089795905,0.48,110.2425,-0.010000000000000009,-0.0007758676166814693
2017-10-05,1269.9000244140625,-0.0029833767005458,50.790000915527344,0.0162065102182826,1.16,0.0202075775313248,7.939249258792636e-05,-0.0030627691931337,0.49,110.5823,0.010000000000000009,0.003082295847790073
2017-10-06,1271.5999755859375,0.0013386496095701,49.290000915527344,-0.0295333721788026,1.16,0.0202075775313248,7.939249258792636e-05,0.0012592571169821,0.5,110.7841,0.010000000000000009,0.0018248851760180873
2017-10-09,1281.800048828125,0.0080214481267879,49.58000183105469,0.0058835648233064,1.16,0.0202075775313248,7.939249258792636e-05,0.0079420556341999,0.5,110.7841,0.0,0.0
2017-10-10,1290.5999755859375,0.0068652882061113,50.91999816894531,0.0270269521662525,1.16,0.0202075775313248,7.939249258792636e-05,0.0067858957135233,0.47,110.3034,-0.030000000000000027,-0.0043390703178524115
2017-10-11,1285.800048828125,-0.0037191436917805,51.29999923706055,0.0074627078118589,1.16,0.0202075775313248,7.939249258792636e-05,-0.0037985361843684,0.46,110.3037,-0.009999999999999953,2.7197711041093697e-06
2017-10-12,1293.300048828125,0.0058329442488631,50.59999847412109,-0.0136452392465875,1.16,0.0202075775313248,7.939249258792636e-05,0.0057535517562751,0.44,110.3152,-0.020000000000000018,0.00010425760876553447
2017-10-13,1301.5,0.0063403316030994,51.45000076293945,0.0167984647124661,1.16,0.0202075775313248,7.939249258792636e-05,0.0062609391105114,0.43,110.2669,-0.010000000000000009,-0.00043783630904892235
2017-10-16,1299.9000244140625,-0.0012293319907318,51.869998931884766,0.0081632295960594,1.16,0.0202075775313248,7.939249258792636e-05,-0.0013087244833197,0.46,110.5432,0.030000000000000027,0.002505738349404929
2017-10-17,1283.0,-0.0130010186142432,51.880001068115234,0.0001928308547607,1.16,0.0202075775313248,7.939249258792636e-05,-0.0130804111068311,0.48,110.9141,0.019999999999999962,0.0033552493504802605
2017-10-18,1279.9000244140625,-0.0024161929742303,52.040000915527344,0.0030840370878566,1.16,0.0202075775313248,7.939249258792636e-05,-0.0024955854668182,0.5,110.7214,0.020000000000000018,-0.001737380549452272
2017-10-19,1286.9000244140625,0.0054691771751504,51.290000915527344,-0.0144119905227791,1.16,0.0202075775313248,7.939249258792636e-05,0.0053897846825624,0.49,110.4577,-0.010000000000000009,-0.002381653411174356
2017-10-20,1277.4000244140625,-0.0073820808297252,51.470001220703125,0.0035094619216762,1.16,0.0202075775313248,7.939249258792636e-05,-0.0074614733223131,0.52,111.0375,0.030000000000000027,0.005249068195336326
2017-10-23,1277.699951171875,0.0002347947018006,51.900001525878906,0.0083543869239859,1.16,0.0202075775313248,7.939249258792636e-05,0.0001554022092126,0.52,111.2134,0.0,0.0015841494990431748
2017-10-24,1275.0,-0.0021131339712415,52.470001220703125,0.0109826527565706,1.16,0.0202075775313248,7.939249258792636e-05,-0.0021925264638294,0.55,111.4027,0.030000000000000027,0.001702133016345142
2017-10-25,1275.4000244140625,0.0003137446384804,52.18000030517578,-0.0055269851111213,1.16,0.0202075775313248,7.939249258792636e-05,0.0002343521458924,0.56,111.3904,0.010000000000000009,-0.00011041025037994423
2017-10-26,1266.300048828125,-0.0071349971865636,52.63999938964844,0.0088156205784273,1.16,0.0202075775313248,7.939249258792636e-05,-0.0072143896791515,0.57,111.6418,0.009999999999999898,0.0022569269883221388
2017-10-27,1268.5,0.0017373063942554,53.900001525878906,0.0239362110721879,1.16,0.0202075775313248,7.939249258792636e-05,0.0016579139016674,0.54,112.1495,-0.029999999999999916,0.004547579849124572
2017-10-30,1274.0999755859375,0.0044146437413776,54.150001525878906,0.0046382187926279,1.16,0.0202075775313248,7.939249258792636e-05,0.0043352512487896,0.5,111.901,-0.040000000000000036,-0.0022157923129394463
2017-10-31,1267.0,-0.0055725419684372,54.380001068115234,0.0042474521838453,1.07,0.0202075775313248,7.939249258792636e-05,-0.0056519344610251,0.5,111.8052,0.0,-0.0008561138863817375
2017-11-01,1274.0999755859375,0.0056037692075276,54.29999923706055,-0.0014711627341543,1.16,0.0217249386429556,8.529060245598963e-05,0.0055184786050716,0.49,111.7942,-0.010000000000000009,-9.838540604545365e-05
2017-11-02,1274.9000244140625,0.0006279325354803,54.540000915527344,0.004419920475855,1.16,0.0217249386429556,8.529060245598963e-05,0.0005426419330243,0.48,111.5474,-0.010000000000000009,-0.002207627944920243
2017-11-03,1266.5,-0.0065887710825977,55.63999938964844,0.0201686552192177,1.16,0.0217249386429556,8.529060245598963e-05,-0.0066740616850536,0.48,111.9383,0.0,0.003504339859109251
2017-11-06,1279.4000244140625,0.0101855700071555,57.34999847412109,0.0307332692888344,1.16,0.0217249386429556,8.529060245598963e-05,0.0101002794046995,0.46,111.7197,-0.019999999999999962,-0.0019528615317545572
2017-11-07,1273.699951171875,-0.0044552705435487,57.20000076293945,-0.0026154789044907,1.16,0.0217249386429556,8.529060245598963e-05,-0.0045405611460046,0.44,111.9446,-0.020000000000000018,0.0020130737909249685
2017-11-08,1281.5999755859375,0.0062024218551584,56.810001373291016,-0.0068181710567585,1.16,0.0217249386429556,8.529060245598963e-05,0.0061171312527024,0.45,111.6935,0.010000000000000009,-0.0022430738061505195
2017-11-09,1285.5999755859375,0.0031210986861724,57.16999816894531,0.0063368559576122,1.16,0.0217249386429556,8.529060245598963e-05,0.0030358080837164,0.46,111.5626,0.010000000000000009,-0.0011719571864073908
2017-11-10,1272.4000244140625,-0.0102675415545638,56.7400016784668,-0.0075213661754512,1.16,0.0217249386429556,8.529060245598963e-05,-0.0103528321570197,0.52,111.5626,0.06,0.0
2017-11-13,1277.300048828125,0.0038510093681576,56.7599983215332,0.0003524258455211,1.16,0.0217249386429556,8.529060245598963e-05,0.0037657187657016,0.52,111.7833,0.0,0.001978261532090464
2017-11-14,1281.5,0.0032881476640733,55.70000076293945,-0.0186750808657373,1.16,0.0217249386429556,8.529060245598963e-05,0.0032028570616173,0.51,111.5097,-0.010000000000000009,-0.002447592797850895
2017-11-15,1276.5,-0.0039016777214202,55.33000183105469,-0.0066427096376441,1.16,0.0217249386429556,8.529060245598963e-05,-0.0039869683238761,0.48,111.4809,-0.030000000000000027,-0.00025827349548956935
2017-11-16,1277.4000244140625,0.0007050720047492,55.13999938964844,-0.0034339858145387,1.16,0.0217249386429556,8.529060245598963e-05,0.0006197814022932,0.53,111.2568,0.050000000000000044,-0.002010209820695774
2017-11-17,1295.800048828125,0.0144042774873927,56.54999923706055,0.0255712706387301,1.16,0.0217249386429556,8.529060245598963e-05,0.0143189868849367,0.49,111.0016,-0.040000000000000036,-0.002293792379432058
2017-11-20,1274.5999755859375,-0.0163606053737689,56.09000015258789,-0.0081343782613385,1.16,0.0217249386429556,8.529060245598963e-05,-0.0164458959762248,0.52,111.2599,0.030000000000000027,0.0023269934847787166
2017-11-21,1281.0999755859375,0.0050996392001434,56.83000183105469,0.0131931124345461,1.16,0.0217249386429556,8.529060245598963e-05,0.0050143485976874,0.52,110.9828,0.0,-0.002490564884563118
2017-11-22,1291.5999755859375,0.008196081648661,58.02000045776367,0.0209396197143656,1.16,0.0217249386429556,8.529060245598963e-05,0.008110791046205,0.48,110.5632,-0.040000000000000036,-0.003780766028609883
2017-11-24,1286.699951171875,-0.0037937631671444,58.95000076293945,0.016028960665948,1.16,0.0217249386429556,8.529060245598963e-05,-0.0038790537696003,0.5,110.0253,0.020000000000000018,-0.004865090735434507
2017-11-27,1293.800048828125,0.0055180678679465,58.11000061035156,-0.0142493662716961,1.16,0.0217249386429556,8.529060245598963e-05,0.0054327772654905,0.49,110.1136,-0.010000000000000009,0.0008025426879090247
2017-11-28,1294.699951171875,0.0006955497834191,57.9900016784668,-0.0020650306423054,1.16,0.0217249386429556,8.529060245598963e-05,0.0006102591809631,0.5,110.3018,0.010000000000000009,0.0017091440112755318
2017-11-29,1282.0999755859375,-0.0097319657535577,57.29999923706055,-0.0118986449635242,1.16,0.0217249386429556,8.529060245598963e-05,-0.0098172563560136,0.53,110.3265,0.030000000000000027,0.0002239310691212193
2017-11-30,1273.199951171875,-0.0069417553884556,57.400001525878906,0.0017452406657918,1.07,0.0217249386429556,8.529060245598963e-05,-0.0070270459909115,0.56,110.4648,0.030000000000000027,0.0012535519571454934
2017-12-01,1278.800048828125,0.0043984431911858,58.36000061035156,0.0167247222814068,1.16,0.0212993071955225,8.363701819869007e-05,0.0043148061729871,0.51,110.1413,-0.050000000000000044,-0.00292853470064669
2017-12-04,1274.300048828125,-0.0035189238568795,57.470001220703125,-0.015250160732359,1.16,0.0212993071955225,8.363701819869007e-05,-0.0036025608750781,0.5,110.397,-0.010000000000000009,0.0023215633009598946
2017-12-05,1261.5999755859375,-0.0099663130782007,57.619998931884766,0.0026100175395089,1.16,0.0212993071955225,8.363701819869007e-05,-0.0100499500963993,0.5,110.4905,0.0,0.0008469433046187635
2017-12-06,1262.800048828125,0.0009512311869142,55.959999084472656,-0.028809439052133,1.16,0.0212993071955225,8.363701819869007e-05,0.0008675941687155,0.47,110.8711,-0.030000000000000027,0.0034446400369263497
2017-12-07,1249.800048828125,-0.0102945830672591,56.68999862670898,0.01304502419906,1.16,0.0212993071955225,8.363701819869007e-05,-0.0103782200854577,0.5,111.0178,0.030000000000000027,0.001323158153928361
2017-12-08,1245.199951171875,-0.003680666887926,57.36000061035156,0.0118186981808623,1.16,0.0212993071955225,8.363701819869007e-05,-0.0037643039061246,0.5,111.2273,0.0,0.0018870847737930685
2017-12-11,1243.699951171875,-0.0012046258101667,57.9900016784668,0.0109832821027122,1.16,0.0212993071955225,8.363701819869007e-05,-0.0012882628283653,0.51,111.0827,0.010000000000000009,-0.001300040547599357
2017-12-12,1238.5,-0.0041810335097105,57.13999938964844,-0.0146577386483157,1.17,0.0212993071955225,8.363701819869007e-05,-0.0042646705279091,0.51,111.5214,0.0,0.003949309838525705
2017-12-13,1245.4000244140625,0.0055712752636758,56.59999847412109,-0.0094504886471029,1.17,0.0212993071955225,8.363701819869007e-05,0.0054876382454771,0.48,111.2759,-0.030000000000000027,-0.0022013712166454313
2017-12-14,1253.800048828125,0.0067448404122318,57.040000915527344,0.0077738949340684,1.41,0.0212993071955225,8.363701819869007e-05,0.0066612033940331,0.48,111.0893,0.0,-0.0016769129703736452
2017-12-15,1254.300048828125,0.0003987876699058,57.29999923706055,0.0045581752692858,1.41,0.0212993071955225,8.363701819869007e-05,0.0003151506517071,0.47,111.1286,-0.010000000000000009,0.0003537694449422535
2017-12-18,1262.199951171875,0.0062982556296085,57.15999984741211,-0.0024432703579844,1.42,0.0212993071955225,8.363701819869007e-05,0.0062146186114098,0.5,110.9086,0.030000000000000027,-0.0019796883970463197
2017-12-19,1260.699951171875,-0.0011884012502197,57.459999084472656,0.0052484121389326,1.42,0.0212993071955225,8.363701819869007e-05,-0.0012720382684183,0.55,111.1255,0.050000000000000044,0.00195566439392425
2017-12-20,1266.0999755859375,0.0042833541867302,58.09000015258789,0.0109641677367426,1.42,0.0212993071955225,8.363701819869007e-05,0.0041997171685315,0.57,110.8361,0.019999999999999907,-0.0026042627479740954
2017-12-21,1267.300048828125,0.0009478503003936,58.36000061035156,0.0046479679300128,1.42,0.0212993071955225,8.363701819869007e-05,0.0008642132821949,0.55,110.8786,-0.019999999999999907,0.00038344907480514223
2017-12-22,1275.4000244140625,0.0063915215606813,58.470001220703125,0.0018848630774697,1.42,0.0212993071955225,8.363701819869007e-05,0.0063078845424826,0.54,111.0997,-0.010000000000000009,0.0019940727967344696
2017-12-26,1284.0999755859375,0.0068213509529073,59.970001220703125,0.0256541810960126,1.42,0.0212993071955225,8.363701819869007e-05,0.0067377139347086,0.53,110.9758,-0.010000000000000009,-0.0011152145325323826
2017-12-27,1287.0,0.0022584101465614,59.63999938964844,-0.0055027817965219,1.42,0.0212993071955225,8.363701819869007e-05,0.0021747731283627,0.48,110.8553,-0.050000000000000044,-0.001085822314414564
2017-12-28,1294.0999755859375,0.00551668654696,59.84000015258789,0.0033534668844106,1.42,0.0212993071955225,8.363701819869007e-05,0.0054330495287613,0.47,110.5154,-0.010000000000000009,-0.0030661592183685027
2017-12-29,1306.300048828125,0.0094274580576076,60.41999816894531,0.0096924801951614,1.33,0.0212993071955225,8.363701819869007e-05,0.0093438210394089,0.44,110.0783,-0.02999999999999997,-0.0039551048994076465
2018-01-02,1313.699951171875,0.0056647799641349,60.369998931884766,-0.0008275279472987,1.42,0.0215131886806394,8.446803660611124e-05,0.0055803119275287,0.46,109.6445,0.020000000000000018,-0.003940831208330886
2018-01-03,1316.199951171875,0.0019030220696665,61.630001068115234,0.0208713294438207,1.42,0.0215131886806394,8.446803660611124e-05,0.0018185540330603,0.46,109.6751,0.0,0.00027908376617169495
2018-01-04,1319.4000244140625,0.0024312971895632,62.0099983215332,0.0061657836578321,1.42,0.0215131886806394,8.446803660611124e-05,0.002346829152957,0.45,109.4777,-0.010000000000000009,-0.0017998615911907212
2018-01-05,1320.300048828125,0.0006821467313995,61.43999862670898,-0.0091920611232508,1.42,0.0215131886806394,8.446803660611124e-05,0.0005976786947933,0.46,109.3496,0.010000000000000009,-0.0011701013083029732
2018-01-08,1318.5999755859375,-0.0012876415809394,61.72999954223633,0.0047200670899962,1.42,0.0215131886806394,8.446803660611124e-05,-0.0013721096175455,0.47,109.5681,0.009999999999999953,0.0019981783198110836
2018-01-09,1311.699951171875,-0.0052328413027585,62.959999084472656,0.0199254746696497,1.42,0.0215131886806394,8.446803660611124e-05,-0.0053173093393646,0.52,109.9025,0.050000000000000044,0.003051983195838881
2018-01-10,1317.4000244140625,0.0043455618314958,63.56999969482422,0.0096887010676911,1.42,0.0215131886806394,8.446803660611124e-05,0.0042610937948896,0.52,109.628,0.0,-0.00249766838788934
2018-01-11,1320.5999755859375,0.002428989762087,63.79999923706055,0.003618051649213,1.42,0.0215131886806394,8.446803660611124e-05,0.0023445217254808,0.54,109.4888,0.020000000000000018,-0.0012697486043711237
2018-01-12,1333.4000244140625,0.0096926011394522,64.30000305175781,0.0078370504808222,1.42,0.0215131886806394,8.446803660611124e-05,0.009608133102846,0.54,108.901,0.0,-0.005368585645289747
2018-01-16,1335.4000244140625,0.0014999249762868,63.72999954223633,-0.0088647508937544,1.42,0.0215131886806394,8.446803660611124e-05,0.0014154569396806,0.51,108.3218,-0.030000000000000027,-0.0053185921157749005
2018-01-17,1338.0,0.0019469638598204,63.970001220703125,0.0037659137014074,1.42,0.0215131886806394,8.446803660611124e-05,0.0018624958232142,0.53,108.1526,0.020000000000000018,-0.0015620124480943964
2018-01-18,1326.0,-0.0089686098654708,63.95000076293945,-0.0003126537030172,1.42,0.0215131886806394,8.446803660611124e-05,-0.0090530779020769,0.57,108.0655,0.039999999999999925,-0.0008053435608575965
2018-01-19,1331.9000244140625,0.0044494905083427,63.369998931884766,-0.0090696141381566,1.42,0.0215131886806394,8.446803660611124e-05,0.0043650224717365,0.58,107.9455,0.010000000000000009,-0.0011104376512393044
2018-01-22,1330.9000244140625,-0.0007508071038889,63.4900016784668,0.0018936838978176,1.42,0.0215131886806394,8.446803660611124e-05,-0.000835275140495,0.6,108.107,0.020000000000000018,0.001496125359556455
2018-01-23,1335.699951171875,0.0036065269139398,64.47000122070312,0.0154354940357279,1.42,0.0215131886806394,8.446803660611124e-05,0.0035220588773336,0.57,107.9979,-0.030000000000000027,-0.0010091853441497323
2018-01-24,1355.9000244140625,0.0151232117845516,65.61000061035156,0.0176826332877801,1.42,0.0215131886806394,8.446803660611124e-05,0.0150387437479454,0.58,107.0802,0.010000000000000009,-0.008497387449200366
2018-01-25,1362.4000244140625,0.0047938637679492,65.51000213623047,-0.0015241346317761,1.42,0.0215131886806394,8.446803660611124e-05,0.004709395731343,0.56,106.5052,-0.019999999999999907,-0.005369806929759191
2018-01-26,1351.5999755859375,-0.0079272230142316,66.13999938964844,0.0096168101492024,1.42,0.0215131886806394,8.446803660611124e-05,-0.0080116910508377,0.57,106.6911,0.009999999999999898,0.0017454546820250272
2018-01-30,1335.4000244140625,-0.0119857587041255,64.5,-0.0247958785119842,1.42,0.0215131886806394,8.446803660611124e-05,-0.0120702267407316,0.63,107.1064,0.06000000000000005,0.003892545863712904
2018-01-31,1339.0,0.0026958031452164,64.7300033569336,0.0035659435183503,1.34,0.0215131886806394,8.446803660611124e-05,0.0026113351086102,0.61,106.7696,-0.020000000000000018,-0.0031445366476700043
2018-02-01,1344.300048828125,0.0039582142106981,65.80000305175781,0.0165301968072524,1.42,0.0226346893109186,8.882269746735005e-05,0.0038693915132307,0.67,106.4877,0.06000000000000005,-0.0026402646446178624
2018-02-02,1333.699951171875,-0.0078852170432415,65.44999694824219,-0.0053192414480636,1.42,0.0226346893109186,8.882269746735005e-05,-0.0079740397407088,0.7,107.1151,0.029999999999999916,0.005891760269026269
2018-02-05,1333.0,-0.0005248190728807,64.1500015258789,-0.0198624214358835,1.42,0.0226346893109186,8.882269746735005e-05,-0.000613641770348,0.67,107.33,-0.029999999999999916,0.0020062530866329364
2018-02-06,1326.0999755859375,-0.005176312388644,63.38999938964844,-0.0118472660662973,1.42,0.0226346893109186,8.882269746735005e-05,-0.0052651350861113,0.69,107.5204,0.019999999999999907,0.0017739681356563342
2018-02-07,1311.5999755859375,-0.010934318880138,61.790000915527344,-0.0252405503948052,1.42,0.0226346893109186,8.882269746735005e-05,-0.0110231415776053,0.74,107.7175,0.050000000000000044,0.0018331405017095737
2018-02-08,1316.9000244140625,0.0040409034208446,61.150001525878906,-0.0103576530209698,1.42,0.0226346893109186,8.882269746735005e-05,0.0039520807233772,0.76,108.3025,0.020000000000000018,0.005430872420915778
2018-02-09,1313.0999755859375,-0.0028856016080763,59.20000076293945,-0.0318888097184135,1.42,0.0226346893109186,8.882269746735005e-05,-0.0029744243055436,0.78,108.2582,0.020000000000000018,-0.00040903949585646693
2018-02-12,1324.199951171875,0.0084532600657345,59.290000915527344,0.001520272828176,1.42,0.0226346893109186,8.882269746735005e-05,0.0083644373682671,0.79,108.0332,0.010000000000000009,-0.002078364502642871
2018-02-13,1328.0999755859375,0.0029451929903872,59.18999862670898,-0.0016866636409879,1.42,0.0226346893109186,8.882269746735005e-05,0.0028563702929198,0.78,107.7574,-0.010000000000000009,-0.0025529189175178546
2018-02-14,1355.5,0.0206309953450409,60.59999847412109,0.0238215894598088,1.42,0.0226346893109186,8.882269746735005e-05,0.0205421726475735,0.82,107.4691,0.039999999999999925,-0.0026754543075464543
2018-02-15,1352.0999755859375,-0.0025083175315843,61.34000015258789,0.0122112491270574,1.42,0.0226346893109186,8.882269746735005e-05,-0.0025971402290516,0.79,106.9867,-0.029999999999999916,-0.004488732109973914
2018-02-16,1353.199951171875,0.0008135312519776,61.68000030517578,0.0055428782481596,1.42,0.0226346893109186,8.882269746735005e-05,0.0007247085545102,0.78,107.0359,-0.010000000000000009,0.0004598702455538284
2018-02-20,1328.800048828125,-0.018031261619999,61.900001525878906,0.0035668161416118,1.42,0.0226346893109186,8.882269746735005e-05,-0.0181200843174663,0.78,107.6249,0.0,0.005502826621722301
2018-02-21,1330.0,0.0009030336602811,61.68000030517578,-0.0035541391806128,1.42,0.0226346893109186,8.882269746735005e-05,0.0008142109628137,0.82,107.8679,0.039999999999999925,0.002257841819133022
2018-02-22,1330.5999755859375,0.0004511094631109,62.77000045776367,0.0176718571205394,1.42,0.0226346893109186,8.882269746735005e-05,0.0003622867656435,0.81,107.8668,-0.009999999999999898,-1.019765843224274e-05
2018-02-23,1328.199951171875,-0.0018037159612945,63.54999923706055,0.0124262987670633,1.42,0.0226346893109186,8.882269746735005e-05,-0.0018925386587618,0.76,107.6804,-0.050000000000000044,-0.0017280571964681801
2018-02-26,1330.699951171875,0.0018822467187973,63.90999984741211,0.0056648405141384,1.42,0.0226346893109186,8.882269746735005e-05,0.0017934240213299,0.73,107.7347,-0.030000000000000027,0.0005042700435733405
2018-02-27,1315.5,-0.0114225232806909,63.0099983215332,-0.0140823271479846,1.42,0.0226346893109186,8.882269746735005e-05,-0.0115113459781582,0.77,108.1731,0.040000000000000036,0.004069255309570696
2018-02-28,1315.5,0.0,61.63999938964844,-0.0217425641704323,1.35,0.0226346893109186,8.882269746735005e-05,-8.882269746735005e-05,0.75,108.3903,-0.020000000000000018,0.002007892904982711
2018-03-01,1302.9000244140625,-0.0095780886248099,60.9900016784668,-0.0105450635564217,1.42,0.0233094976464993,9.144061082522192e-05,-0.0096695292356351,0.71,108.5358,-0.040000000000000036,0.0013423710424271817
2018-03-02,1321.0999755859375,0.0139688010060938,61.25,0.0042629662957527,1.42,0.0233094976464993,9.144061082522192e-05,0.0138773603952685,0.74,108.5358,0.030000000000000027,0.0
2018-03-05,1318.0999755859375,-0.0022708349522673,62.56999969482422,0.0215510154257014,1.42,0.0233094976464993,9.144061082522192e-05,-0.0023622755630925,0.75,108.3614,0.010000000000000009,-0.0016068430877184126
2018-03-06,1333.5999755859375,0.0117593507981894,62.59999847412109,0.0004794434943773,1.42,0.0233094976464993,9.144061082522192e-05,0.0116679101873641,0.76,107.7969,0.010000000000000009,-0.005209419590370801
2018-03-07,1326.0,-0.0056988420253969,61.150001525878906,-0.0231628911115967,1.42,0.0233094976464993,9.144061082522192e-05,-0.0057902826362221,0.76,108.0911,0.0,0.002729206498517156
2018-03-08,1319.9000244140625,-0.0046002832473133,60.119998931884766,-0.0168438686556408,1.42,0.0233094976464993,9.144061082522192e-05,-0.0046917238581385,0.75,108.2671,-0.010000000000000009,0.0016282561654012984
2018-03-09,1322.4000244140625,0.0018940828500324,62.040000915527344,0.0319361613066213,1.42,0.0233094976464993,9.144061082522192e-05,0.0018026422392071,0.78,107.923,0.030000000000000027,-0.0031782508259664555
2018-03-12,1319.4000244140625,-0.0022686024989519,61.36000061035156,-0.0109606752924078,1.42,0.0233094976464993,9.144061082522192e-05,-0.0023600431097771,0.77,107.9438,-0.010000000000000009,0.00019273000194575118
2018-03-13,1325.9000244140625,0.0049264816429623,60.709999084472656,-0.0105932451012598,1.42,0.0233094976464993,9.144061082522192e-05,0.004835041032137,0.75,107.7384,-0.020000000000000018,-0.0019028420344661123
2018-03-14,1324.4000244140625,-0.0011313070158988,60.959999084472656,0.0041179377988813,1.42,0.0233094976464993,9.144061082522192e-05,-0.001222747626724,0.74,107.8623,-0.010000000000000009,0.0011500077966630773
2018-03-15,1316.800048828125,-0.0057384290590751,61.18999862670898,0.0037729584266825,1.43,0.0233094976464993,9.144061082522192e-05,-0.0058298696699003,0.74,108.2032,0.0,0.0031605111331762803
2018-03-16,1311.300048828125,-0.0041767920686931,62.34000015258789,0.0187939459337875,1.43,0.0233094976464993,9.144061082522192e-05,-0.0042682326795183,0.77,108.4332,0.030000000000000027,0.002125630295592096
2018-03-19,1316.800048828125,0.0041943108329136,62.060001373291016,-0.0044914786431108,1.43,0.0233094976464993,9.144061082522192e-05,0.0041028702220883,0.77,108.3145,0.0,-0.001094683178214817
2018-03-20,1311.0999755859375,-0.0043287310379888,63.400001525878906,0.0215920097153685,1.44,0.0233094976464993,9.144061082522192e-05,-0.004420171648814,0.81,108.4953,0.040000000000000036,0.0016692132632287748
2018-03-21,1320.699951171875,0.0073220774652575,65.16999816894531,0.0279179274521612,1.44,0.0233094976464993,9.144061082522192e-05,0.0072306368544322,0.8,108.4953,-0.010000000000000009,0.0
2018-03-22,1326.5999755859375,0.00446734658302,64.30000305175781,-0.0133496262334109,1.68,0.0233094976464993,9.144061082522192e-05,0.0043759059721947,0.75,107.9935,-0.050000000000000044,-0.0046250851419370465
2018-03-23,1349.300048828125,0.0171114681591646,65.87999725341797,0.0245722259202436,1.68,0.0233094976464993,9.144061082522192e-05,0.0170200275483393,0.75,107.7495,0.0,-0.002259395241380302
2018-03-26,1354.4000244140625,0.0037797194110877,65.55000305175781,-0.0050090196632944,1.68,0.0233094976464993,9.144061082522192e-05,0.0036882788002624,0.77,107.1819,0.020000000000000018,-0.005267773864379821
2018-03-27,1341.300048828125,-0.009672161362818,65.25,-0.0045767053820109,1.68,0.0233094976464993,9.144061082522192e-05,-0.0097636019736432,0.71,107.3359,-0.06000000000000005,0.0014368097598567164
2018-03-28,1324.199951171875,-0.0127488981091069,64.37999725341797,-0.0133333754265445,1.68,0.0233094976464993,9.144061082522192e-05,-0.0128403387199321,0.72,107.5733,0.010000000000000009,0.002211748352601628
2018-03-29,1322.800048828125,-0.0010571684000676,64.94000244140625,0.0086984344808829,1.68,0.0233094976464993,9.144061082522192e-05,-0.0011486090108928,0.69,107.665,-0.030000000000000027,0.0008524420093090068
2018-04-02,1342.0999755859375,0.0145902071706984,63.0099983215332,-0.0297198036235745,1.68,0.0247099630210529,9.686822175081212e-05,0.0144933389489475,0.68,107.7033,-0.009999999999999898,0.0003557330608832121
2018-04-03,1332.800048828125,-0.0069293844922039,63.5099983215332,0.0079352485846539,1.69,0.0247099630210529,9.686822175081212e-05,-0.0070262527139547,0.71,107.5624,0.029999999999999916,-0.0013082236106043421
2018-04-04,1335.800048828125,0.0022509002776807,63.369998931884766,-0.0022043677113587,1.69,0.0247099630210529,9.686822175081212e-05,0.0021540320559298,0.71,107.6361,0.0,0.0006851836701300407
2018-04-05,1324.300048828125,-0.0086090728998615,63.540000915527344,0.0026826887566355,1.69,0.0247099630210529,9.686822175081212e-05,-0.0087059411216123,0.75,107.7281,0.040000000000000036,0.0008547318232452472
2018-04-06,1331.9000244140625,0.0057388622711769,62.060001373291016,-0.0232924066873071,1.69,0.0247099630210529,9.686822175081212e-05,0.005641994049426,0.7,107.7886,-0.050000000000000044,0.0005615990628258238
2018-04-09,1336.300048828125,0.0033035695873631,63.41999816894531,0.0219142243886512,1.69,0.0247099630210529,9.686822175081212e-05,0.0032067013656122,0.71,107.5316,0.010000000000000009,-0.0023842966695921675
2018-04-10,1342.0,0.0042654725462845,65.51000213623047,0.0329549673230449,1.69,0.0247099630210529,9.686822175081212e-05,0.0041686043245336,0.72,107.3659,0.010000000000000009,-0.0015409423834482627
2018-04-11,1356.5,0.0108047690014903,66.81999969482422,0.0199969091112157,1.69,0.0247099630210529,9.686822175081212e-05,0.0107079007797394,0.68,107.1224,-0.039999999999999925,-0.00226794540911035
2018-04-12,1338.4000244140625,-0.0133431445528473,67.06999969482422,0.0037413948090658,1.69,0.0247099630210529,9.686822175081212e-05,-0.0134400127745981,0.7,107.2905,0.019999999999999907,0.0015692329522116744
2018-04-13,1344.800048828125,0.0047818472036149,67.38999938964844,0.004771130107056,1.69,0.0247099630210529,9.686822175081212e-05,0.004684978981864,0.69,107.2368,-0.010000000000000009,-0.0005005102968109743
2018-04-16,1347.5,0.002007697110234,66.22000122070312,-0.0173615993402878,1.69,0.0247099630210529,9.686822175081212e-05,0.0019108288884831,0.71,107.0595,0.020000000000000018,-0.001653350342419757
2018-04-17,1347.199951171875,-0.0002226707444341,66.5199966430664,0.0045302841563448,1.69,0.0247099630210529,9.686822175081212e-05,-0.0003195389661849,0.68,107.0344,-0.029999999999999916,-0.00023444906804159782
2018-04-18,1351.199951171875,0.0029691212477558,68.47000122070312,0.0293145621774466,1.69,0.0247099630210529,9.686822175081212e-05,0.0028722530260049,0.71,107.1096,0.029999999999999916,0.0007025778628177992
2018-04-19,1346.800048828125,-0.0032562925568003,68.29000091552734,-0.0026288929745389,1.69,0.0247099630210529,9.686822175081212e-05,-0.0033531607785511,0.75,107.5197,0.040000000000000036,0.0038287884559367047
2018-04-20,1336.699951171875,-0.007499329737208,68.37999725341797,0.0013178552743313,1.7,0.0247099630210529,9.686822175081212e-05,-0.0075961979589588,0.79,108.1787,0.040000000000000036,0.0061291093632145355
2018-04-23,1322.5,-0.0106231403385823,68.63999938964844,0.0038023127621209,1.7,0.0247099630210529,9.686822175081212e-05,-0.0107200085603331,0.8,108.9332,0.010000000000000009,0.0069745707796451395
2018-04-24,1331.4000244140625,0.0067296970994801,67.69999694824219,-0.0136946743846855,1.7,0.0247099630210529,9.686822175081212e-05,0.0066328288777292,0.83,108.7906,0.029999999999999916,-0.001309059129815382
2018-04-25,1321.199951171875,-0.0076611634784041,68.05000305175781,0.0051699574489376,1.7,0.0247099630210529,9.686822175081212e-05,-0.0077580317001549,0.86,109.3447,0.030000000000000027,0.005093270925980775
2018-04-26,1316.300048828125,-0.0037086758438069,68.19000244140625,0.0020573017394569,1.7,0.0247099630210529,9.686822175081212e-05,-0.0038055440655577,0.82,109.3646,-0.040000000000000036,0.0001819932744795416
2018-04-27,1320.300048828125,0.0030388208247511,68.0999984741211,-0.0013198997516167,1.7,0.0247099630210529,9.686822175081212e-05,0.0029419526030002,0.79,109.1735,-0.029999999999999916,-0.0017473661495583936
2018-04-30,1316.199951171875,-0.0031054286939465,68.56999969482422,0.0069016333514564,1.69,0.0247099630210529,9.686822175081212e-05,-0.0032022969156973,0.78,109.3363,-0.010000000000000009,0.001491204367360055
2018-05-01,1303.800048828125,-0.0094209867829806,67.25,-0.0192503966851242,1.7,0.0278192160784249,0.0001088920065657,-0.0095298787895463,0.81,109.7445,0.030000000000000027,0.0037334352817866012
2018-05-02,1302.5999755859375,-0.0009204427038226,67.93000030517578,0.0101115287014985,1.7,0.0278192160784249,0.0001088920065657,-0.0010293347103883,0.8,110.1625,-0.010000000000000009,0.0038088469126014157
2018-05-03,1310.699951171875,0.0062183139396221,68.43000030517578,0.0073605181474127,1.7,0.0278192160784249,0.0001088920065657,0.0061094219330563,0.78,110.1803,-0.020000000000000018,0.00016157948485195917
2018-05-04,1312.699951171875,0.0015259022465148,69.72000122070312,0.0188513942682209,1.7,0.0278192160784249,0.0001088920065657,0.001417010239949,0.79,110.25,0.010000000000000009,0.0006325994755869147
2018-05-07,1312.199951171875,-0.0003808943540781,70.7300033569336,0.0144865478850644,1.7,0.0278192160784249,0.0001088920065657,-0.0004897863606438,0.78,110.5721,-0.010000000000000009,0.0029215419501134043
2018-05-08,1312.0,-0.0001523785850596,69.05999755859375,-0.0236109956041185,1.7,0.0278192160784249,0.0001088920065657,-0.0002612705916253,0.81,111.063,0.030000000000000027,0.004439637123650586
2018-05-09,1311.300048828125,-0.0005334993688071,71.13999938964844,0.0301187649085843,1.7,0.0278192160784249,0.0001088920065657,-0.0006423913753728,0.82,110.8818,0.009999999999999898,-0.0016315064422895986
2018-05-10,1320.800048828125,0.0072447187113962,71.36000061035156,0.003092510860144,1.7,0.0278192160784249,0.0001088920065657,0.0071358267048304,0.8,110.405,-0.019999999999999907,-0.004300074493740147
2018-05-11,1319.0,-0.0013628473361445,70.69999694824219,-0.0092489301634567,1.7,0.0278192160784249,0.0001088920065657,-0.0014717393427102,0.82,110.2847,0.019999999999999907,-0.0010896245641048852
2018-05-14,1316.5,-0.0018953752843062,70.95999908447266,0.0036775409823681,1.7,0.0278192160784249,0.0001088920065657,-0.0020042672908719,0.85,110.408,0.030000000000000027,0.0011180154636136752
2018-05-15,1288.9000244140625,-0.020964660528627,71.30999755859375,0.0049323348173164,1.7,0.0278192160784249,0.0001088920065657,-0.0210735525351927,0.9,111.2292,0.050000000000000044,0.007437866821244921
2018-05-16,1290.199951171875,0.0010085551502752,71.48999786376953,0.0025241945216429,1.7,0.0278192160784249,0.0001088920065657,0.0008996631437094,0.92,111.3068,0.020000000000000018,0.0006976585285158876
2018-05-17,1288.199951171875,-0.001550147322656,71.48999786376953,0.0,1.7,0.0278192160784249,0.0001088920065657,-0.0016590393292217,0.95,111.3547,0.029999999999999916,0.0004303420815259251
2018-05-18,1290.199951171875,0.001552554010098,71.27999877929688,-0.002937461053962,1.7,0.0278192160784249,0.0001088920065657,0.0014436620035322,0.91,111.7171,-0.039999999999999925,0.0032544652358634796
2018-05-21,1290.199951171875,0.0,72.23999786376953,0.0134680008545606,1.7,0.0278192160784249,0.0001088920065657,-0.0001088920065657,0.9,111.6394,-0.010000000000000009,-0.0006955067755965993
2018-05-22,1291.699951171875,0.0011626104919919,72.12999725341797,-0.0015227105980678,1.7,0.0278192160784249,0.0001088920065657,0.0010537184854261,0.91,111.1945,0.010000000000000009,-0.003985152195371766
2018-05-23,1289.300048828125,-0.0018579410346595,71.83999633789062,-0.0040205313540837,1.7,0.0278192160784249,0.0001088920065657,-0.0019668330412252,0.87,111.6933,-0.040000000000000036,0.004485833382046778
2018-05-24,1303.699951171875,0.0111687751480644,70.70999908447266,-0.0157293612335831,1.7,0.0278192160784249,0.0001088920065657,0.0110598831414986,0.86,111.4885,-0.010000000000000009,-0.0018335925252453977
2018-05-25,1303.300048828125,-0.0003067441579563,67.87999725341797,-0.0400226540474688,1.7,0.0278192160784249,0.0001088920065657,-0.000415636164522,0.84,111.5843,-0.020000000000000018,0.0008592814505532509
2018-05-29,1298.699951171875,-0.0035295768310499,66.7300033569336,-0.0169415725252768,1.7,0.0278192160784249,0.0001088920065657,-0.0036384688376156,0.73,112.2127,-0.10999999999999999,0.005631616634239833
2018-05-30,1301.5,0.0021560398347582,68.20999908447266,0.0221788648746603,1.7,0.0278192160784249,0.0001088920065657,0.0020471478281924,0.78,111.6731,0.050000000000000044,-0.004808724859129088
2018-05-31,1300.0999755859375,-0.0010757006638973,67.04000091552734,-0.0171528835163354,1.7,0.0278192160784249,0.0001088920065657,-0.001184592670463,0.76,111.9894,-0.020000000000000018,0.002832374134863258
2018-06-01,1294.800048828125,-0.0040765532323188,65.80999755859375,-0.0183473051929614,1.7,0.0280755069359401,0.0001098814915385,-0.0041864347238573,0.8,111.8265,0.040000000000000036,-0.0014546019533991927
2018-06-04,1293.0999755859375,-0.0013130006009237,64.75,-0.0161069381236488,1.7,0.0280755069359401,0.0001098814915385,-0.0014228820924622,0.82,111.8247,0.019999999999999907,-1.6096363563145033e-05
2018-06-05,1297.5,0.003402694684971,65.5199966430664,0.0118918400473575,1.7,0.0280755069359401,0.0001098814915385,0.0032928131934324,0.79,112.264,-0.029999999999999916,0.003928470185924793
2018-06-06,1297.0999755859375,-0.0003083039800095,64.7300033569336,-0.0120572852046446,1.7,0.0280755069359401,0.0001098814915385,-0.000418185471548,0.83,111.7525,0.039999999999999925,-0.004556224613411208
2018-06-07,1298.699951171875,0.0012335021324896,65.94999694824219,0.0188474204856952,1.7,0.0280755069359401,0.0001098814915385,0.001123620640951,0.8,112.0725,-0.029999999999999916,0.0028634706158698897
2018-06-08,1298.0999755859375,-0.000461981680523,65.73999786376953,-0.0031842167428371,1.7,0.0280755069359401,0.0001098814915385,-0.0005718631720615,0.82,112.1066,0.019999999999999907,0.0003042673269535445
2018-06-11,1298.9000244140625,0.0006163229667759,66.0999984741211,0.0054761275030397,1.7,0.0280755069359401,0.0001098814915385,0.0005064414752373,0.83,112.1106,0.010000000000000009,3.568032569001289e-05
2018-06-12,1295.0999755859375,-0.0029255899273996,66.36000061035156,0.0039334665995833,1.7,0.0280755069359401,0.0001098814915385,-0.0030354714189381,0.83,112.2138,0.0,0.0009205195583645853
2018-06-13,1296.9000244140625,0.0013898917937285,66.63999938964844,0.0042193908487275,1.7,0.0280755069359401,0.0001098814915385,0.0012800103021899,0.86,112.2577,0.030000000000000027,0.0003912174794900025
2018-06-14,1304.0,0.0054745743328559,66.88999938964844,0.0037515006345998,1.9,0.0280755069359401,0.0001098814915385,0.0053646928413173,0.82,112.8593,-0.040000000000000036,0.0053590978614384
2018-06-15,1274.5999755859375,-0.0225460309923791,65.05999755859375,-0.0273583771528317,1.9,0.0280755069359401,0.0001098814915385,-0.0226559124839176,0.81,113.3379,-0.009999999999999898,0.004240678437665402
2018-06-18,1276.199951171875,0.0012552766488183,65.8499984741211,0.0121426520930294,1.9,0.0280755069359401,0.0001098814915385,0.0011453951572797,0.8,113.4899,-0.010000000000000009,0.0013411224312431802
2018-06-19,1275.5999755859375,-0.0004701266328889,65.06999969482422,-0.0118450842425366,1.91,0.0280755069359401,0.0001098814915385,-0.0005800081244274,0.77,113.639,-0.030000000000000027,0.0013137732961259196
2018-06-20,1271.199951171875,-0.0034493763705517,66.22000122070312,0.0176732984673793,1.92,0.0280755069359401,0.0001098814915385,-0.0035592578620902,0.81,113.4784,0.040000000000000036,-0.00141324721266467
2018-06-21,1267.199951171875,-0.0031466332234457,65.54000091552734,-0.0102688053856934,1.92,0.0280755069359401,0.0001098814915385,-0.0032565147149842,0.79,113.6109,-0.020000000000000018,0.001167623089504355
2018-06-22,1267.4000244140625,0.0001578860873554,68.58000183105469,0.0463839010232165,1.92,0.0280755069359401,0.0001098814915385,4.800459581683403e-05,0.78,113.3047,-0.010000000000000009,-0.0026951639323340437
2018-06-25,1265.5999755859375,-0.0014202688917867,68.08000183105469,-0.0072907551275915,1.92,0.0280755069359401,0.0001098814915385,-0.0015301503833252,0.77,113.286,-0.010000000000000009,-0.0001650416972993618
2018-06-26,1256.5999755859375,-0.0071112517174577,70.52999877929688,0.0359870282366034,1.92,0.0280755069359401,0.0001098814915385,-0.0072211332089962,0.76,113.3016,-0.010000000000000009,0.00013770457073247755
2018-06-27,1252.800048828125,-0.0030239748779563,72.76000213623047,0.0316177994545519,1.91,0.0280755069359401,0.0001098814915385,-0.0031338563694948,0.72,113.8971,-0.040000000000000036,0.005255883412061291
2018-06-28,1247.800048828125,-0.0039910598699904,73.44999694824219,0.0094831609641767,1.91,0.0280755069359401,0.0001098814915385,-0.0041009413615289,0.74,113.8405,0.020000000000000018,-0.0004969397816098065
2018-06-29,1251.300048828125,0.0028049365788109,74.1500015258789,0.0095303554352763,1.91,0.0280755069359401,0.0001098814915385,0.0026950550872723,0.74,113.2586,0.0,-0.005111537633794683
2018-07-02,1239.800048828125,-0.0091904415817533,73.94000244140625,-0.0028320846952291,1.91,0.0285412478556192,0.0001116789902912,-0.0093021205720445,0.73,114.1673,-0.010000000000000009,0.008023231789903829
2018-07-03,1251.5999755859375,0.0095176046887286,74.13999938964844,0.0027048544987631,1.91,0.0285412478556192,0.0001116789902912,0.0094059256984373,0.71,113.3222,-0.020000000000000018,-0.007402294702598788
2018-07-05,1257.300048828125,0.004554229269235,72.94000244140625,-0.0161855537917596,1.91,0.0285412478556192,0.0001116789902912,0.0044425502789437,0.71,112.9759,0.0,-0.003055888431392928
2018-07-06,1254.300048828125,-0.0023860652855268,73.80000305175781,0.0117905207234181,1.91,0.0285412478556192,0.0001116789902912,-0.002497744275818,0.7,112.6428,-0.010000000000000009,-0.0029484164321771367
2018-07-09,1258.0999755859375,0.0030295197400038,73.8499984741211,0.0006774447194564,1.91,0.0285412478556192,0.0001116789902912,0.0029178407497125,0.73,112.6425,0.030000000000000027,-2.6632860687936244e-06
2018-07-10,1253.800048828125,-0.0034177941668028,74.11000061035156,0.0035206789655057,1.91,0.0285412478556192,0.0001116789902912,-0.003529473157094,0.74,112.5794,0.010000000000000009,-0.0005601793284061296
2018-07-11,1242.800048828125,-0.0087733287379285,70.37999725341797,-0.0503306345461369,1.91,0.0285412478556192,0.0001116789902912,-0.0088850077282197,0.74,112.8582,0.0,0.00247647438163634
2018-07-12,1245.0,0.001770156972515,70.33000183105469,-0.0007103640851712,1.91,0.0285412478556192,0.0001116789902912,0.0016584779822237,0.75,112.779,0.010000000000000009,-0.0007017655783984056
2018-07-13,1239.5999755859375,-0.0043373690072791,71.01000213623047,0.0096687087654179,1.91,0.0285412478556192,0.0001116789902912,-0.0044490479975703,0.72,113.0705,-0.030000000000000027,0.0025847010525008596
2018-07-16,1238.0999755859375,-0.0012100677876272,68.05999755859375,-0.041543507800172,1.91,0.0285412478556192,0.0001116789902912,-0.0013217467779184,0.75,112.8437,0.030000000000000027,-0.002005828222215289
2018-07-17,1225.699951171875,-0.01001536601129,68.08000183105469,0.000293921145732,1.91,0.0285412478556192,0.0001116789902912,-0.0101270450015812,0.77,113.1504,0.020000000000000018,0.0027179186786678855
2018-07-18,1226.300048828125,0.0004895958881911,68.76000213623047,0.0099882533326489,1.91,0.0285412478556192,0.0001116789902912,0.0003779168978998,0.79,113.3348,0.020000000000000018,0.0016296893338423324
2018-07-19,1222.4000244140625,-0.0031803182408656,69.45999908447266,0.0101802927064389,1.91,0.0285412478556192,0.0001116789902912,-0.0032919972311568,0.75,113.9463,-0.040000000000000036,0.005395518410938216
2018-07-20,1229.5,0.0058082259850582,70.45999908447266,0.0143967753121312,1.91,0.0285412478556192,0.0001116789902912,0.0056965469947669,0.78,113.3213,0.030000000000000027,-0.005485039882822007
2018-07-23,1224.0,-0.0044733631557544,67.88999938964844,-0.0364745916579294,1.91,0.0285412478556192,0.0001116789902912,-0.0045850421460456,0.85,113.4246,0.06999999999999995,0.0009115673752420062
2018-07-24,1223.9000244140625,-8.167940027570264e-05,68.5199966430664,0.0092796768166421,1.91,0.0285412478556192,0.0001116789902912,-0.000193358390567,0.84,113.2045,-0.010000000000000009,-0.0019404961533917575
2018-07-25,1231.4000244140625,0.0061279515077963,69.30000305175781,0.0113836317411777,1.91,0.0285412478556192,0.0001116789902912,0.006016272517505,0.81,112.9221,-0.029999999999999916,-0.0024946004796628785
2018-07-26,1225.300048828125,-0.0049536912985201,69.61000061035156,0.0044732690467881,1.91,0.0285412478556192,0.0001116789902912,-0.0050653702888113,0.87,112.9179,0.05999999999999994,-3.719378226230141e-05
2018-07-27,1222.5999755859375,-0.0022036016768054,68.69000244140625,-0.0132164654629883,1.91,0.0285412478556192,0.0001116789902912,-0.0023152806670966,0.84,112.8125,-0.030000000000000027,-0.0009334215390119915
2018-07-30,1221.300048828125,-0.0010632478192137,70.12999725341797,0.0209636739093153,1.91,0.0285412478556192,0.0001116789902912,-0.0011749268095049,0.85,112.6044,0.010000000000000009,-0.0018446537396121787
2018-07-31,1223.699951171875,0.001965039095882,68.76000213623047,-0.0195350801488977,1.91,0.0285412478556192,0.0001116789902912,0.0018533601055907,0.84,112.7299,-0.010000000000000009,0.001114521279807823
2018-08-01,1217.9000244140625,-0.0047396641245741,67.66000366210938,-0.0159976503773476,1.91,0.0264292385687425,0.0001035213120805,-0.0048431854366546,0.87,112.8899,0.030000000000000027,0.0014193217593556628
2018-08-02,1210.5999755859375,-0.0059939639393939,68.95999908447266,0.0192136469405972,1.91,0.0264292385687425,0.0001035213120805,-0.0060974852514744,0.86,113.1679,-0.010000000000000009,0.002462576368656544
2018-08-03,1214.199951171875,0.0029737119267618,68.48999786376953,-0.0068155630357157,1.91,0.0264292385687425,0.0001035213120805,0.0028701906146812,0.83,113.012,-0.030000000000000027,-0.0013775991248401454
2018-08-06,1208.5999755859375,-0.0046120703435482,69.01000213623047,0.0075924118656749,1.91,0.0264292385687425,0.0001035213120805,-0.0047155916556287,0.83,113.229,0.0,0.0019201500725587461
2018-08-07,1209.5999755859375,0.0008274036241935,69.16999816894531,0.0023184470042327,1.91,0.0264292385687425,0.0001035213120805,0.0007238823121129,0.85,112.9759,0.020000000000000018,-0.002235293078628242
2018-08-08,1212.5999755859375,0.0024801587802172,66.94000244140625,-0.0322393492347994,1.91,0.0264292385687425,0.0001035213120805,0.0023766374681366,0.85,113.1411,0.0,0.0014622587649224528
2018-08-09,1211.9000244140625,-0.000577231721893,66.80999755859375,-0.0019421105179416,1.91,0.0264292385687425,0.0001035213120805,-0.0006807530339735,0.82,113.3806,-0.030000000000000027,0.0021168258042392196
2018-08-10,1211.0999755859375,-0.0006601607492431,67.62999725341797,0.012273607615463,1.91,0.0264292385687425,0.0001035213120805,-0.0007636820613236,0.78,114.3005,-0.039999999999999925,0.008113380948769011
2018-08-13,1191.300048828125,-0.0163487136957732,67.19999694824219,-0.0063581298630623,1.91,0.0264292385687425,0.0001035213120805,-0.0164522350078537,0.78,114.851,0.0,0.0048162518974108615
2018-08-14,1193.0,0.0014269714615955,67.04000091552734,-0.0023808934520945,1.91,0.0264292385687425,0.0001035213120805,0.0013234501495149,0.8,114.658,0.020000000000000018,-0.0016804381328852092
2018-08-15,1177.5,-0.0129924559932942,65.01000213623047,-0.0302804109721708,1.91,0.0264292385687425,0.0001035213120805,-0.0130959773053747,0.78,115.1526,-0.020000000000000018,0.004313698128346921
2018-08-16,1176.199951171875,-0.0011040754378981,65.45999908447266,0.0069219648278,1.92,0.0264292385687425,0.0001035213120805,-0.0012075967499786,0.79,114.6416,0.010000000000000009,-0.004437589772180672
2018-08-17,1176.5,0.000255100187537,65.91000366210938,0.0068744971575085,1.92,0.0264292385687425,0.0001035213120805,0.0001515788754564,0.79,114.5339,0.0,-0.0009394495540885339
2018-08-20,1186.800048828125,0.0087548226333404,66.43000030517578,0.0078894949806433,1.92,0.0264292385687425,0.0001035213120805,0.0086513013212598,0.75,114.3504,-0.040000000000000036,-0.001602145740256855
2018-08-21,1192.5999755859375,0.0048870294229761,67.3499984741211,0.0138491369068025,1.92,0.0264292385687425,0.0001035213120805,0.0047835081108955,0.77,113.8604,0.020000000000000018,-0.0042850746477492985
2018-08-22,1196.300048828125,0.0031025266794673,67.86000061035156,0.0075724149634008,1.92,0.0264292385687425,0.0001035213120805,0.0029990053673867,0.74,113.663,-0.030000000000000027,-0.0017337019718883795
2018-08-23,1187.0,-0.0077740102386815,67.83000183105469,-0.0004420686564553,1.92,0.0264292385687425,0.0001035213120805,-0.007877531550762,0.73,114.0932,-0.010000000000000009,0.0037848728258096376
2018-08-24,1206.300048828125,0.0162595188105518,68.72000122070312,0.0131210285363867,1.92,0.0264292385687425,0.0001035213120805,0.0161559974984712,0.73,113.5985,0.0,-0.004335928872185146
2018-08-27,1209.0,0.0022382086235492,68.87000274658203,0.0021827928290798,1.92,0.0264292385687425,0.0001035213120805,0.0021346873114686,0.74,113.2721,0.010000000000000009,-0.002873277376021721
2018-08-28,1207.4000244140625,-0.0013233875814205,68.52999877929688,-0.0049368949284966,1.92,0.0264292385687425,0.0001035213120805,-0.001426908893501,0.77,113.3444,0.030000000000000027,0.0006382860386626721
2018-08-29,1204.5,-0.0024018753978987,69.51000213623047,0.0143003556747423,1.92,0.0264292385687425,0.0001035213120805,-0.0025053967099792,0.77,113.6461,0.0,0.0026617989066950454
2018-08-30,1197.699951171875,-0.0056455365945412,70.25,0.0106459191631045,1.92,0.0264292385687425,0.0001035213120805,-0.0057490579066217,0.76,114.0899,-0.010000000000000009,0.0039051054105683214
2018-08-31,1200.300048828125,0.002170909044211,69.80000305175781,-0.0064056505087856,1.91,0.0264292385687425,0.0001035213120805,0.0020673877321304,0.78,114.2755,0.020000000000000018,0.0016267872966844177
2018-09-04,1192.699951171875,-0.0063318314980242,69.87000274658203,0.0010028609135204,1.92,0.0233205510580882,9.14834781291507e-05,-0.0064233149761533,0.8,114.8584,0.020000000000000018,0.00510083088676061
2018-09-05,1194.9000244140625,0.0018446158566753,68.72000122070312,-0.0164591595917056,1.92,0.0233205510580882,9.14834781291507e-05,0.0017531323785461,0.81,114.7477,0.010000000000000009,-0.0009637954211446642
2018-09-06,1197.9000244140625,0.0025106702976853,67.7699966430664,-0.0138242805698687,1.92,0.0233205510580882,9.14834781291507e-05,0.0024191868195561,0.8,114.6479,-0.010000000000000009,-0.0008697342081801507
2018-09-07,1193.5999755859375,-0.0035896558481399,67.75,-0.0002950663133676,1.92,0.0233205510580882,9.14834781291507e-05,-0.003681139326269,0.84,114.5816,0.039999999999999925,-0.0005782923193535794
2018-09-10,1193.0,-0.0005026605212881,67.54000091552734,-0.0030996174829912,1.92,0.0233205510580882,9.14834781291507e-05,-0.0005941439994172,0.84,114.6802,0.0,0.0008605221082618186
2018-09-11,1195.4000244140625,0.0020117555859702,69.25,0.0253183159800569,1.92,0.0233205510580882,9.14834781291507e-05,0.001920272107841,0.86,114.7051,0.020000000000000018,0.00021712553692787573
2018-09-12,1204.699951171875,0.0077797612245917,70.37000274658203,0.0161733248603903,1.92,0.0233205510580882,9.14834781291507e-05,0.0076882777464625,0.85,114.2192,-0.010000000000000009,-0.004236080174290446
2018-09-13,1202.0,-0.0022411814404479,68.58999633789062,-0.02529496005708,1.92,0.0233205510580882,9.14834781291507e-05,-0.002332664918577,0.87,113.9268,0.020000000000000018,-0.0025599899141299787
2018-09-14,1195.0,-0.0058236272878535,68.98999786376953,0.0058317764577271,1.92,0.0233205510580882,9.14834781291507e-05,-0.0059151107659826,0.89,114.0657,0.020000000000000018,0.001219203909879063
2018-09-17,1199.699951171875,0.0039330135329498,68.91000366210938,-0.001159504335949,1.92,0.0233205510580882,9.14834781291507e-05,0.0038415300548206,0.89,113.9158,0.0,-0.0013141549124758845
2018-09-18,1196.800048828125,-0.0024171896822345,69.8499984741211,0.0136409049783374,1.92,0.0233205510580882,9.14834781291507e-05,-0.0025086731603636,0.92,113.7739,0.030000000000000027,-0.0012456568799060763
2018-09-19,1202.199951171875,0.0045119503036763,71.12000274658203,0.0181818797452295,1.92,0.0233205510580882,9.14834781291507e-05,0.0044204668255471,0.93,113.6532,0.010000000000000009,-0.0010608760005590412
2018-09-20,1206.199951171875,0.0033272335405611,70.80000305175781,-0.0044994331055421,1.92,0.0233205510580882,9.14834781291507e-05,0.0032357500624319,0.92,113.4989,-0.010000000000000009,-0.0013576388522276162
2018-09-21,1196.199951171875,-0.0082904994236524,70.77999877929688,-0.0002825462090207,1.92,0.0233205510580882,9.14834781291507e-05,-0.0083819829017815,0.92,113.5099,0.0,9.691723884541759e-05
2018-09-24,1199.300048828125,0.0025916216207941,72.08000183105469,0.0183668137069545,1.93,0.0233205510580882,9.14834781291507e-05,0.0025001381426649,0.92,113.5301,0.0,0.0001779580459502217
2018-09-25,1200.0,0.0005836330721065,72.27999877929688,0.0027746523746066,1.93,0.0233205510580882,9.14834781291507e-05,0.0004921495939773,0.94,113.7202,0.019999999999999907,0.0016744458077637692
2018-09-26,1194.0,-0.005,71.56999969482422,-0.0098228984015426,1.93,0.0233205510580882,9.14834781291507e-05,-0.0050914834781291,0.92,113.6739,-0.019999999999999907,-0.00040713962866756326
2018-09-27,1182.300048828125,-0.0097989540802972,72.12000274658203,0.0076848268003777,2.18,0.0233205510580882,9.14834781291507e-05,-0.0098904375584263,0.91,113.9784,-0.010000000000000009,0.002678715166805956
2018-09-28,1191.5,0.0077814013295471,73.25,0.0156682918799739,2.18,0.0233205510580882,9.14834781291507e-05,0.0076899178514179,0.91,113.8077,0.0,-0.0014976521867300363
2018-10-01,1187.0999755859375,-0.0036928446614037,75.30000305175781,0.0279863897850896,2.18,0.0249203247021805,9.768285625955107e-05,-0.0037905275176632,0.95,113.8235,0.039999999999999925,0.0001388306766589853
2018-10-02,1202.4000244140625,0.0128885933306275,75.2300033569336,-0.0009296107833635,2.18,0.0249203247021805,9.768285625955107e-05,0.0127909104743679,0.93,113.8954,-0.019999999999999907,0.0006316797497880611
2018-10-03,1198.300048828125,-0.0034098265990434,76.41000366210938,0.0156852353119962,2.18,0.0249203247021805,9.768285625955107e-05,-0.0035075094553029,0.99,114.1569,0.05999999999999994,0.0022959662989023855
2018-10-04,1197.199951171875,-0.0009180485783387,74.33000183105469,-0.0272215905165063,2.18,0.0249203247021805,9.768285625955107e-05,-0.0010157314345982,1.03,114.6867,0.040000000000000036,0.004640980965671115
2018-10-05,1201.199951171875,0.0033411294379728,74.33999633789062,0.0001344612752554,2.18,0.0249203247021805,9.768285625955107e-05,0.0032434465817132,1.07,114.561,0.040000000000000036,-0.0010960294436930251
2018-10-08,1184.4000244140625,-0.0139859535803532,74.29000091552734,-0.0006725238744436,2.18,0.0249203247021805,9.768285625955107e-05,-0.0140836364366127,1.07,114.561,0.0,0.0
2018-10-09,1187.199951171875,0.0023640043060599,74.95999908447266,0.0090186857004772,2.18,0.0249203247021805,9.768285625955107e-05,0.0022663214498003,1.04,114.6583,-0.030000000000000027,0.0008493291783415735
2018-10-10,1189.300048828125,0.001768950254906,73.16999816894531,-0.0238794148531162,2.18,0.0249203247021805,9.768285625955107e-05,0.0016712673986464,1.06,114.6072,0.020000000000000018,-0.00044567205339685056
2018-10-11,1223.5,0.0287563690975829,70.97000122070312,-0.0300669263809809,2.18,0.0249203247021805,9.768285625955107e-05,0.0286586862413233,1.02,114.4074,-0.040000000000000036,-0.0017433459677926866
2018-10-12,1218.0999755859375,-0.004413587588118,71.33999633789062,0.0052134015897349,2.18,0.0249203247021805,9.768285625955107e-05,-0.0045112704443775,1.03,114.3691,0.010000000000000009,-0.00033476855518077553
2018-10-15,1226.4000244140625,0.0068139307072332,71.77999877929688,0.006167682422105,2.18,0.0249203247021805,9.768285625955107e-05,0.0067162478509736,1.03,114.045,0.0,-0.0028338073832879784
2018-10-16,1227.300048828125,0.0007338750783967,71.91999816894531,0.0019503955423416,2.18,0.0249203247021805,9.768285625955107e-05,0.0006361922221371,1.03,113.8963,0.0,-0.001303871278881208
2018-10-17,1223.699951171875,-0.0029333476028844,69.75,-0.0301723891016769,2.19,0.0249203247021805,9.768285625955107e-05,-0.0030310304591439,1.06,114.1755,0.030000000000000027,0.002451352677830698
2018-10-18,1226.5,0.0022881825119331,68.6500015258789,-0.0157705874425962,2.19,0.0249203247021805,9.768285625955107e-05,0.0021904996556735,1.07,114.8164,0.010000000000000009,0.005613288314918696
2018-10-19,1225.300048828125,-0.00097835399256,69.12000274658203,0.0068463395521696,2.19,0.0249203247021805,9.768285625955107e-05,-0.0010760368488195,1.09,114.8567,0.020000000000000018,0.000350995154002387
2018-10-22,1221.199951171875,-0.0033461988842417,69.16999816894531,0.0007233133735047,2.19,0.0249203247021805,9.768285625955107e-05,-0.0034438817405012,1.09,115.1782,0.0,0.0027991401459384058
2018-10-23,1233.4000244140625,0.0099902339747721,66.43000030517578,-0.0396125189576727,2.2,0.0249203247021805,9.768285625955107e-05,0.0098925511185125,1.08,115.1651,-0.010000000000000009,-0.00011373680088777594
2018-10-24,1227.800048828125,-0.0045402752351961,66.81999969482422,0.005870832272419,2.2,0.0249203247021805,9.768285625955107e-05,-0.0046379580914556,1.03,115.3755,-0.050000000000000044,0.0018269423636154691
2018-10-25,1229.0999755859375,0.0010587446702361,67.33000183105469,0.0076324773804208,2.2,0.0249203247021805,9.768285625955107e-05,0.0009610618139765,1.09,115.4831,0.06000000000000005,0.0009326070092869898
2018-10-26,1232.5,0.0027662716472203,67.58999633789062,0.0038614956151095,2.2,0.0249203247021805,9.768285625955107e-05,0.0026685887909607,1.02,115.473,-0.07000000000000006,-8.745868443083005e-05
2018-10-29,1224.5,-0.0064908722109533,67.04000091552734,-0.0081372311312725,2.2,0.0249203247021805,9.768285625955107e-05,-0.0065885550672128,1.02,115.8936,0.0,0.003642409914005995
2018-10-30,1222.5999755859375,-0.0015516736742037,66.18000030517578,-0.0128281712202718,2.2,0.0249203247021805,9.768285625955107e-05,-0.0016493565304632,1.07,116.2357,0.050000000000000044,0.0029518454858592502
2018-10-31,1212.300048828125,-0.0084246090000748,65.30999755859375,-0.0131460069895766,2.2,0.0249203247021805,9.768285625955107e-05,-0.0085222918563343,1.1,116.5281,0.030000000000000027,0.002515578260379625
2018-11-01,1236.0,0.0195495753669108,63.68999862670898,-0.0248047617890563,2.2,0.0214732857766777,8.431301040134898e-05,0.0194652623565094,1.12,115.8657,0.020000000000000018,-0.005684465806959804
2018-11-02,1230.9000244140625,-0.0041261938397552,63.13999938964844,-0.0086355667910141,2.19,0.0214732857766777,8.431301040134898e-05,-0.0042105068501565,1.16,115.643,0.039999999999999813,-0.0019220528594744435
2018-11-05,1229.800048828125,-0.0008936351971079,63.09999847412109,-0.0006335273347167,2.2,0.0214732857766777,8.431301040134898e-05,-0.0009779482075092,1.14,115.703,-0.020000000000000018,0.0005188381484395599
2018-11-06,1223.800048828125,-0.0048788418944343,62.209999084472656,-0.0141045865478657,2.2,0.0214732857766777,8.431301040134898e-05,-0.0049631549048356,1.15,115.5622,0.010000000000000009,-0.0012169088096246616
2018-11-07,1226.199951171875,0.0019610248798798,61.66999816894531,-0.0086802913273491,2.2,0.0214732857766777,8.431301040134898e-05,0.0018767118694784,1.15,115.2519,0.0,-0.002685134066329642
2018-11-08,1222.9000244140625,-0.0026911816092136,60.66999816894531,-0.0162153401928194,2.2,0.0214732857766777,8.431301040134898e-05,-0.0027754946196149,1.17,115.6478,0.020000000000000018,0.0034350843673727205
2018-11-09,1206.4000244140625,-0.013492517516226,60.18999862670898,-0.0079116458995052,2.19,0.0214732857766777,8.431301040134898e-05,-0.0135768305266273,1.15,116.4778,-0.020000000000000018,0.007176963158832317
2018-11-12,1201.300048828125,-0.00422743325823,59.93000030517578,-0.0043196266400615,2.19,0.0214732857766777,8.431301040134898e-05,-0.0043117462686313,1.15,116.4778,0.0,0.0
2018-11-13,1199.199951171875,-0.0017481874393484,55.68999862670898,-0.0707492350554954,2.2,0.0214732857766777,8.431301040134898e-05,-0.0018325004497497,1.12,116.6694,-0.029999999999999805,0.0016449486511591616
2018-11-14,1207.9000244140625,0.0072548979289781,56.25,0.0100556901975292,2.2,0.0214732857766777,8.431301040134898e-05,0.0071705849185767,1.12,116.498,0.0,-0.0014691084380308306
2018-11-15,1212.800048828125,0.0040566473342356,56.459999084472656,0.0037333170572917,2.2,0.0214732857766777,8.431301040134898e-05,0.0039723343238342,1.11,116.3861,-0.010000000000000009,-0.0009605315112706236
2018-11-16,1220.800048828125,0.00659630580303,56.459999084472656,0.0,2.2,0.0214732857766777,8.431301040134898e-05,0.0065119927926286,1.06,115.9258,-0.050000000000000044,-0.003954939636262478
2018-11-19,1223.0999755859375,0.001883950414337,56.7599983215332,0.0053134828537935,2.2,0.0214732857766777,8.431301040134898e-05,0.0017996374039356,1.07,115.9859,0.010000000000000009,0.000518435067948575
2018-11-20,1219.0,-0.003352118116079,53.43000030517578,-0.0586680428969306,2.2,0.0214732857766777,8.431301040134898e-05,-0.0034364311264803,1.09,116.2367,0.020000000000000018,0.0021623318006758208
2018-11-21,1225.800048828125,0.0055783829599056,54.630001068115234,0.0224593066832381,2.2,0.0214732857766777,8.431301040134898e-05,0.0054940699495042,1.09,116.092,0.0,-0.0012448736070449495
2018-11-23,1221.0,-0.0039158497609083,50.41999816894531,-0.0770639358751008,2.2,0.0214732857766777,8.431301040134898e-05,-0.0040001627713096,1.09,116.4713,0.0,0.0032672363298074103
2018-11-26,1220.199951171875,-0.000655240645475,51.630001068115234,0.023998471699969,2.2,0.0214732857766777,8.431301040134898e-05,-0.0007395536558763,1.11,116.6208,0.020000000000000018,0.0012835780144979658
2018-11-27,1211.199951171875,-0.0073758403213805,51.560001373291016,-0.0013557949520836,2.2,0.0214732857766777,8.431301040134898e-05,-0.0074601533317818,1.15,116.9001,0.039999999999999813,0.0023949415541653085
2018-11-28,1221.4000244140625,0.0084214610744646,50.290000915527344,-0.0246315055069326,2.2,0.0214732857766777,8.431301040134898e-05,0.0083371480640632,1.12,116.8343,-0.029999999999999805,-0.0005628737699967523
2018-11-29,1224.0999755859375,0.0022105380038535,51.45000076293945,0.0230662124934253,2.2,0.0214732857766777,8.431301040134898e-05,0.0021262249934521,1.05,116.1961,-0.07000000000000006,-0.005462436972704099
2018-11-30,1220.199951171875,-0.0031860342225689,50.93000030517578,-0.0101069086501984,2.2,0.0214732857766777,8.431301040134898e-05,-0.0032703472329702,1.04,116.413,-0.010000000000000009,0.0018666719450997071
2018-12-03,1233.9000244140625,0.0112277280695103,52.95000076293945,0.0396622903133654,2.19,0.020023809043401,7.867757596247138e-05,0.0111490504935478,1.02,115.9057,-0.020000000000000018,-0.004357760731189875
2018-12-04,1241.0999755859375,0.0058351171321955,53.25,0.0056657078892909,2.2,0.020023809043401,7.867757596247138e-05,0.005756439556233,0.97,116.0028,-0.050000000000000044,0.0008377499984901782
2018-12-06,1238.0999755859375,-0.0024172105865876,51.4900016784668,-0.033051611671985,2.2,0.020023809043401,7.867757596247138e-05,-0.00249588816255,0.97,116.3991,0.0,0.00341629684800715
2018-12-07,1246.800048828125,0.0070269553458881,52.61000061035156,0.0217517750121407,2.19,0.020023809043401,7.867757596247138e-05,0.0069482777699256,0.96,116.0847,-0.010000000000000009,-0.0027010518122563276
2018-12-10,1243.699951171875,-0.0024864433227795,51.0,-0.0306025582906908,2.2,0.020023809043401,7.867757596247138e-05,-0.0025651208987419,0.99,116.6746,0.030000000000000027,0.0050816343583608425
2018-12-11,1241.9000244140625,-0.0014472355298531,51.650001525878906,0.0127451279584098,2.19,0.020023809043401,7.867757596247138e-05,-0.0015259131058155,1.06,116.7564,0.07000000000000006,0.0007010951826704748
2018-12-12,1244.4000244140625,0.0020130444889712,51.150001525878906,-0.0096805418243691,2.19,0.020023809043401,7.867757596247138e-05,0.0019343669130087,1.08,116.2214,0.020000000000000018,-0.0045821899270618305
2018-12-13,1242.699951171875,-0.0013661790492072,52.58000183105469,0.0279569943796049,2.19,0.020023809043401,7.867757596247138e-05,-0.0014448566251696,1.08,116.3974,0.0,0.0015143510575506003
2018-12-14,1237.0,-0.0045867477233743,51.20000076293945,-0.0262457402065015,2.19,0.020023809043401,7.867757596247138e-05,-0.0046654252993367,1.07,116.79,-0.010000000000000009,0.003372927573983553
2018-12-17,1247.4000244140625,0.0084074570849332,49.880001068115234,-0.025781243655365,2.2,0.020023809043401,7.867757596247138e-05,0.0083287795089707,1.05,116.4532,-0.020000000000000018,-0.0028838085452522755
2018-12-18,1249.199951171875,0.0014429426988811,46.2400016784668,-0.0729751265377424,2.2,0.020023809043401,7.867757596247138e-05,0.0013642651229186,1.01,116.4127,-0.040000000000000036,-0.00034777919370176935
2018-12-19,1252.0999755859375,0.0023215053853804,47.20000076293945,0.0207612251216615,2.2,0.020023809043401,7.867757596247138e-05,0.0022428278094179,0.97,116.0676,-0.040000000000000036,-0.002964453191103722
2018-12-20,1263.5999755859375,0.0091845701016153,45.880001068115234,-0.0279660947772835,2.4,0.020023809043401,7.867757596247138e-05,0.0091058925256528,1.03,116.0183,0.06000000000000005,-0.0004247524718353768
2018-12-21,1253.800048828125,-0.007755561053464,45.59000015258789,-0.0063208567736691,2.4,0.020023809043401,7.867757596247138e-05,-0.0078342386294264,1.02,116.2227,-0.010000000000000009,0.0017617910277947235
2018-12-24,1267.5,0.0109267432113115,42.52999877929688,-0.067120012350281,2.4,0.020023809043401,7.867757596247138e-05,0.010848065635349,0.99,116.2182,-0.030000000000000027,-3.871877008543301e-05
2018-12-26,1269.199951171875,0.0013411843565089,46.220001220703125,0.0867623453401673,2.4,0.020023809043401,7.867757596247138e-05,0.0012625067805464,1.04,116.1162,0.050000000000000044,-0.0008776594371621149
2018-12-27,1277.300048828125,0.0063820500849933,44.61000061035156,-0.0348334177375659,2.4,0.020023809043401,7.867757596247138e-05,0.0063033725090308,1.03,115.9927,-0.010000000000000009,-0.0010635897488895374
2018-12-28,1279.9000244140625,0.0020355245334273,45.33000183105469,0.0161399060939724,2.4,0.020023809043401,7.867757596247138e-05,0.0019568469574648,0.99,115.7232,-0.040000000000000036,-0.0023234220774237535
2018-12-31,1278.300048828125,-0.0012500785650582,45.40999984741211,0.001764791818354,2.4,0.020023809043401,7.867757596247138e-05,-0.0013287561410206,0.98,115.5674,-0.010000000000000009,-0.0013463160368880622
2019-01-02,1281.0,0.0021121419609975,46.540000915527344,0.0248844103041685,2.4,0.0148758935782913,5.859827507070925e-05,0.0020535436859267,0.96,115.7689,-0.020000000000000018,0.0017435712839433126
2019-01-03,1291.800048828125,0.0084309514661398,47.09000015258789,0.0118177745217242,2.4,0.0148758935782913,5.859827507070925e-05,0.008372353191069,0.88,115.4622,-0.07999999999999996,-0.0026492434496657724
2019-01-04,1282.699951171875,-0.0070445094536923,47.959999084472656,0.0184752373978693,2.4,0.0148758935782913,5.859827507070925e-05,-0.007103107728763,0.91,114.9821,0.030000000000000027,-0.004158070779874179
2019-01-07,1286.800048828125,0.0031964588854191,48.52000045776367,0.011676425854485,2.4,0.0148758935782913,5.859827507070925e-05,0.0031378606103483,0.92,114.5628,0.010000000000000009,-0.0036466545662325878
2019-01-08,1283.199951171875,-0.0027977133351281,49.77999877929688,0.025968637873984,2.4,0.0148758935782913,5.859827507070925e-05,-0.0028563116101988,0.91,114.7281,-0.010000000000000009,0.0014428767453309455
2019-01-09,1289.300048828125,0.0047538169329566,52.36000061035156,0.0518280814447849,2.4,0.0148758935782913,5.859827507070925e-05,0.0046952186578858,0.91,114.1406,0.0,-0.005120803011642194
2019-01-10,1284.699951171875,-0.003567903111794,52.59000015258789,0.0043926573635459,2.4,0.0148758935782913,5.859827507070925e-05,-0.0036265013868647,0.93,114.0496,0.020000000000000018,-0.0007972623238358123
2019-01-11,1287.0999755859375,0.0018681594965994,51.59000015258789,-0.0190150218121037,2.4,0.0148758935782913,5.859827507070925e-05,0.0018095612215286,0.88,114.0404,-0.050000000000000044,-8.066665731398803e-05
2019-01-14,1289.0999755859375,0.0015538808468158,50.5099983215332,-0.0209343250215228,2.4,0.0148758935782913,5.859827507070925e-05,0.001495282571745,0.9,114.0404,0.020000000000000018,0.0
2019-01-15,1286.199951171875,-0.0022496505073195,52.11000061035156,0.0316769420310245,2.4,0.0148758935782913,5.859827507070925e-05,-0.0023082487823902,0.91,114.3402,0.010000000000000009,0.002628892918649761
2019-01-16,1291.5999755859375,0.0041984330734443,52.310001373291016,0.003838049522105,2.4,0.0148758935782913,5.859827507070925e-05,0.0041398347983735,0.91,114.137,0.0,-0.001777152742429955
2019-01-17,1291.0,-0.000464521211891,52.06999969482422,-0.0045880648473723,2.4,0.0148758935782913,5.859827507070925e-05,-0.0005231194869617,0.96,114.4115,0.04999999999999993,0.0024050045121213337
2019-01-18,1281.300048828125,-0.0075135175614833,53.79999923706055,0.0332244968768127,2.4,0.0148758935782913,5.859827507070925e-05,-0.007572115836554,0.96,114.558,0.0,0.0012804656874527698
2019-01-22,1282.5,0.0009365106736494,52.56999969482422,-0.0228624453471931,2.4,0.0148758935782913,5.859827507070925e-05,0.0008779123985786,0.95,114.7541,-0.010000000000000009,0.00171179664449439
2019-01-23,1283.0999755859375,0.0004678172210039,52.619998931884766,0.0009510982946698,2.4,0.0148758935782913,5.859827507070925e-05,0.0004092189459331,0.96,114.5759,0.010000000000000009,-0.0015528856921015466
2019-01-24,1279.0999755859375,-0.0031174499852775,53.130001068115234,0.0096921730631476,2.4,0.0148758935782913,5.859827507070925e-05,-0.0031760482603482,0.95,114.617,-0.010000000000000009,0.0003587141798579996
2019-01-25,1297.4000244140625,0.0143069730102542,53.68999862670898,0.0105401382897736,2.4,0.0148758935782913,5.859827507070925e-05,0.0142483747351834,0.97,114.0197,0.020000000000000018,-0.0052112688344660985
2019-01-28,1302.4000244140625,0.0038538614967715,51.9900016784668,-0.0316631959717819,2.4,0.0148758935782913,5.859827507070925e-05,0.0037952632217007,0.97,114.0522,0.0,0.00028503846265159893
2019-01-29,1308.199951171875,0.0044532606335152,53.310001373291016,0.0253894912908021,2.4,0.0148758935782913,5.859827507070925e-05,0.0043946623584444,0.94,114.026,-0.030000000000000027,-0.00022971937411120358
2019-01-30,1309.9000244140625,0.0012995515254869,54.22999954223633,0.0172575153863387,2.4,0.0148758935782913,5.859827507070925e-05,0.0012409532504161,0.86,114.0731,-0.07999999999999996,0.0004130636872292648
2019-01-31,1319.699951171875,0.0074814310826478,53.790000915527344,-0.0081135650087236,2.4,0.0148758935782913,5.859827507070925e-05,0.007422832807577,0.78,113.5504,-0.07999999999999996,-0.004582149516406564
2019-02-01,1316.9000244140625,-0.0021216389038479,55.2599983215332,0.0273284510315283,2.4,0.0151886153513218,5.982092873302314e-05,-0.0021814598325809,0.82,113.7548,0.039999999999999925,0.00180008172582391
2019-02-04,1314.300048828125,-0.0019743150867465,54.560001373291016,-0.0126673356768709,2.4,0.0151886153513218,5.982092873302314e-05,-0.0020341360154795,0.86,113.8766,0.040000000000000036,0.0010707240485674507
2019-02-05,1314.199951171875,-7.616042952995894e-05,53.65999984741211,-0.0164956287248094,2.4,0.0151886153513218,5.982092873302314e-05,-0.0001359813582629,0.84,114.0431,-0.020000000000000018,0.0014621089846378332
2019-02-06,1309.5,-0.003576283173412,54.0099983215332,0.0065225209675057,2.4,0.0151886153513218,5.982092873302314e-05,-0.003636104102145,0.84,114.2305,0.0,0.0016432383896967107
2019-02-07,1309.4000244140625,-7.634638101372548e-05,52.63999938964844,-0.0253656540355522,2.4,0.0151886153513218,5.982092873302314e-05,-0.0001361673097467,0.81,114.4339,-0.029999999999999916,0.0017806102573305616
2019-02-08,1313.699951171875,0.0032838908489685,52.720001220703125,0.001519791641001,2.4,0.0151886153513218,5.982092873302314e-05,0.0032240699202354,0.81,114.5003,0.0,0.0005802476364085152
2019-02-11,1307.0,-0.0051000619783067,52.40999984741211,-0.0058801473086703,2.4,0.0151886153513218,5.982092873302314e-05,-0.0051598829070397,0.83,115.031,0.019999999999999907,0.004634922353915272
2019-02-12,1309.199951171875,0.0016832067114576,53.09999847412109,0.0131654002808216,2.4,0.0151886153513218,5.982092873302314e-05,0.0016233857827245,0.85,114.7297,0.020000000000000018,-0.002619293929462585
2019-02-13,1310.800048828125,0.0012221950167488,53.900001525878906,0.0150659712758316,2.4,0.0151886153513218,5.982092873302314e-05,0.0011623740880157,0.85,114.9407,0.0,0.001839105305775357
2019-02-14,1309.800048828125,-0.00076289286142,54.40999984741211,0.0094619351965758,2.4,0.0151886153513218,5.982092873302314e-05,-0.000822713790153,0.81,115.1007,-0.039999999999999925,0.001392022147072236
2019-02-15,1318.0999755859375,0.0063367891650625,55.59000015258789,0.0216871955244437,2.4,0.0151886153513218,5.982092873302314e-05,0.0062769682363294,0.8,114.9923,-0.010000000000000009,-0.0009417840204273276
2019-02-19,1340.0999755859375,0.0166906914554947,56.09000015258789,0.0089944234327676,2.4,0.0151886153513218,5.982092873302314e-05,0.0166308705267616,0.78,114.57,-0.020000000000000018,-0.003672419805500038
2019-02-20,1343.300048828125,0.0023879361991543,56.91999816894531,0.0147976112337222,2.4,0.0151886153513218,5.982092873302314e-05,0.0023281152704212,0.76,114.57,-0.020000000000000018,0.0
2019-02-21,1323.5,-0.0147398556602438,56.959999084472656,0.0007027567957507,2.4,0.0151886153513218,5.982092873302314e-05,-0.0147996765889768,0.78,114.5091,0.020000000000000018,-0.0005315527625031624
2019-02-22,1329.199951171875,0.004306725479316,57.2599983215332,0.0052668406229368,2.4,0.0151886153513218,5.982092873302314e-05,0.0042469045505829,0.74,114.2716,-0.040000000000000036,-0.0020740709690321157
2019-02-25,1325.9000244140625,-0.0024826413474535,55.47999954223633,-0.031086252732695,2.4,0.0151886153513218,5.982092873302314e-05,-0.0025424622761865,0.75,114.1457,0.010000000000000009,-0.0011017610674918243
2019-02-26,1325.0999755859375,-0.0006034005682129,55.5,0.0003604985207046,2.4,0.0151886153513218,5.982092873302314e-05,-0.0006632214969459,0.72,114.0687,-0.030000000000000027,-0.0006745764404616494
2019-02-27,1317.699951171875,-0.0055845027170801,56.93999862670898,0.0259459212019637,2.4,0.0151886153513218,5.982092873302314e-05,-0.0056443236458131,0.76,114.0363,0.040000000000000036,-0.0002840393552308029
2019-02-28,1312.800048828125,-0.0037185266185919,57.220001220703125,0.0049175026474763,2.4,0.0151886153513218,5.982092873302314e-05,-0.0037783475473249,0.78,114.1991,0.020000000000000018,0.001427615592578979
2019-03-01,1296.4000244140625,-0.0124924008257785,55.79999923706055,-0.0248165318655883,2.4,0.0188318635130639,7.403741986911072e-05,-0.0125664382456476,0.8,114.537,0.020000000000000018,0.0029588674516700664
2019-03-04,1284.800048828125,-0.0089478365994172,56.59000015258789,0.014157722694065,2.4,0.0188318635130639,7.403741986911072e-05,-0.0090218740192863,0.78,114.6925,-0.020000000000000018,0.0013576398892933828
2019-03-05,1282.0,-0.0021793654434236,56.560001373291016,-0.0005301074256226,2.4,0.0188318635130639,7.403741986911072e-05,-0.0022534028632927,0.79,114.804,0.010000000000000009,0.0009721647012665979
2019-03-06,1284.9000244140625,0.0022621095273498,56.220001220703125,-0.0060113179691053,2.4,0.0188318635130639,7.403741986911072e-05,0.0021880721074806,0.78,114.9714,-0.010000000000000009,0.001458137347130739
2019-03-07,1283.800048828125,-0.0008560787337824,56.65999984741211,0.0078263717032249,2.4,0.0188318635130639,7.403741986911072e-05,-0.0009301161536515,0.74,115.4919,-0.040000000000000036,0.004527212854675167
2019-03-08,1297.0,0.0102819369604512,56.06999969482422,-0.0104129924845886,2.4,0.0188318635130639,7.403741986911072e-05,0.010207899540582,0.72,115.3599,-0.020000000000000018,-0.0011429372969014029
2019-03-11,1288.800048828125,-0.0063222445426946,56.790000915527344,0.0128411133337242,2.4,0.0188318635130639,7.403741986911072e-05,-0.0063962819625637,0.73,115.2967,0.010000000000000009,-0.0005478506829496022
2019-03-12,1296.300048828125,0.0058193666324108,56.869998931884766,0.0014086637624186,2.4,0.0188318635130639,7.403741986911072e-05,0.0057453292125416,0.71,114.939,-0.020000000000000018,-0.003102430511888077
2019-03-13,1307.5,0.0086399373216099,58.2599983215332,0.0244416988879019,2.4,0.0188318635130639,7.403741986911072e-05,0.0085658999017407,0.69,114.7372,-0.020000000000000018,-0.0017557139004166222
2019-03-14,1293.4000244140625,-0.0107839201422084,58.61000061035156,0.0060075918108806,2.4,0.0188318635130639,7.403741986911072e-05,-0.0108579575620775,0.69,114.79,0.0,0.0004601820508083332
2019-03-15,1301.800048828125,0.0064945293455269,58.52000045776367,-0.0015355767215603,2.4,0.0188318635130639,7.403741986911072e-05,0.0064204919256577,0.65,114.5815,-0.039999999999999925,-0.0018163603101315484
2019-03-18,1300.300048828125,-0.00115225068654,59.09000015258789,0.0097402544491709,2.4,0.0188318635130639,7.403741986911072e-05,-0.0012262881064091,0.64,114.4375,-0.010000000000000009,-0.0012567473806853746
2019-03-19,1305.0,0.0036145128011881,59.02999877929688,-0.0010154234749716,2.4,0.0188318635130639,7.403741986911072e-05,0.0035404753813189,0.66,114.2324,0.020000000000000018,-0.0017922446750410215
2019-03-20,1300.5,-0.0034482758620689,59.83000183105469,0.0135524829459829,2.41,0.0188318635130639,7.403741986911072e-05,-0.003522313281938,0.58,114.1509,-0.08000000000000007,-0.0007134578280768578
2019-03-21,1306.0999755859375,0.0043060173671183,59.97999954223633,0.002507065127713,2.41,0.0188318635130639,7.403741986911072e-05,0.0042319799472491,0.58,114.1684,0.0,0.00015330584340556008
2019-03-22,1311.5999755859375,0.0042110099554459,59.040000915527344,-0.0156718678540013,2.41,0.0188318635130639,7.403741986911072e-05,0.0041369725355767,0.54,114.6856,-0.039999999999999925,0.004530150199179461
2019-03-25,1321.9000244140625,0.0078530413387081,58.81999969482422,-0.003726307880955,2.4,0.0188318635130639,7.403741986911072e-05,0.0077790039188389,0.55,114.4171,0.010000000000000009,-0.00234118319998311
2019-03-26,1314.300048828125,-0.0057492816745398,59.93999862670898,0.0190411244082906,2.4,0.0188318635130639,7.403741986911072e-05,-0.0058233190944089,0.55,114.6414,0.0,0.0019603713081348673
2019-03-27,1309.9000244140625,-0.0033478081492773,59.40999984741211,-0.0088421553460081,2.41,0.0188318635130639,7.403741986911072e-05,-0.0034218455691464,0.55,115.1243,0.0,0.004212265377080193
2019-03-28,1289.800048828125,-0.0153446638761065,59.29999923706055,-0.0018515504230615,2.41,0.0188318635130639,7.403741986911072e-05,-0.0154187012959756,0.56,115.2581,0.010000000000000009,0.001162222050427264
2019-03-29,1293.0,0.0024809668558956,60.13999938964844,0.0141652641381977,2.43,0.0188318635130639,7.403741986911072e-05,0.0024069294360264,0.53,115.1371,-0.030000000000000027,-0.0010498177568430966
2019-04-01,1288.4000244140625,-0.0035575990610499,61.59000015258789,0.0241104219763099,2.41,0.0200058347020906,7.860764329192804e-05,-0.0036362067043418,0.59,114.9362,0.05999999999999994,-0.0017448763257021938
2019-04-02,1290.0,0.0012418313843676,62.58000183105469,0.0160740652056192,2.41,0.0200058347020906,7.860764329192804e-05,0.0011632237410756,0.58,115.1173,-0.010000000000000009,0.00157565675566107
2019-04-03,1289.9000244140625,-7.750045421506258e-05,62.459999084472656,-0.0019175893747335,2.41,0.0200058347020906,7.860764329192804e-05,-0.0001561080975069,0.61,114.7211,0.030000000000000027,-0.0034417068503169723
2019-04-04,1289.0,-0.0006977474199765,62.09999847412109,-0.0057636986171691,2.41,0.0200058347020906,7.860764329192804e-05,-0.0007763550632684,0.61,114.9697,0.0,0.0021669945633366883
2019-04-05,1290.4000244140625,0.0010861322064099,63.08000183105469,0.0157810528343569,2.41,0.0200058347020906,7.860764329192804e-05,0.0010075245631179,0.6,114.9726,-0.010000000000000009,2.5224037289772738e-05
2019-04-08,1297.0999755859375,0.0051921505309311,64.4000015258789,0.020925803051806,2.41,0.0200058347020906,7.860764329192804e-05,0.0051135428876391,0.61,114.6893,0.010000000000000009,-0.0024640653512227884
2019-04-09,1303.5,0.0049341026401388,63.97999954223633,-0.0065217697778128,2.41,0.0200058347020906,7.860764329192804e-05,0.0048554949968468,0.6,114.5321,-0.010000000000000009,-0.0013706596866490672
2019-04-10,1309.0999755859375,0.0042961070854909,64.61000061035156,0.0098468438984489,2.41,0.0200058347020906,7.860764329192804e-05,0.0042174994421989,0.54,114.4269,-0.05999999999999994,-0.0009185197861559802
2019-04-11,1288.5999755859375,-0.0156596137669504,63.58000183105469,-0.0159417856301932,2.41,0.0200058347020906,7.860764329192804e-05,-0.0157382214102423,0.57,114.6303,0.029999999999999916,0.0017775540541604684
2019-04-12,1290.5999755859375,0.0015520720455473,63.88999938964844,0.0048757085508974,2.41,0.0200058347020906,7.860764329192804e-05,0.0014734644022553,0.61,114.3531,0.040000000000000036,-0.00241820879819743
2019-04-15,1286.800048828125,-0.0029443102663064,63.400001525878906,-0.0076693984731657,2.41,0.0200058347020906,7.860764329192804e-05,-0.0030229179095983,0.61,114.495,0.0,0.0012408933382654919
2019-04-16,1272.5999755859375,-0.0110351823930371,64.05000305175781,0.0102523897513406,2.41,0.0200058347020906,7.860764329192804e-05,-0.011113790036329,0.64,114.6756,0.030000000000000027,0.0015773614568321825
2019-04-17,1272.199951171875,-0.0003143363364267,63.7599983215332,-0.0045277863607634,2.42,0.0200058347020906,7.860764329192804e-05,-0.0003929439797186,0.65,114.5141,0.010000000000000009,-0.0014083205145646316
2019-04-18,1271.9000244140625,-0.0002357544170129,64.0,0.0037641418567249,2.43,0.0200058347020906,7.860764329192804e-05,-0.0003143620603048,0.62,114.7073,-0.030000000000000027,0.0016871284846144974
2019-04-22,1273.5,0.0012579413123878,65.69999694824219,0.0265624523162841,2.44,0.0200058347020906,7.860764329192804e-05,0.0011793336690958,0.64,114.7694,0.020000000000000018,0.0005413779245087014
2019-04-23,1269.300048828125,-0.0032979593026108,66.30000305175781,0.0091325134153097,2.44,0.0200058347020906,7.860764329192804e-05,-0.0033765669459027,0.62,115.1578,-0.020000000000000018,0.0033841773155560695
2019-04-24,1275.5,0.0048845433966531,65.88999938964844,-0.0061840670171507,2.44,0.0200058347020906,7.860764329192804e-05,0.0048059357533611,0.57,115.4187,-0.050000000000000044,0.002265586872969072
2019-04-25,1275.800048828125,0.0002352401631713,65.20999908447266,-0.0103202354147026,2.44,0.0200058347020906,7.860764329192804e-05,0.0001566325198793,0.56,115.7709,-0.009999999999999898,0.0030514985873173472
2019-04-26,1284.9000244140625,0.0071327600232466,63.29999923706055,-0.0292899842697115,2.44,0.0200058347020906,7.860764329192804e-05,0.0070541523799546,0.54,115.4767,-0.020000000000000018,-0.0025412258175413482
2019-04-29,1278.5999755859375,-0.0049031432083581,63.5,0.0031595697527648,2.45,0.0200058347020906,7.860764329192804e-05,-0.00498175085165,0.58,115.5227,0.039999999999999925,0.00039834875780142553
2019-04-30,1282.800048828125,0.0032849001426444,63.90999984741211,0.0064566905104268,2.45,0.0200058347020906,7.860764329192804e-05,0.0032062924993524,0.56,115.3281,-0.019999999999999907,-0.0016845174151919329
2019-05-01,1281.4000244140625,-0.0010913816345279,63.59999847412109,-0.0048505926151017,2.45,0.0179591055536061,7.06364071714205e-05,-0.0011620180416993,0.59,115.0022,0.029999999999999916,-0.0028258507683730505
2019-05-02,1269.699951171875,-0.0091306953482676,61.810001373291016,-0.0281446091788576,2.41,0.0179591055536061,7.06364071714205e-05,-0.009201331755439,0.66,115.5617,0.07000000000000006,0.004865124319360925
2019-05-03,1279.199951171875,0.007482082669399,61.93999862670898,0.0021031750611502,2.4,0.0179591055536061,7.06364071714205e-05,0.0074114462622275,0.63,115.2646,-0.030000000000000027,-0.0025709209885281803
2019-05-06,1281.699951171875,0.0019543465411406,62.25,0.0050048656791112,2.4,0.0179591055536061,7.06364071714205e-05,0.0018837101339691,0.6,115.3811,-0.030000000000000027,0.0010107179480951523
2019-05-07,1283.5,0.0014044229513148,61.400001525878906,-0.0136545939617845,2.4,0.0179591055536061,7.06364071714205e-05,0.0013337865441433,0.58,115.6116,-0.020000000000000018,0.0019977275307654363
2019-05-08,1279.4000244140625,-0.0031943713174424,62.119998931884766,0.0117263418259427,2.39,0.0179591055536061,7.06364071714205e-05,-0.0032650077246138,0.62,115.5171,0.040000000000000036,-0.0008173920264056278
2019-05-09,1283.5,0.0032046080254024,61.70000076293945,-0.0067610781739685,2.38,0.0179591055536061,7.06364071714205e-05,0.0031339716182309,0.6,115.8421,-0.020000000000000018,0.0028134362791309986
2019-05-10,1285.699951171875,0.0017140250657381,61.65999984741211,-0.0006483130475318,2.38,0.0179591055536061,7.06364071714205e-05,0.0016433886585666,0.59,115.5334,-0.010000000000000009,-0.0026648342873618613
2019-05-13,1300.0999755859375,0.0112001438601108,61.040000915527344,-0.0100551237985575,2.38,0.0179591055536061,7.06364071714205e-05,0.0111295074529393,0.55,115.915,-0.039999999999999925,0.0033029409677201027
2019-05-14,1294.699951171875,-0.0041535455083974,61.77999877929688,0.0121231627239588,2.38,0.0179591055536061,7.06364071714205e-05,-0.0042241819155688,0.56,115.9425,0.010000000000000009,0.00023724280722925428
2019-05-15,1296.300048828125,0.0012358829972933,62.02000045776367,0.003884779592246,2.4,0.0179591055536061,7.06364071714205e-05,0.0011652465901218,0.54,115.8565,-0.020000000000000018,-0.0007417469866528581
2019-05-16,1285.0,-0.0087171552900429,62.869998931884766,0.0137052316647425,2.39,0.0179591055536061,7.06364071714205e-05,-0.0087877916972143,0.56,116.0346,0.020000000000000018,0.0015372465075329522
2019-05-17,1274.5,-0.0081712062256809,62.7599983215332,-0.0017496518565356,2.39,0.0179591055536061,7.06364071714205e-05,-0.0082418426328523,0.58,116.448,0.019999999999999907,0.00356273042695876
2019-05-20,1276.0999755859375,0.0012553751164672,63.09999847412109,0.0054174659286316,2.39,0.0179591055536061,7.06364071714205e-05,0.0011847387092957,0.6,116.3119,0.020000000000000018,-0.001168762022533687
2019-05-21,1272.0,-0.0032128952780952,62.9900016784668,-0.0017432139194014,2.39,0.0179591055536061,7.06364071714205e-05,-0.0032835316852666,0.6,116.2844,0.0,-0.0002364332454374285
2019-05-22,1273.5999755859375,0.0012578424417748,61.41999816894531,-0.024924646256331,2.38,0.0179591055536061,7.06364071714205e-05,0.0011872060346033,0.6,116.2412,0.0,-0.0003715029703038608
2019-05-23,1284.800048828125,0.0087940275258209,57.90999984741211,-0.0571474833307289,2.38,0.0179591055536061,7.06364071714205e-05,0.0087233911186494,0.58,116.2368,-0.020000000000000018,-3.785232774611291e-05
2019-05-24,1283.0,-0.0014010342152204,58.630001068115234,0.0124331069349035,2.38,0.0179591055536061,7.06364071714205e-05,-0.0014716706223918,0.56,116.0806,-0.019999999999999907,-0.0013438085012663636
2019-05-28,1276.5,-0.005066250974279,59.13999938964844,0.0086985896681239,2.39,0.0179591055536061,7.06364071714205e-05,-0.0051368873814504,0.53,116.3174,-0.030000000000000027,0.002039961888549824
2019-05-29,1280.5999755859375,0.0032118884339502,58.810001373291016,-0.0055799462252815,2.39,0.0179591055536061,7.06364071714205e-05,0.0031412520267787,0.5,116.5535,-0.030000000000000027,0.002029790899727768
2019-05-30,1287.0999755859375,0.0050757458409491,56.59000015258789,-0.0377487020721505,2.39,0.0179591055536061,7.06364071714205e-05,0.0050051094337776,0.48,116.3989,-0.020000000000000018,-0.001326429493751835
2019-05-31,1305.800048828125,0.0145288428225434,53.5,-0.0546032893489325,2.4,0.0179591055536061,7.06364071714205e-05,0.0144582064153719,0.4,116.7273,-0.07999999999999996,0.002821332504001406
2019-06-03,1322.699951171875,0.01294218234937,53.25,-0.0046728971962616,2.38,0.0167119489439004,6.577137277896661e-05,0.012876410976591,0.34,116.4764,-0.06,-0.0021494543264515276
2019-06-04,1323.4000244140625,0.0005292759265373,53.47999954223633,0.0043192402297902,2.38,0.0167119489439004,6.577137277896661e-05,0.0004635045537583,0.38,116.091,0.03999999999999998,-0.003308824791975029
2019-06-05,1328.300048828125,0.0037026026323612,51.68000030517578,-0.0336574280566135,2.38,0.0167119489439004,6.577137277896661e-05,0.0036368312595822,0.37,116.03,-0.010000000000000009,-0.0005254498626077186
2019-06-06,1337.5999755859375,0.0070013750025961,52.59000015258789,0.0176083560765956,2.37,0.0167119489439004,6.577137277896661e-05,0.0069356036298171,0.39,115.9771,0.020000000000000018,-0.00045591657330013025
2019-06-07,1341.199951171875,0.0026913693567918,53.9900016784668,0.0266210595515659,2.37,0.0167119489439004,6.577137277896661e-05,0.0026255979840128,0.35,115.7368,-0.040000000000000036,-0.0020719607577701638
2019-06-10,1324.699951171875,-0.0123024161949775,53.2599983215332,-0.013521084168159,2.37,0.0167119489439004,6.577137277896661e-05,-0.0123681875677564,0.42,115.5001,0.07,-0.002045157633527084
2019-06-11,1326.4000244140625,0.0012833647654955,53.27000045776367,0.0001877982828704,2.37,0.0167119489439004,6.577137277896661e-05,0.0012175933927165,0.43,115.3794,0.010000000000000009,-0.00104502074024182
2019-06-12,1331.9000244140625,0.0041465620467171,51.13999938964844,-0.0399850018736915,2.37,0.0167119489439004,6.577137277896661e-05,0.0040807906739381,0.42,115.438,-0.010000000000000009,0.0005078896232775243
2019-06-13,1339.199951171875,0.0054808368676348,52.27999877929688,0.0222917364734891,2.37,0.0167119489439004,6.577137277896661e-05,0.0054150654948558,0.42,115.6275,0.0,0.0016415738318404927
2019-06-14,1340.0999755859375,0.0006720612655899,52.5099983215332,0.0043993792579699,2.36,0.0167119489439004,6.577137277896661e-05,0.0006062898928109,0.46,115.9057,0.040000000000000036,0.002406002032388388
2019-06-17,1338.699951171875,-0.0010447163939767,51.93000030517578,-0.0110454777165661,2.38,0.0167119489439004,6.577137277896661e-05,-0.0011104877667556,0.48,115.9684,0.019999999999999962,0.0005409570021146504
2019-06-18,1346.5999755859375,0.0059012659312842,53.900001525878906,0.0379357059334886,2.37,0.0167119489439004,6.577137277896661e-05,0.0058354945585052,0.42,115.8797,-0.06,-0.0007648635317897279
2019-06-19,1344.5999755859375,-0.0014852220676223,53.7599983215332,-0.0025974619736973,2.37,0.0167119489439004,6.577137277896661e-05,-0.0015509934404012,0.36,115.7889,-0.06,-0.0007835712381030202
2019-06-20,1392.9000244140625,0.0359215005987763,56.650001525878906,0.053757501759224,2.37,0.0167119489439004,6.577137277896661e-05,0.0358557292259973,0.27,114.8046,-0.08999999999999997,-0.008500814844946358
2019-06-21,1396.199951171875,0.0023691052480243,57.43000030517578,0.0137687335973071,2.38,0.0167119489439004,6.577137277896661e-05,0.0023033338752453,0.34,114.8377,0.07,0.00028831597340173154
2019-06-24,1414.300048828125,0.0129638291715008,57.900001525878906,0.0081838972349921,2.38,0.0167119489439004,6.577137277896661e-05,0.0128980577987218,0.31,114.6559,-0.030000000000000027,-0.001583103806502506
2019-06-25,1414.9000244140625,0.0004242208620686,57.83000183105469,-0.0012089756991272,2.38,0.0167119489439004,6.577137277896661e-05,0.0003584494892896,0.33,114.6363,0.020000000000000018,-0.0001709462836190223
2019-06-26,1411.5999755859375,-0.0023323547750249,59.380001068115234,0.0268026835203765,2.38,0.0167119489439004,6.577137277896661e-05,-0.0023981261478038,0.35,114.5608,0.019999999999999962,-0.0006586046479170049
2019-06-27,1408.4000244140625,-0.0022668965905491,59.43000030517578,0.0008420214914308,2.38,0.0167119489439004,6.577137277896661e-05,-0.002332667963328,0.33,114.665,-0.019999999999999962,0.0009095606874254258
2019-06-28,1409.699951171875,0.0009229812093713,58.470001220703125,-0.0161534423614844,2.4,0.0167119489439004,6.577137277896661e-05,0.0008572098365923,0.31,114.5821,-0.020000000000000018,-0.0007229756246457386
2019-07-01,1385.5999755859375,-0.0170958192670031,59.09000015258789,0.010603709918604,2.39,0.0182633133503706,7.182219098433862e-05,-0.0171676414579874,0.34,114.7239,0.030000000000000027,0.0012375405931641659
2019-07-02,1404.5999755859375,0.0137124713732514,56.25,-0.0480622803393834,2.4,0.0182633133503706,7.182219098433862e-05,0.013640649182267,0.33,114.8258,-0.010000000000000009,0.0008882194555799305
2019-07-03,1417.699951171875,0.0093264814279045,57.34000015258789,0.0193777804904513,2.41,0.0182633133503706,7.182219098433862e-05,0.0092546592369201,0.31,114.8135,-0.020000000000000018,-0.00010711878340929903
2019-07-05,1396.699951171875,-0.0148127253461787,57.5099983215332,0.0029647395970164,2.42,0.0182633133503706,7.182219098433862e-05,-0.014884547537163,0.35,115.1132,0.03999999999999998,0.002610320214957218
2019-07-08,1397.0,0.0002148269768844,57.65999984741211,0.0026082686533959,2.41,0.0182633133503706,7.182219098433862e-05,0.0001430047859,0.35,115.0254,0.0,-0.0007627274717408872
2019-07-09,1397.5,0.0003579098067287,57.83000183105469,0.0029483521347981,2.41,0.0182633133503706,7.182219098433862e-05,0.0002860876157443,0.36,115.1017,0.010000000000000009,0.0006633317510740255
2019-07-10,1410.0999755859375,0.0090160827090786,60.43000030517578,0.0449593358429549,2.41,0.0182633133503706,7.182219098433862e-05,0.0089442605180942,0.33,115.0879,-0.02999999999999997,-0.00011989397202638585
2019-07-11,1404.300048828125,-0.0041131315922493,60.20000076293945,-0.0038060490000796,2.4,0.0182633133503706,7.182219098433862e-05,-0.0041849537832336,0.36,114.8361,0.02999999999999997,-0.0021878929062048025
2019-07-12,1409.9000244140625,0.0039877343809897,60.209999084472656,0.0001660850731974,2.38,0.0182633133503706,7.182219098433862e-05,0.0039159121900053,0.35,114.7685,-0.010000000000000009,-0.0005886650626414358
2019-07-15,1411.4000244140625,0.0010639052230836,59.58000183105469,-0.0104633327187748,2.4,0.0182633133503706,7.182219098433862e-05,0.0009920830320992,0.32,114.6819,-0.02999999999999997,-0.0007545624452702793
2019-07-16,1409.199951171875,-0.0015587878731267,57.619998931884766,-0.0328969929327581,2.41,0.0182633133503706,7.182219098433862e-05,-0.001630610064111,0.33,115.0111,0.010000000000000009,0.00287054888347682
2019-07-17,1421.300048828125,0.008586501614755,56.77999877929688,-0.0145782743519466,2.41,0.0182633133503706,7.182219098433862e-05,0.0085146794237706,0.31,114.8819,-0.020000000000000018,-0.001123369831259713
2019-07-18,1426.0999755859375,0.0033771382487253,55.29999923706055,-0.0260655085250893,2.41,0.0182633133503706,7.182219098433862e-05,0.0033053160577409,0.25,114.8744,-0.06,-6.528443558129204e-05
2019-07-19,1425.0999755859375,-0.000701213110665,55.630001068115234,0.0059674834648737,2.41,0.0182633133503706,7.182219098433862e-05,-0.0007730353016493,0.25,114.8695,0.0,-4.265528263902585e-05
2019-07-22,1425.300048828125,0.0001403924255245,56.220001220703125,0.010605790783025,2.4,0.0182633133503706,7.182219098433862e-05,6.857023454016138e-05,0.26,115.0018,0.010000000000000009,0.0011517417591266899
2019-07-23,1420.0999755859375,-0.0036484059945574,56.77000045776367,0.009782981592288,2.4,0.0182633133503706,7.182219098433862e-05,-0.0037202281855417,0.27,115.2995,0.010000000000000009,0.002588655134093454
2019-07-24,1422.800048828125,0.0019013261661902,55.880001068115234,-0.0156772834678869,2.4,0.0182633133503706,7.182219098433862e-05,0.0018295039752058,0.26,115.2436,-0.010000000000000009,-0.00048482430539587007
2019-07-25,1413.9000244140625,-0.0062552882405316,56.02000045776367,0.0025053576766718,2.4,0.0182633133503706,7.182219098433862e-05,-0.0063271104315159,0.28,115.2982,0.020000000000000018,0.000473779021134213
2019-07-26,1418.5,0.0032533952235016,56.20000076293945,0.0032131435863069,2.4,0.0182633133503706,7.182219098433862e-05,0.0031815730325172,0.3,115.5449,0.019999999999999962,0.0021396691362050024
2019-07-29,1419.5999755859375,0.000775449831468,56.869998931884766,0.0119216754421671,2.4,0.0182633133503706,7.182219098433862e-05,0.0007036276404836,0.29,115.5885,-0.010000000000000009,0.0003773424876389875
2019-07-30,1429.699951171875,0.0071146631161138,58.04999923706055,0.0207490825978229,2.39,0.0182633133503706,7.182219098433862e-05,0.0070428409251294,0.28,115.6211,-0.009999999999999953,0.0002820349775281006
2019-07-31,1426.0999755859375,-0.0025179937811333,58.58000183105469,0.0091301050983609,2.4,0.0182633133503706,7.182219098433862e-05,-0.0025898159721176,0.26,115.4946,-0.020000000000000018,-0.001094090957446281
2019-08-01,1420.9000244140625,-0.0036462739365369,53.95000076293945,-0.0790372298291864,2.14,0.0173764121066664,6.836411709443269e-05,-0.0037146380536313,0.2,116.0499,-0.06,0.004808016998197218
2019-08-02,1445.5999755859375,0.0173833139189794,55.65999984741211,0.0316959974103898,2.14,0.0173764121066664,6.836411709443269e-05,0.0173149498018849,0.2,116.1864,0.0,0.0011762181613255152
2019-08-05,1464.5999755859375,0.0131433317106268,54.68999862670898,-0.0174272587740265,2.13,0.0173764121066664,6.836411709443269e-05,0.0130749675935323,0.15,116.5851,-0.05000000000000002,0.00343155481192281
2019-08-06,1472.4000244140625,0.0053257196218403,53.630001068115234,-0.0193819269557647,2.13,0.0173764121066664,6.836411709443269e-05,0.0052573555047458,0.11,116.6904,-0.039999999999999994,0.0009032028964250927
2019-08-07,1507.300048828125,0.0237028143407909,51.09000015258789,-0.04736156749841,2.12,0.0173764121066664,6.836411709443269e-05,0.0236344502236964,0.09,116.7987,-0.020000000000000004,0.0009280969128566685
2019-08-08,1497.699951171875,-0.0063690687621975,52.540000915527344,0.0283813027717521,2.12,0.0173764121066664,6.836411709443269e-05,-0.0064374328792919,0.07,116.474,-0.01999999999999999,-0.002779996695168596
2019-08-09,1496.5999755859375,-0.0007344432274815,54.5,0.0373048924689571,2.12,0.0173764121066664,6.836411709443269e-05,-0.0008028073445759,0.08,116.4419,0.009999999999999995,-0.00027559798753373776
2019-08-12,1505.300048828125,0.0058132255673606,54.93000030517578,0.0078899138564363,2.12,0.0173764121066664,6.836411709443269e-05,0.0057448614502661,0.04,116.7548,-0.04,0.0026871770385059612
2019-08-13,1502.199951171875,-0.0020594549629248,57.09999847412109,0.0395047907680576,2.12,0.0173764121066664,6.836411709443269e-05,-0.0021278190800192,0.05,116.7267,0.010000000000000002,-0.00024067532983662598
2019-08-14,1515.9000244140625,0.0091200064488752,55.22999954223633,-0.0327495443407461,2.12,0.0173764121066664,6.836411709443269e-05,0.0090516423317807,0.02,117.0913,-0.030000000000000002,0.0031235355749799076
2019-08-15,1519.5999755859375,0.002440761997682,54.470001220703125,-0.0137606070583434,2.13,0.0173764121066664,6.836411709443269e-05,0.0023723978805875,-0.02,117.2239,-0.04,0.0011324496354554459
2019-08-16,1512.5,-0.0046722661884749,54.869998931884766,0.0073434496459972,2.13,0.0173764121066664,6.836411709443269e-05,-0.0047406303055693,0.01,117.0786,0.03,-0.0012395083255206663
2019-08-19,1500.4000244140625,-0.0079999838584711,56.209999084472656,0.0244213628334739,2.13,0.0173764121066664,6.836411709443269e-05,-0.0080683479755655,0.04,117.3886,0.03,0.0026477938752256236
2019-08-20,1504.5999755859375,0.0027992209434382,56.34000015258789,0.0023127747773108,2.13,0.0173764121066664,6.836411709443269e-05,0.0027308568263437,0.02,117.3726,-0.02,-0.00013629943623139074
2019-08-21,1504.5999755859375,0.0,55.68000030517578,-0.0117145872492829,2.12,0.0173764121066664,6.836411709443269e-05,-6.836411709443269e-05,0.05,117.1764,0.030000000000000002,-0.0016715996748816186
2019-08-22,1497.300048828125,-0.0048517392504739,55.34999847412109,-0.0059267569907683,2.12,0.0173764121066664,6.836411709443269e-05,-0.0049201033675683,0.07,117.3558,0.020000000000000004,0.0015310250186897356
2019-08-23,1526.5999755859375,0.0195685071811386,54.16999816894531,-0.0213188859567446,2.12,0.0173764121066664,6.836411709443269e-05,0.0195001430640441,-0.02,117.3009,-0.09000000000000001,-0.00046780815264357845
2019-08-26,1526.300048828125,-0.00019646715748,53.63999938964844,-0.0097839910875373,2.12,0.0173764121066664,6.836411709443269e-05,-0.0002648312745744,0.0,117.6658,0.02,0.003110803071417312
2019-08-27,1541.0,0.0096311018158987,54.93000030517578,0.024049234343882,2.12,0.0173764121066664,6.836411709443269e-05,0.0095627376988042,-0.06,117.75,-0.06,0.0007155860071490494
2019-08-28,1537.800048828125,-0.0020765419674724,55.77999877929688,0.0154742120771662,2.12,0.0173764121066664,6.836411709443269e-05,-0.0021449060845668,-0.08,117.8767,-0.020000000000000004,0.0010760084925689473
2019-08-29,1526.5,-0.00734819122729,56.709999084472656,0.0166726483601316,2.12,0.0173764121066664,6.836411709443269e-05,-0.0074165553443844,-0.09,118.0625,-0.009999999999999995,0.0015762232909473095
2019-08-30,1519.0999755859375,-0.0048477067894284,55.09999847412109,-0.0283900658850898,2.13,0.0173764121066664,6.836411709443269e-05,-0.0049160709065228,-0.05,118.1575,0.039999999999999994,0.0008046585494971836
2019-09-03,1545.9000244140625,0.0176420573094853,53.93999862670898,-0.0210526293926656,2.13,0.0168449770403915,6.629058532015009e-05,0.0175757667241651,-0.03,118.3113,0.020000000000000004,0.0013016524554090303
2019-09-04,1550.300048828125,0.0028462541849885,56.2599983215332,0.0430107481255188,2.13,0.0168449770403915,6.629058532015009e-05,0.0027799635996683,-0.04,117.6729,-0.010000000000000002,-0.005395934285228887
2019-09-05,1515.4000244140625,-0.0225117869540438,56.29999923706055,0.0007110010081894,2.13,0.0168449770403915,6.629058532015009e-05,-0.0225780775393639,0.01,117.4776,0.05,-0.0016596854500908753
2019-09-06,1506.199951171875,-0.0060710525893945,56.52000045776367,0.0039076593904872,2.12,0.0168449770403915,6.629058532015009e-05,-0.0061373431747146,0.01,117.1292,0.0,-0.002965671753593857
2019-09-09,1502.199951171875,-0.0026556899015219,57.84999847412109,0.0235314579898366,2.13,0.0168449770403915,6.629058532015009e-05,-0.002721980486842,0.06,117.0601,0.049999999999999996,-0.0005899468279472186
2019-09-10,1490.300048828125,-0.0079216500669346,57.400001525878906,-0.007778685568047,2.13,0.0168449770403915,6.629058532015009e-05,-0.0079879406522547,0.12,117.0887,0.06,0.00024431894385879005
2019-09-11,1494.4000244140625,0.0027511074626627,55.75,-0.0287456704184058,2.13,0.0168449770403915,6.629058532015009e-05,0.0026848168773425,0.15,117.3125,0.03,0.0019113714645393465
2019-09-12,1498.699951171875,0.0028773599354687,55.09000015258789,-0.011838562285419,2.13,0.0168449770403915,6.629058532015009e-05,0.0028110693501485,0.16,116.8375,0.010000000000000009,-0.004049014384656324
2019-09-13,1490.9000244140625,-0.0052044618749159,54.84999847412109,-0.0043565379887827,2.14,0.0168449770403915,6.629058532015009e-05,-0.005270752460236,0.23,116.7677,0.07,-0.0005974109339895728
2019-09-16,1503.0999755859375,0.0081829438406977,62.900001525878906,0.146763961270772,2.25,0.0168449770403915,6.629058532015009e-05,0.0081166532553775,0.17,117.0251,-0.06,0.0022043767240425005
2019-09-17,1505.0999755859375,0.0013305834824595,59.34000015258789,-0.0565977947047636,2.3,0.0168449770403915,6.629058532015009e-05,0.0012642928971393,0.15,116.9826,-0.020000000000000018,-0.00036316995242891004
2019-09-18,1507.5,0.001594594680083,58.11000061035156,-0.0207280003214271,2.25,0.0168449770403915,6.629058532015009e-05,0.0015283040947628,0.21,116.9766,0.06,-5.1289678977939346e-05
2019-09-19,1498.4000244140625,-0.0060364680503731,58.130001068115234,0.000344182714741,1.9,0.0168449770403915,6.629058532015009e-05,-0.0061027586356932,0.18,117.0861,-0.03,0.0009360846528279065
2019-09-20,1507.300048828125,0.0059396851768891,58.09000015258789,-0.0006881285875166,1.9,0.0168449770403915,6.629058532015009e-05,0.0058733945915689,0.13,117.1819,-0.04999999999999999,0.0008182013065598515
2019-09-23,1523.699951171875,0.0108803169989282,58.63999938964844,0.0094680536342888,1.9,0.0168449770403915,6.629058532015009e-05,0.010814026413608,0.11,117.2986,-0.020000000000000004,0.0009958875901483477
2019-09-24,1532.0999755859375,0.0055129124389627,57.290000915527344,-0.0230218023221774,1.9,0.0168449770403915,6.629058532015009e-05,0.0054466218536425,0.06,117.2227,-0.05,-0.000647066546403674
2019-09-25,1504.5999755859375,-0.0179492203108239,56.4900016784668,-0.0139640290500279,1.9,0.0168449770403915,6.629058532015009e-05,-0.018015510896144,0.13,117.6527,0.07,0.0036682314944118666
2019-09-26,1507.5,0.0019274388283392,56.40999984741211,-0.0014162122265466,1.85,0.0168449770403915,6.629058532015009e-05,0.001861148243019,0.13,117.7267,0.0,0.0006289698408961097
2019-09-27,1499.0999755859375,-0.0055721554985489,55.90999984741211,-0.0088636766770517,1.83,0.0168449770403915,6.629058532015009e-05,-0.005638446083869,0.16,117.7218,0.03,-4.162182410605286e-05
2019-09-30,1465.699951171875,-0.022280051336141,54.06999969482422,-0.0329100368021743,1.9,0.0168449770403915,6.629058532015009e-05,-0.0223463419214611,0.15,117.9461,-0.010000000000000009,0.001905339537791706
2019-10-01,1482.0,0.0111209997756311,53.619998931884766,-0.00832255900646,1.88,0.0173397369961862,6.822105429749037e-05,0.0110527787213336,0.13,117.9595,-0.01999999999999999,0.00011361121732722523
2019-10-02,1501.0,0.0128205128205127,52.63999938964844,-0.0182767542289818,1.85,0.0173397369961862,6.822105429749037e-05,0.0127522917662152,0.1,117.9671,-0.03,6.442889296742749e-05
2019-10-03,1507.0999755859375,0.0040639410965606,52.45000076293945,-0.0036093964458964,1.83,0.0173397369961862,6.822105429749037e-05,0.0039957200422631,0.06,117.6608,-0.04000000000000001,-0.0025964866475484127
2019-10-04,1506.199951171875,-0.0005971895883765,52.810001373291016,0.0068636912319348,1.82,0.0173397369961862,6.822105429749037e-05,-0.0006654106426739,0.02,117.5288,-0.039999999999999994,-0.0011218689657047642
2019-10-07,1497.699951171875,-0.0056433410407341,52.75,-0.0011361744315606,1.82,0.0173397369961862,6.822105429749037e-05,-0.0057115620950315,0.05,117.5533,0.030000000000000002,0.00020845954353299057
2019-10-08,1497.199951171875,-0.0003338452402357,52.630001068115234,-0.0022748612679576,1.82,0.0173397369961862,6.822105429749037e-05,-0.0004020662945331,0.06,117.7407,0.009999999999999995,0.0015941704741595508
2019-10-09,1506.0999755859375,0.0059444461022699,52.59000015258789,-0.0007600401808005,1.82,0.0173397369961862,6.822105429749037e-05,0.0058762250479724,0.1,117.6835,0.04000000000000001,-0.0004858133168904599
2019-10-10,1494.800048828125,-0.0075027733490377,53.54999923706055,0.0182544035308471,1.82,0.0173397369961862,6.822105429749037e-05,-0.0075709944033351,0.15,117.2801,0.04999999999999999,-0.0034278382271091257
2019-10-11,1482.699951171875,-0.0080947934579852,54.70000076293945,0.0214752855698086,1.82,0.0173397369961862,6.822105429749037e-05,-0.0081630145122826,0.2,116.8239,0.05000000000000002,-0.003889832972516327
2019-10-14,1491.699951171875,0.0060700076187947,53.59000015258789,-0.0202925154455136,1.82,0.0173397369961862,6.822105429749037e-05,0.0060017865644972,0.2,116.8239,0.0,0.0
2019-10-15,1477.5999755859375,-0.0094522866846382,52.810001373291016,-0.014554931462511,1.9,0.0173397369961862,6.822105429749037e-05,-0.0095205077389356,0.21,116.8111,0.009999999999999981,-0.00010956662121364147
2019-10-16,1488.0,0.0070384573537491,53.36000061035156,0.0104146794690052,1.9,0.0173397369961862,6.822105429749037e-05,0.0069702362994516,0.18,116.6425,-0.03,-0.0014433559824366116
2019-10-17,1492.300048828125,0.0028898177608367,53.93000030517578,0.0106821530791669,1.85,0.0173397369961862,6.822105429749037e-05,0.0028215967065392,0.17,116.2615,-0.009999999999999981,-0.003266390895256932
2019-10-18,1488.199951171875,-0.002747502192652,53.77999877929688,-0.0027814115525697,1.85,0.0173397369961862,6.822105429749037e-05,-0.0028157232469494,0.16,116.1344,-0.010000000000000009,-0.001093225186325597
2019-10-21,1482.4000244140625,-0.0038972765408609,53.310001373291016,-0.0087392602579751,1.85,0.0173397369961862,6.822105429749037e-05,-0.0039654975951583,0.19,116.0436,0.03,-0.0007818527499173777
2019-10-22,1481.699951171875,-0.0004722566315824,54.15999984741211,0.0159444466746339,1.85,0.0173397369961862,6.822105429749037e-05,-0.0005404776858798,0.17,115.9851,-0.01999999999999999,-0.0005041208649162465
2019-10-23,1489.9000244140625,0.0055342333214642,55.970001220703125,0.033419523234683,1.85,0.0173397369961862,6.822105429749037e-05,0.0054660122671667,0.16,116.0586,-0.010000000000000009,0.0006337020875957222
2019-10-24,1498.9000244140625,0.0060406737717448,56.22999954223633,0.0046453156309209,1.85,0.0173397369961862,6.822105429749037e-05,0.0059724527174473,0.15,116.1278,-0.010000000000000009,0.0005962505148260355
2019-10-25,1499.5,0.0004002772540963,56.65999984741211,0.0076471689254202,1.83,0.0173397369961862,6.822105429749037e-05,0.0003320561997988,0.15,116.0774,0.0,-0.00043400460527109885
2019-10-28,1490.0,-0.0063354451483828,55.810001373291016,-0.0150017380234764,1.83,0.0173397369961862,6.822105429749037e-05,-0.0064036662026802,0.21,116.0222,0.06,-0.0004755447658200129
2019-10-29,1487.0,-0.0020134228187919,55.540000915527344,-0.0048378507636605,1.82,0.0173397369961862,6.822105429749037e-05,-0.0020816438730893,0.23,115.9797,0.020000000000000018,-0.00036630920634161956
2019-10-30,1493.199951171875,0.0041694358923167,55.060001373291016,-0.0086424114930494,1.82,0.0173397369961862,6.822105429749037e-05,0.0041012148380192,0.21,116.1636,-0.020000000000000018,0.0015856223114907309
2019-10-31,1511.4000244140625,0.012188637715869,54.18000030517578,-0.0159825834755992,1.58,0.0173397369961862,6.822105429749037e-05,0.0121204166615715,0.15,115.9125,-0.06,-0.002161606561780216
2019-11-01,1508.0,-0.002249586052098,56.20000076293945,0.037283138545326,1.57,0.0209229039486291,8.217411419142451e-05,-0.0023317601662894,0.14,115.7312,-0.009999999999999981,-0.001564110859484491
2019-11-04,1508.0,0.0,56.540000915527344,0.0060498246970148,1.56,0.0209229039486291,8.217411419142451e-05,-8.217411419142451e-05,0.15,115.8624,0.009999999999999981,0.0011336614499806164
2019-11-05,1480.800048828125,-0.0180371028991213,57.22999954223633,0.0122037250713855,1.56,0.0209229039486291,8.217411419142451e-05,-0.0181192770133127,0.18,116.1138,0.03,0.0021698152290994255
2019-11-06,1490.199951171875,0.0063478538855998,56.34999847412109,-0.0153765695466375,1.55,0.0209229039486291,8.217411419142451e-05,0.0062656797714083,0.15,116.1004,-0.03,-0.0001154040260503697
2019-11-07,1464.199951171875,-0.0174473230787277,57.150001525878906,0.0141970376827111,1.55,0.0209229039486291,8.217411419142451e-05,-0.0175294971929191,0.23,116.1172,0.08000000000000002,0.00014470234383345826
2019-11-08,1461.300048828125,-0.0019805371127277,57.2400016784668,0.001574805777514,1.55,0.0209229039486291,8.217411419142451e-05,-0.0020627112269191,0.23,116.3436,0.0,0.0019497542138460222
2019-11-11,1455.5,-0.0039691019190591,56.86000061035156,-0.0066387326515083,1.55,0.0209229039486291,8.217411419142451e-05,-0.0040512760332505,0.23,116.3436,0.0,0.0
2019-11-12,1452.0999755859375,-0.0023359837953023,56.79999923706055,-0.0010552474964288,1.55,0.0209229039486291,8.217411419142451e-05,-0.0024181579094937,0.22,116.5837,-0.010000000000000009,0.002063714720878407
2019-11-13,1461.699951171875,0.006611098235205,57.119998931884766,0.0056337975197617,1.55,0.0209229039486291,8.217411419142451e-05,0.0065289241210135,0.22,116.8397,0.0,0.0021958472753909053
2019-11-14,1471.800048828125,0.0069098296460587,56.77000045776367,-0.0061274243814055,1.55,0.0209229039486291,8.217411419142451e-05,0.0068276555318672,0.2,116.8022,-0.01999999999999999,-0.0003209525529421775
2019-11-15,1467.300048828125,-0.0030574805345215,57.720001220703125,0.0167342038978182,1.55,0.0209229039486291,8.217411419142451e-05,-0.0031396546487129,0.21,116.4401,0.009999999999999981,-0.0031001128403402856
2019-11-18,1470.9000244140625,0.0024534692742719,57.04999923706055,-0.0116077957289137,1.55,0.0209229039486291,8.217411419142451e-05,0.0023712951600804,0.18,116.3625,-0.03,-0.0006664370779482232
2019-11-19,1473.300048828125,0.0016316706602941,55.209999084472656,-0.032252413272472,1.55,0.0209229039486291,8.217411419142451e-05,0.0015494965461026,0.16,116.5391,-0.01999999999999999,0.0015176710710065322
2019-11-20,1473.300048828125,0.0,57.11000061035156,0.034414083633145,1.55,0.0209229039486291,8.217411419142451e-05,-8.217411419142451e-05,0.13,116.828,-0.03,0.0024789963196900633
2019-11-21,1463.0999755859375,-0.0069232830408855,58.58000183105469,0.0257398214847275,1.55,0.0209229039486291,8.217411419142451e-05,-0.0070054571550769,0.14,116.7435,0.010000000000000009,-0.0007232855137467853
2019-11-22,1463.0999755859375,0.0,57.77000045776367,-0.0138272678042425,1.55,0.0209229039486291,8.217411419142451e-05,-8.217411419142451e-05,0.15,116.9137,0.009999999999999981,0.0014578970135383784
2019-11-25,1456.5999755859375,-0.0044426219044921,58.0099983215332,0.0041543683896108,1.55,0.0209229039486291,8.217411419142451e-05,-0.0045247960186835,0.14,117.0098,-0.009999999999999981,0.0008219738148735889
2019-11-26,1459.800048828125,0.0021969472029548,58.40999984741211,0.0068953893717047,1.55,0.0209229039486291,8.217411419142451e-05,0.0021147730887633,0.12,117.0513,-0.020000000000000018,0.00035467114720311166
2019-11-27,1453.4000244140625,-0.0043841787916093,58.11000061035156,-0.0051360937826442,1.55,0.0209229039486291,8.217411419142451e-05,-0.0044663529058007,0.14,117.1273,0.020000000000000018,0.0006492879617741032
2019-11-29,1465.5999755859375,0.0083940766251144,55.16999816894531,-0.0505937430825379,1.56,0.0209229039486291,8.217411419142451e-05,0.0083119025109229,0.17,117.1204,0.03,-5.891026259463583e-05
2019-12-02,1462.300048828125,-0.0022515876178922,55.959999084472656,0.0143193935426306,1.56,0.0231952746996244,9.099760476405372e-05,-0.0023425852226562,0.18,116.9647,0.009999999999999981,-0.0013294011974003261
2019-12-03,1478.199951171875,0.0108732146706087,56.09999847412109,0.0025017761247119,1.55,0.0231952746996244,9.099760476405372e-05,0.0107822170658446,0.09,116.8898,-0.09,-0.0006403641440536623
2019-12-04,1474.0,-0.0028412605267273,58.43000030517578,0.0415330105958828,1.55,0.0231952746996244,9.099760476405372e-05,-0.0029322581314913,0.11,116.692,0.020000000000000004,-0.0016921921331031209
2019-12-05,1476.9000244140625,0.0019674521126611,58.43000030517578,0.0,1.55,0.0231952746996244,9.099760476405372e-05,0.001876454507897,0.13,116.3838,0.020000000000000004,-0.002641140780858975
2019-12-06,1459.0999755859375,-0.012052304512072,59.20000076293945,0.0131781696686978,1.55,0.0231952746996244,9.099760476405372e-05,-0.012143302116836,0.15,116.5381,0.01999999999999999,0.0013257858911635
2019-12-09,1459.300048828125,0.0001371209961862,59.02000045776367,-0.0030405456563518,1.55,0.0231952746996244,9.099760476405372e-05,4.612339142214629e-05,0.14,116.3283,-0.009999999999999981,-0.0018002696113974537
2019-12-10,1462.5999755859375,0.0022613079198225,59.2400016784668,0.0037275706370176,1.55,0.0231952746996244,9.099760476405372e-05,0.0021703103150584,0.14,116.2542,0.0,-0.0006369903110421404
2019-12-11,1469.4000244140625,0.0046492882138882,58.7599983215332,-0.0081026897929354,1.55,0.0231952746996244,9.099760476405372e-05,0.0045582906091241,0.1,116.1478,-0.04000000000000001,-0.0009152357506222453
2019-12-12,1466.699951171875,-0.0018375345020592,59.18000030517578,0.0071477534996569,1.55,0.0231952746996244,9.099760476405372e-05,-0.0019285321068232,0.18,115.8741,0.07999999999999999,-0.0023564802777151783
2019-12-13,1475.5999755859375,0.0060680607556791,60.06999969482422,0.0150388540902153,1.55,0.0231952746996244,9.099760476405372e-05,0.005977063150915,0.12,115.6967,-0.06,-0.0015309719773443087
2019-12-16,1475.0,-0.0004065977201573,60.209999084472656,0.0023306041345043,1.56,0.0231952746996244,9.099760476405372e-05,-0.0004975953249213,0.16,115.555,0.04000000000000001,-0.0012247540336068896
2019-12-17,1474.5999755859375,-0.0002712029925847,60.93999862670898,0.0121242244367445,1.55,0.0231952746996244,9.099760476405372e-05,-0.0003622005973487,0.14,115.5553,-0.01999999999999999,2.596166327695215e-06
2019-12-18,1472.5999755859375,-0.0013563000360183,60.93000030517578,-0.0001640682927226,1.55,0.0231952746996244,9.099760476405372e-05,-0.0014472976407823,0.16,115.6618,0.01999999999999999,0.0009216366536195508
2019-12-19,1478.199951171875,0.0038027812568102,61.220001220703125,0.0047595751530418,1.55,0.0231952746996244,9.099760476405372e-05,0.0037117836520461,0.15,115.5988,-0.010000000000000009,-0.0005446915057520929
2019-12-20,1474.699951171875,-0.0023677446323991,60.43999862670898,-0.0127409764528126,1.55,0.0231952746996244,9.099760476405372e-05,-0.0024587422371631,0.15,115.7598,0.0,0.0013927480216058274
2019-12-23,1482.5,0.0052892446507011,60.52000045776367,0.0013236570627475,1.55,0.0231952746996244,9.099760476405372e-05,0.005198247045937,0.18,115.8059,0.03,0.0003982384212826151
2019-12-24,1499.0999755859375,0.0111972853868043,61.11000061035156,0.0097488458051093,1.55,0.0231952746996244,9.099760476405372e-05,0.0111062877820402,0.15,115.8059,-0.03,0.0
2019-12-26,1509.300048828125,0.0068041314177198,61.68000030517578,0.0093274372300966,1.55,0.0231952746996244,9.099760476405372e-05,0.0067131338129557,0.16,115.634,0.010000000000000009,-0.0014843803294996016
2019-12-27,1513.800048828125,0.002981514512965,61.720001220703125,0.0006485232705808,1.55,0.0231952746996244,9.099760476405372e-05,0.0028905169082009,0.15,115.22,-0.010000000000000009,-0.003580261860698375
2019-12-30,1514.5,0.0004623802016765,61.68000030517578,-0.0006481029607291,1.55,0.0231952746996244,9.099760476405372e-05,0.0003713825969124,0.15,114.9631,0.0,-0.0022296476306197244
2019-12-31,1519.5,0.0033014196104323,61.060001373291016,-0.0100518633076714,1.55,0.0231952746996244,9.099760476405372e-05,0.0032104220056682,0.15,114.669,0.0,-0.002558212156770323
2020-01-02,1524.5,0.0032905561039815,61.18000030517578,0.0019652625153272,1.55,0.025997679768452,0.000101852350534,0.0031887037534474,0.08,114.9745,-0.06999999999999999,0.002664189972878539
2020-01-03,1549.199951171875,0.0162020014246473,63.04999923706055,0.0305655266844868,1.55,0.025997679768452,0.000101852350534,0.0161001490741132,0.03,114.9867,-0.05,0.00010611048536834922
2020-01-06,1566.199951171875,0.0109734059745745,63.27000045776367,0.0034893136140405,1.55,0.025997679768452,0.000101852350534,0.0108715536240404,0.06,114.9557,0.03,-0.0002695963968006865
2020-01-07,1571.800048828125,0.0035755956013534,62.70000076293945,-0.0090090041204398,1.55,0.025997679768452,0.000101852350534,0.0034737432508193,0.09,115.1477,0.03,0.001670208610795365
2020-01-08,1557.4000244140625,-0.0091614861730018,59.61000061035156,-0.0492822984846648,1.55,0.025997679768452,0.000101852350534,-0.0092633385235358,0.12,115.1328,0.03,-0.00012939902403608095
2020-01-09,1551.699951171875,-0.0036599930350791,59.560001373291016,-0.0008387726312464,1.55,0.025997679768452,0.000101852350534,-0.0037618453856131,0.11,115.2331,-0.009999999999999995,0.0008711679034991704
2020-01-10,1557.5,0.0037378675070167,59.040000915527344,-0.008730699223873,1.54,0.025997679768452,0.000101852350534,0.0036360151564826,0.07,115.0677,-0.039999999999999994,-0.0014353514745328866
2020-01-13,1548.4000244140625,-0.0058426809540529,58.08000183105469,-0.0162601468425821,1.54,0.025997679768452,0.000101852350534,-0.0059445333045869,0.08,115.0342,0.009999999999999995,-0.00029113295911886716
2020-01-14,1542.4000244140625,-0.0038749676475047,58.22999954223633,0.0025826051386492,1.54,0.025997679768452,0.000101852350534,-0.0039768199980387,0.05,115.0239,-0.03,-8.953858939342307e-05
2020-01-15,1552.0999755859375,0.006288868658155,57.810001373291016,-0.0072127455306035,1.54,0.025997679768452,0.000101852350534,0.0061870163076209,0.04,114.9528,-0.010000000000000002,-0.0006181324055262172
2020-01-16,1549.0,-0.0019972782905091,58.52000045776367,0.0122815960492379,1.54,0.025997679768452,0.000101852350534,-0.0020991306410431,0.07,115.0006,0.030000000000000006,0.00041582284207097864
2020-01-17,1558.800048828125,0.0063266938851678,58.540000915527344,0.0003417713193305,1.55,0.025997679768452,0.000101852350534,0.0062248415346337,0.09,115.0656,0.01999999999999999,0.0005652144423593519
2020-01-21,1556.4000244140625,-0.0015396614953064,58.34000015258789,-0.0034164803520938,1.55,0.025997679768452,0.000101852350534,-0.0016415138458404,0.04,115.1876,-0.049999999999999996,0.0010602647533233256
2020-01-22,1555.300048828125,-0.0007067434905442,56.7400016784668,-0.0274254108662377,1.55,0.025997679768452,0.000101852350534,-0.0008085958410782,0.05,115.2273,0.010000000000000002,0.0003446551538532905
2020-01-23,1564.5999755859375,0.0059795065041112,55.59000015258789,-0.0202679149076469,1.55,0.025997679768452,0.000101852350534,0.0058776541535771,0.04,115.5545,-0.010000000000000002,0.0028396048505867633
2020-01-24,1571.0999755859375,0.0041544165290976,54.18999862670898,-0.0251844130605517,1.55,0.025997679768452,0.000101852350534,0.0040525641785635,0.02,115.5556,-0.02,9.519317724526744e-06
2020-01-27,1576.800048828125,0.0036280779904294,53.13999938964844,-0.0193762550963237,1.55,0.025997679768452,0.000101852350534,0.0035262256398953,-0.02,115.8004,-0.04,0.0021184607236688358
2020-01-28,1569.199951171875,-0.0048199501654622,53.47999954223633,0.0063981963961805,1.55,0.025997679768452,0.000101852350534,-0.0049218025159962,0.0,115.7239,0.02,-0.0006606194797253995
2020-01-29,1569.800048828125,0.0003824226834838,53.33000183105469,-0.002804744062557,1.55,0.025997679768452,0.000101852350534,0.0002805703329497,-0.04,115.7003,-0.04,-0.00020393367316517974
2020-01-30,1583.5,0.0087271950221317,52.13999938964844,-0.0223139396315058,1.6,0.025997679768452,0.000101852350534,0.0086253426715976,-0.07,115.8077,-0.030000000000000006,0.0009282603415894375
2020-01-31,1582.9000244140625,-0.0003788920656377,51.560001373291016,-0.0111238592855176,1.59,0.025997679768452,0.000101852350534,-0.0004807444161717,-0.14,115.7345,-0.07,-0.0006320823226779737
2020-02-03,1577.199951171875,-0.003601031748229,50.11000061035156,-0.0281225896881099,1.59,0.0234131667975951,9.184264206041348e-05,-0.0036928743902894,-0.09,116.1172,0.05000000000000002,0.0033067062976035455
2020-02-04,1550.4000244140625,-0.0169920920539592,49.61000061035156,-0.0099780481722188,1.59,0.0234131667975951,9.184264206041348e-05,-0.0170839346960196,-0.03,115.9291,0.06,-0.0016199150513446225
2020-02-05,1557.800048828125,0.00477297748809,50.75,0.0229792254711354,1.59,0.0234131667975951,9.184264206041348e-05,0.0046811348460295,0.0,116.009,0.03,0.000689214356015766
2020-02-06,1565.0999755859375,0.0046860486127882,50.95000076293945,0.0039409017327971,1.59,0.0234131667975951,9.184264206041348e-05,0.0045942059707277,-0.02,116.1518,-0.02,0.0012309389788722758
2020-02-07,1568.5999755859375,0.0022362788669072,50.31999969482422,-0.0123650845668581,1.58,0.0234131667975951,9.184264206041348e-05,0.0021444362248467,-0.07,116.5086,-0.05,0.0030718421927167228
2020-02-10,1574.699951171875,0.0038888025506049,49.56999969482422,-0.0149046105832377,1.58,0.0234131667975951,9.184264206041348e-05,0.0037969599085444,-0.1,116.5711,-0.03,0.0005364410867523262
2020-02-11,1565.5999755859375,-0.0057788631917879,49.93999862670898,0.0074641705499829,1.58,0.0234131667975951,9.184264206041348e-05,-0.0058707058338483,-0.06,116.3585,0.04000000000000001,-0.0018237796503592918
2020-02-12,1567.4000244140625,0.0011497501636401,51.16999816894531,0.0246295469775703,1.58,0.0234131667975951,9.184264206041348e-05,0.0010579075215796,-0.04,116.2794,0.019999999999999997,-0.0006797956316041409
2020-02-13,1575.0999755859375,0.0049125628760617,51.41999816894531,0.0048856753751405,1.58,0.0234131667975951,9.184264206041348e-05,0.0048207202340012,-0.06,116.3999,-0.019999999999999997,0.0010362970569164354
2020-02-14,1582.699951171875,0.004825075045227,52.04999923706055,0.0122520632156637,1.58,0.0234131667975951,9.184264206041348e-05,0.0047332324031665,-0.07,116.4223,-0.010000000000000009,0.00019244002786944492
2020-02-18,1600.0,0.0109307192530812,52.04999923706055,0.0,1.59,0.0234131667975951,9.184264206041348e-05,0.0108388766110207,-0.1,116.6039,-0.03,0.001559838621982168
2020-02-19,1607.5,0.0046874999999999,53.290000915527344,0.0238232794743999,1.59,0.0234131667975951,9.184264206041348e-05,0.0045956573579394,-0.09,116.7829,0.010000000000000009,0.0015351116043289537
2020-02-20,1616.5999755859375,0.0056609490425738,53.77999877929688,0.0091949306690057,1.59,0.0234131667975951,9.184264206041348e-05,0.0055691064005133,-0.11,117.2454,-0.020000000000000004,0.003960340084036229
2020-02-21,1644.5999755859375,0.0173203021296912,53.380001068115234,-0.0074376667954783,1.58,0.0234131667975951,9.184264206041348e-05,0.0172284594876307,-0.15,117.0473,-0.039999999999999994,-0.001689618526611647
2020-02-24,1672.4000244140625,0.0169038363375995,51.43000030517578,-0.0365305493428366,1.58,0.0234131667975951,9.184264206041348e-05,0.016811993695539,-0.21,117.4018,-0.06,0.00302869011074991
2020-02-25,1646.9000244140625,-0.015247548210802,49.900001525878906,-0.0297491497223051,1.58,0.0234131667975951,9.184264206041348e-05,-0.0153393908528624,-0.2,117.2425,0.009999999999999981,-0.0013568786849944559
2020-02-26,1640.0,-0.0041897044822239,48.72999954223633,-0.0234469328229538,1.58,0.0234131667975951,9.184264206041348e-05,-0.0042815471242843,-0.21,117.405,-0.009999999999999981,0.001386016163080761
2020-02-27,1640.0,0.0,47.09000015258789,-0.0336548205428769,1.58,0.0234131667975951,9.184264206041348e-05,-9.184264206041348e-05,-0.23,117.3678,-0.020000000000000018,-0.00031685192283126273
2020-02-28,1564.0999755859375,-0.0462805026915015,44.7599983215332,-0.049479758409528,1.58,0.0234131667975951,9.184264206041348e-05,-0.0463723453335619,-0.28,117.6568,-0.05000000000000002,0.002462344868013222
2020-03-02,1592.300048828125,0.0180295848618137,46.75,0.0444593778617155,1.59,0.0149403996429091,5.88505062502076e-05,0.0179707343555634,-0.31,116.8144,-0.02999999999999997,-0.007159807167966492
2020-03-03,1642.0999755859375,0.0312754664514791,47.18000030517578,0.0091978674903909,1.59,0.0149403996429091,5.88505062502076e-05,0.0312166159452288,-0.43,116.4958,-0.12,-0.002727403470805023
2020-03-04,1641.0999755859375,-0.0006089763198755,46.77999877929688,-0.0084782010023646,1.09,0.0149403996429091,5.88505062502076e-05,-0.0006678268261257,-0.44,116.7802,-0.010000000000000009,0.00244128972890012
2020-03-05,1666.4000244140625,0.0154165189229813,45.900001525878906,-0.0188113996661202,1.09,0.0149403996429091,5.88505062502076e-05,0.015357668416731,-0.48,116.7901,-0.03999999999999998,8.477464501699394e-05
2020-03-06,1670.800048828125,0.0026404370796919,41.27999877929688,-0.1006536512635457,1.09,0.0149403996429091,5.88505062502076e-05,0.0025815865734416,-0.57,116.7106,-0.08999999999999997,-0.0006807083819604376
2020-03-09,1674.5,0.0022144787309947,31.1299991607666,-0.2458817809757493,1.09,0.0149403996429091,5.88505062502076e-05,0.0021556282247444,-0.45,117.1871,0.11999999999999994,0.0040827482679379745
2020-03-10,1659.0999755859375,-0.0091967897366751,34.36000061035156,0.1037584817430949,1.09,0.0149403996429091,5.88505062502076e-05,-0.0092556402429253,-0.24,117.9027,0.21000000000000002,0.006106474176765131
2020-03-11,1641.4000244140625,-0.0106684054200073,32.97999954223633,-0.040163010582121,1.09,0.0149403996429091,5.88505062502076e-05,-0.0107272559262575,-0.14,118.2505,0.09999999999999998,0.002949890036445302
2020-03-12,1589.300048828125,-0.0317411811934972,31.5,-0.044875668974493,1.1,0.0149403996429091,5.88505062502076e-05,-0.0318000316997474,-0.04,120.4883,0.1,0.018924232878507752
2020-03-13,1515.699951171875,-0.0463097561159198,31.729999542236328,0.0073015727694072,1.1,0.0149403996429091,5.88505062502076e-05,-0.04636860662217,0.04,120.4388,0.08,-0.00041082827129268473
2020-03-16,1485.9000244140625,-0.0196608350714615,28.700000762939453,-0.0954931869842479,0.25,0.0149403996429091,5.88505062502076e-05,-0.0197196855777117,0.0,120.9352,-0.04,0.004121595366277209
2020-03-17,1524.9000244140625,0.0262467187288586,26.950000762939453,-0.0609756081351673,0.25,0.0149403996429091,5.88505062502076e-05,0.0261878682226083,0.39,122.4816,0.39,0.012787013210380449
2020-03-18,1477.300048828125,-0.0312151451399101,20.3700008392334,-0.2441558344129846,0.25,0.0149403996429091,5.88505062502076e-05,-0.0312739956461603,0.55,124.1623,0.16000000000000003,0.01372206110958718
2020-03-19,1478.5999755859375,0.0008799341466505,25.21999931335449,0.2380951533776971,0.2,0.0149403996429091,5.88505062502076e-05,0.0008210836404002,0.62,125.0587,0.06999999999999995,0.00721958275579615
2020-03-20,1484.0,0.0036521199129078,22.43000030517578,-0.1106264506003119,0.15,0.0149403996429091,5.88505062502076e-05,0.0035932694066575,0.17,124.9362,-0.44999999999999996,-0.0009795400080122585
2020-03-23,1567.0,0.0559299191374662,23.36000061035156,0.0414623402818761,0.15,0.0149403996429091,5.88505062502076e-05,0.0558710686312159,-0.04,126.1262,-0.21000000000000002,0.009524861489304204
2020-03-24,1660.199951171875,0.0594766759233407,24.01000022888184,0.0278253254086919,0.12,0.0149403996429091,5.88505062502076e-05,0.0594178254170904,-0.13,125.5001,-0.09,-0.0049640756638984485
2020-03-25,1632.300048828125,-0.0168051458645427,24.489999771118164,0.0199916508813244,0.1,0.0149403996429091,5.88505062502076e-05,-0.0168639963707929,-0.19,124.7916,-0.06,-0.005645413828355483
2020-03-26,1650.0999755859375,0.010904812978834,22.600000381469727,-0.0771743326791442,0.1,0.0149403996429091,5.88505062502076e-05,0.0108459624725837,-0.24,122.4308,-0.04999999999999999,-0.018917939989550603
2020-03-27,1623.9000244140625,-0.0158777962302384,21.51000022888184,-0.0482300944331668,0.1,0.0149403996429091,5.88505062502076e-05,-0.0159366467364886,-0.22,122.4007,0.01999999999999999,-0.0002458531676670095
2020-03-30,1622.0,-0.0011700378012791,20.09000015258789,-0.0660158094460309,0.09,0.0149403996429091,5.88505062502076e-05,-0.0012288883075293,-0.25,123.2883,-0.03,0.007251592515402416
2020-03-31,1583.4000244140625,-0.0237977654660527,20.479999542236328,0.0194126125777156,0.08,0.0149403996429091,5.88505062502076e-05,-0.0238566159723029,-0.17,122.5301,0.07999999999999999,-0.006149813080397748
2020-04-01,1578.199951171875,-0.0032841184552284,20.309999465942383,-0.0083007851608273,0.06,0.0031304729404111,1.240318490336456e-05,-0.0032965216401317,-0.29,123.7933,-0.11999999999999997,0.010309303591525598
2020-04-02,1625.699951171875,0.0300975804521659,25.31999969482422,0.2466765317883463,0.05,0.0031304729404111,1.240318490336456e-05,0.0300851772672625,-0.4,123.5916,-0.11000000000000004,-0.0016293288893663993
2020-04-03,1633.699951171875,0.0049209572739625,28.34000015258789,0.119273321254463,0.05,0.0031304729404111,1.240318490336456e-05,0.0049085540890591,-0.46,124.4152,-0.06,0.006663883305985108
2020-04-06,1677.0,0.0265042848272507,26.07999992370605,-0.0797459497781781,0.05,0.0031304729404111,1.240318490336456e-05,0.0264918816423473,-0.47,124.16,-0.009999999999999953,-0.0020511963168488023
2020-04-07,1664.800048828125,-0.007274866530635,23.6299991607666,-0.0939417473200399,0.05,0.0031304729404111,1.240318490336456e-05,-0.0072872697155383,-0.42,123.0956,0.04999999999999999,-0.008572809278350468
2020-04-08,1665.4000244140625,0.0003603889766581,25.09000015258789,0.0617859095926403,0.05,0.0031304729404111,1.240318490336456e-05,0.0003479857917547,-0.42,123.2216,0.0,0.0010235946695087428
2020-04-09,1736.199951171875,0.0425122647531617,22.76000022888184,-0.0928656799336737,0.05,0.0031304729404111,1.240318490336456e-05,0.0424998615682583,-0.5,122.476,-0.08000000000000002,-0.006050887182117437
2020-04-13,1744.800048828125,0.0049534027750923,22.40999984741211,-0.0153778724934099,0.05,0.0031304729404111,1.240318490336456e-05,0.0049409995901889,-0.5,122.5203,0.0,0.00036170351742392803
2020-04-14,1756.699951171875,0.0068202097723131,20.11000061035156,-0.1026327198893822,0.05,0.0031304729404111,1.240318490336456e-05,0.0068078065874097,-0.53,122.1121,-0.030000000000000027,-0.0033316927888684678
2020-04-15,1727.199951171875,-0.0167928506973094,19.8700008392334,-0.0119343492707117,0.05,0.0031304729404111,1.240318490336456e-05,-0.0168052538822127,-0.56,123.0752,-0.030000000000000027,0.007887015291686783
2020-04-16,1720.4000244140625,-0.0039369655801569,19.8700008392334,0.0,0.05,0.0031304729404111,1.240318490336456e-05,-0.0039493687650602,-0.42,123.4615,0.14000000000000007,0.0031387314422401946
2020-04-17,1689.199951171875,-0.018135359683463,18.270000457763672,-0.0805234179110108,0.05,0.0031304729404111,1.240318490336456e-05,-0.0181477628683663,-0.36,122.871,0.06,-0.004782867533603685
2020-04-20,1701.5999755859375,0.0073407676844059,-37.630001068115234,-3.059660652724544,0.05,0.0031304729404111,1.240318490336456e-05,0.0073283644995025,-0.31,123.1033,0.04999999999999999,0.0018906007113153045
2020-04-21,1678.199951171875,-0.0137517775915604,10.010000228881836,-1.2660111598392576,0.05,0.0031304729404111,1.240318490336456e-05,-0.0137641807764637,-0.38,123.9116,-0.07,0.006566030317627591
2020-04-22,1728.699951171875,0.0300917658618309,13.779999732971191,0.3766233184702416,0.05,0.0031304729404111,1.240318490336456e-05,0.0300793626769275,-0.43,123.9256,-0.04999999999999999,0.0001129837723021776
2020-04-23,1733.300048828125,0.0026610156685269,16.5,0.1973875413452082,0.04,0.0031304729404111,1.240318490336456e-05,0.0026486124836235,-0.44,123.7542,-0.010000000000000009,-0.00138308791726649
2020-04-24,1723.5,-0.0056539828950854,16.940000534057617,0.0266666990337949,0.05,0.0031304729404111,1.240318490336456e-05,-0.0056663860799887,-0.51,124.1615,-0.07,0.003291201429931334
2020-04-27,1711.9000244140625,-0.0067304761160066,12.779999732971191,-0.245572648756581,0.04,0.0031304729404111,1.240318490336456e-05,-0.0067428793009099,-0.5,123.8843,0.010000000000000009,-0.0022325761206171135
2020-04-28,1710.5,-0.0008178190280367,12.34000015258789,-0.0344287628776817,0.04,0.0031304729404111,1.240318490336456e-05,-0.00083022221294,-0.52,123.3693,-0.020000000000000018,-0.004157104653293442
2020-04-29,1703.4000244140625,-0.0041508188166836,15.0600004196167,0.220421412754876,0.04,0.0031304729404111,1.240318490336456e-05,-0.0041632220015869,-0.51,122.7782,0.010000000000000009,-0.004791305454436401
2020-04-30,1684.199951171875,-0.0112716173341561,18.84000015258789,0.2509959912117585,0.05,0.0031304729404111,1.240318490336456e-05,-0.0112840205190594,-0.43,122.327,0.08000000000000002,-0.0036749194889647008
2020-05-01,1694.5,0.0061156923920808,19.780000686645508,0.0498938708303831,0.05,0.0019820130358485,7.857377851250291e-06,0.0061078350142295,-0.42,123.1492,0.010000000000000009,0.006721328897136392
2020-05-04,1706.9000244140625,0.0073178072670772,20.38999938964844,0.0308391649053263,0.05,0.0019820130358485,7.857377851250291e-06,0.0073099498892259,-0.43,123.2117,-0.010000000000000009,0.0005075144621320415
2020-05-05,1704.4000244140625,-0.0014646434848216,24.559999465942383,0.204512025557537,0.05,0.0019820130358485,7.857377851250291e-06,-0.0014725008626728,-0.44,122.803,-0.010000000000000009,-0.003317055117330492
2020-05-06,1684.199951171875,-0.011851720812508,23.989999771118164,-0.0232084571343188,0.05,0.0019820130358485,7.857377851250291e-06,-0.0118595781903592,-0.38,123.609,0.06,0.00656335757269777
2020-05-07,1721.800048828125,0.0223251981631324,23.549999237060547,-0.018340997843082,0.05,0.0019820130358485,7.857377851250291e-06,0.0223173407852811,-0.45,123.1249,-0.07,-0.003916381493256904
2020-05-08,1709.9000244140625,-0.0069113858035733,24.739999771118164,0.0505308098772638,0.05,0.0019820130358485,7.857377851250291e-06,-0.0069192431814245,-0.43,122.5379,0.020000000000000018,-0.004767516562450003
2020-05-11,1695.300048828125,-0.0085384966240588,24.13999938964844,-0.0242522387639702,0.05,0.0019820130358485,7.857377851250291e-06,-0.00854635400191,-0.4,123.2333,0.02999999999999997,0.005674978924887775
2020-05-12,1704.4000244140625,0.0053677669579659,25.780000686645508,0.0679370894143569,0.05,0.0019820130358485,7.857377851250291e-06,0.0053599095801146,-0.4,123.0592,0.0,-0.001412767490605149
2020-05-13,1713.9000244140625,0.0055738088851917,25.290000915527344,-0.0190069727721921,0.05,0.0019820130358485,7.857377851250291e-06,0.0055659515073404,-0.43,123.5408,-0.02999999999999997,0.003913563553151755
2020-05-14,1738.0999755859375,0.0141198149408676,27.559999465942383,0.0897587373759771,0.05,0.0019820130358485,7.857377851250291e-06,0.0141119575630163,-0.43,123.6429,0.0,0.0008264476189241421
2020-05-15,1753.4000244140625,0.008802743825462,29.43000030517578,0.0678519911273682,0.05,0.0019820130358485,7.857377851250291e-06,0.0087948864476107,-0.45,123.5991,-0.020000000000000018,-0.00035424597773092703
2020-05-18,1731.800048828125,-0.0123189091394906,31.81999969482422,0.0812096284357875,0.05,0.0019820130358485,7.857377851250291e-06,-0.0123267665173418,-0.44,122.7968,0.010000000000000009,-0.0064911475892623915
2020-05-19,1744.199951171875,0.0071601235674643,32.5,0.021370217212365,0.05,0.0019820130358485,7.857377851250291e-06,0.007152266189613,-0.45,122.5655,-0.010000000000000009,-0.0018835995726272925
2020-05-20,1750.5999755859375,0.0036693180789062,33.4900016784668,0.0304615901066707,0.05,0.0019820130358485,7.857377851250291e-06,0.0036614607010549,-0.48,122.1007,-0.02999999999999997,-0.003792258017141781
2020-05-21,1720.5,-0.0171940911720067,33.91999816894531,0.0128395481913334,0.05,0.0019820130358485,7.857377851250291e-06,-0.0172019485498579,-0.46,122.0914,0.019999999999999962,-7.616663950338332e-05
2020-05-22,1734.5999755859375,0.0081952778761624,33.25,-0.0197523055752613,0.05,0.0019820130358485,7.857377851250291e-06,0.0081874204983111,-0.46,122.3211,0.0,0.001881377394312933
2020-05-26,1704.800048828125,-0.0171797112747832,34.349998474121094,0.0330826608758223,0.05,0.0019820130358485,7.857377851250291e-06,-0.0171875686526344,-0.44,121.3864,0.020000000000000018,-0.007641363591400108
2020-05-27,1710.300048828125,0.0032261847973202,32.810001373291016,-0.0448325231219528,0.05,0.0019820130358485,7.857377851250291e-06,0.0032183274194689,-0.46,121.5677,-0.020000000000000018,0.001493577534221302
2020-05-28,1713.300048828125,0.0017540781818112,33.709999084472656,0.027430590475814,0.05,0.0019820130358485,7.857377851250291e-06,0.0017462208039599,-0.48,121.0138,-0.019999999999999962,-0.004556308953776345
2020-05-29,1736.9000244140625,0.0137745724119249,35.4900016784668,0.0528034008406139,0.05,0.0019820130358485,7.857377851250291e-06,0.0137667150340736,-0.5,120.9458,-0.020000000000000018,-0.0005619193844007553
2020-06-01,1737.800048828125,0.0005181785948595,35.439998626708984,-0.0014089334852905,0.05,0.0071665628318304,2.833772315402605e-05,0.0004898408717054,-0.52,120.2686,-0.020000000000000018,-0.0055992022873055936
2020-06-02,1725.199951171875,-0.0072506026598093,36.810001373291016,0.0386569638732869,0.06,0.0071665628318304,2.833772315402605e-05,-0.0072789403829633,-0.5,119.6854,0.020000000000000018,-0.00484914599488151
2020-06-03,1697.800048828125,-0.0158821603983573,37.290000915527344,0.0130399218779875,0.06,0.0071665628318304,2.833772315402605e-05,-0.0159104981215113,-0.44,119.2556,0.06,-0.0035910812847682605
2020-06-04,1718.9000244140625,0.0124278330657967,37.40999984741211,0.0032179921946529,0.06,0.0071665628318304,2.833772315402605e-05,0.0123994953426426,-0.4,119.3014,0.03999999999999998,0.0003840490509461336
2020-06-05,1676.199951171875,-0.0248415106380274,39.54999923706055,0.0572039400795794,0.07,0.0071665628318304,2.833772315402605e-05,-0.0248698483611814,-0.36,118.8138,0.040000000000000036,-0.004087127225665399
2020-06-08,1698.300048828125,0.0131846428230708,38.18999862670898,-0.0343868681817107,0.07,0.0071665628318304,2.833772315402605e-05,0.0131563050999167,-0.4,118.6621,-0.040000000000000036,-0.0012767877132118244
2020-06-09,1714.699951171875,0.0096566577590728,38.93999862670898,0.0196386495671532,0.07,0.0071665628318304,2.833772315402605e-05,0.0096283200359187,-0.42,118.5893,-0.019999999999999962,-0.0006135067557375695
2020-06-10,1713.300048828125,-0.0008164124241055,39.59999847412109,0.0169491492215774,0.08,0.0071665628318304,2.833772315402605e-05,-0.0008447501472595,-0.52,118.5231,-0.10000000000000003,-0.0005582291151056129
2020-06-11,1732.0,0.0109145804231229,36.34000015258789,-0.0823231931098087,0.08,0.0071665628318304,2.833772315402605e-05,0.0108862426999688,-0.55,119.2347,-0.030000000000000027,0.006003892912014752
2020-06-12,1729.300048828125,-0.0015588632632073,36.2599983215332,-0.0022014813076161,0.08,0.0071665628318304,2.833772315402605e-05,-0.0015872009863613,-0.5,119.6645,0.050000000000000044,0.0036046553562008032
2020-06-15,1720.300048828125,-0.0052044178256392,37.119998931884766,0.0237176130766902,0.09,0.0071665628318304,2.833772315402605e-05,-0.0052327555487932,-0.52,119.9539,-0.020000000000000018,0.002418428188811328
2020-06-16,1729.5999755859375,0.0054059911026262,38.380001068115234,0.0339440240432811,0.09,0.0071665628318304,2.833772315402605e-05,0.0053776533794721,-0.52,119.567,0.0,-0.0032254057600462627
2020-06-17,1729.199951171875,-0.000231281463754,37.959999084472656,-0.0109432509628433,0.09,0.0071665628318304,2.833772315402605e-05,-0.000259619186908,-0.52,119.9105,0.0,0.002872866259084894
2020-06-18,1724.800048828125,-0.0025444728591208,38.84000015258789,0.0231823258519305,0.09,0.0071665628318304,2.833772315402605e-05,-0.0025728105822748,-0.57,120.2173,-0.04999999999999993,0.002558574937140623
2020-06-19,1745.9000244140625,0.0122332879108355,39.75,0.0234294501502847,0.09,0.0071665628318304,2.833772315402605e-05,0.0122049501876814,-0.6,120.2186,-0.030000000000000027,1.0813751431859586e-05
2020-06-22,1756.699951171875,0.0061858792638695,40.459999084472656,0.0178616121879913,0.08,0.0071665628318304,2.833772315402605e-05,0.0061575415407154,-0.63,119.7532,-0.030000000000000027,-0.0038712811495058563
2020-06-23,1772.0999755859375,0.0087664512108567,40.369998931884766,-0.0022244230010975,0.08,0.0071665628318304,2.833772315402605e-05,0.0087381134877026,-0.66,119.3285,-0.030000000000000027,-0.0035464605538724214
2020-06-24,1765.800048828125,-0.0035550628320105,38.0099983215332,-0.0584592685854049,0.08,0.0071665628318304,2.833772315402605e-05,-0.0035834005551645,-0.64,119.9744,0.020000000000000018,0.005412789065478929
2020-06-25,1762.0999755859375,-0.0020954089590399,38.720001220703125,0.0186793720211162,0.08,0.0071665628318304,2.833772315402605e-05,-0.0021237466821939,-0.65,120.2997,-0.010000000000000009,0.00271141176784373
2020-06-26,1772.5,0.00590206262877,38.4900016784668,-0.00594007063495,0.08,0.0071665628318304,2.833772315402605e-05,0.0058737249056159,-0.68,120.533,-0.030000000000000027,0.001939323206957333
2020-06-29,1774.800048828125,0.0012976298043019,39.70000076293945,0.0314367116577598,0.08,0.0071665628318304,2.833772315402605e-05,0.0012692920811478,-0.7,120.6658,-0.019999999999999907,0.001101772958443048
2020-06-30,1793.0,0.0102546487892494,39.27000045776367,-0.0108312417358236,0.08,0.0071665628318304,2.833772315402605e-05,0.0102263110660953,-0.68,120.4649,0.019999999999999907,-0.0016649290851260545
2020-07-01,1773.199951171875,-0.0110429720179169,39.81999969482422,0.0140055826495875,0.08,0.0099686476258979,3.936303032592292e-05,-0.0110823350482428,-0.68,120.0808,0.0,-0.003188480627967172
2020-07-02,1784.0,0.0060907112144839,40.650001525878906,0.0208438432299278,0.09,0.0099686476258979,3.936303032592292e-05,0.0060513481841579,-0.73,119.8555,-0.04999999999999993,-0.0018762366673106268
2020-07-06,1788.5,0.0025224215246637,40.630001068115234,-0.0004920161626793,0.09,0.0099686476258979,3.936303032592292e-05,0.0024830584943377,-0.76,119.2852,-0.030000000000000027,-0.004758229701599004
2020-07-07,1804.199951171875,0.0087782785417249,40.619998931884766,-0.0002461761252159,0.09,0.0099686476258979,3.936303032592292e-05,0.0087389155113989,-0.78,119.5717,-0.020000000000000018,0.002401806762280634
2020-07-08,1815.5,0.0062631909621686,40.900001525878906,0.0068932201220308,0.09,0.0099686476258979,3.936303032592292e-05,0.0062238279318426,-0.75,119.5525,0.030000000000000027,-0.00016057311219974668
2020-07-09,1799.199951171875,-0.0089782698034288,39.619998931884766,-0.0312959057760483,0.09,0.0099686476258979,3.936303032592292e-05,-0.0090176328337547,-0.77,119.5129,-0.020000000000000018,-0.0003312352313836753
2020-07-10,1798.199951171875,-0.0005558025940077,40.54999923706055,0.0234730017730351,0.09,0.0099686476258979,3.936303032592292e-05,-0.0005951656243336,-0.76,119.3509,0.010000000000000009,-0.0013555022093849622
2020-07-13,1811.0,0.0071182566876299,40.09999847412109,-0.0110974296277711,0.09,0.0099686476258979,3.936303032592292e-05,0.0070788936573039,-0.78,119.1891,-0.020000000000000018,-0.001355666358611507
2020-07-14,1810.5999755859373,-0.0002208859271466,40.290000915527344,0.004738215676713,0.09,0.0099686476258979,3.936303032592292e-05,-0.0002602489574725,-0.78,119.3901,0.0,0.0016863958197519402
2020-07-15,1811.4000244140625,0.0004418694570378,41.20000076293945,0.0225862453892724,0.1,0.0099686476258979,3.936303032592292e-05,0.0004025064267118,-0.77,119.0331,0.010000000000000009,-0.002990197679707096
2020-07-16,1798.699951171875,-0.0070111919349761,40.75,-0.0109223484127758,0.1,0.0099686476258979,3.936303032592292e-05,-0.007050554965302,-0.79,118.9275,-0.020000000000000018,-0.0008871481965941896
2020-07-17,1808.300048828125,0.0053372424066588,40.59000015258789,-0.00392637662361,0.09,0.0099686476258979,3.936303032592292e-05,0.0052978793763328,-0.82,119.124,-0.029999999999999916,0.0016522671375418518
2020-07-20,1815.9000244140625,0.00420282883411,40.810001373291016,0.0054200842541534,0.1,0.0099686476258979,3.936303032592292e-05,0.004163465803784,-0.84,119.0483,-0.020000000000000018,-0.0006354722809844837
2020-07-21,1842.4000244140625,0.0145933144136338,41.959999084472656,0.0281793107690087,0.1,0.0099686476258979,3.936303032592292e-05,0.0145539513833078,-0.87,118.4042,-0.030000000000000027,-0.005410409052460152
2020-07-22,1864.0999755859373,0.0117780888429894,41.900001525878906,-0.0014298751168455,0.09,0.0099686476258979,3.936303032592292e-05,0.0117387258126634,-0.88,118.1337,-0.010000000000000009,-0.002284547338692322
2020-07-23,1889.0999755859373,0.0134112978528107,41.06999969482422,-0.0198091121916081,0.09,0.0099686476258979,3.936303032592292e-05,0.0133719348224847,-0.9,118.0613,-0.020000000000000018,-0.0006128649149226284
2020-07-24,1897.300048828125,0.0043407301615385,41.290000915527344,0.0053567378217158,0.09,0.0099686476258979,3.936303032592292e-05,0.0043013671312125,-0.92,118.1329,-0.020000000000000018,0.0006064646077927893
2020-07-27,1931.0,0.017762056767294,41.59999847412109,0.0075078118605023,0.1,0.0099686476258979,3.936303032592292e-05,0.017722693736968,-0.9,117.3869,0.020000000000000018,-0.006314921584080424
2020-07-28,1944.699951171875,0.0070947442630113,41.040000915527344,-0.0134614802676523,0.1,0.0099686476258979,3.936303032592292e-05,0.0070553812326853,-0.92,117.3189,-0.020000000000000018,-0.0005792809930239562
2020-07-29,1953.5,0.0045251447776415,41.27000045776367,0.0056042772199185,0.1,0.0099686476258979,3.936303032592292e-05,0.0044857817473155,-0.95,117.2126,-0.029999999999999916,-0.0009060773669034017
2020-07-30,1942.300048828125,-0.0057332742113513,39.91999816894531,-0.0327114677451959,0.1,0.0099686476258979,3.936303032592292e-05,-0.0057726372416772,-0.97,117.4008,-0.020000000000000018,0.001605629428918176
2020-07-31,1962.800048828125,0.0105544969802007,40.27000045776367,0.0087675928074224,0.1,0.0099686476258979,3.936303032592292e-05,0.0105151339498747,-1.0,117.2082,-0.030000000000000027,-0.0016405339656969664
2020-08-03,1966.0,0.0016302991095733,41.0099983215332,0.0183759089982047,0.1,0.0128106984955238,5.05145124716222e-05,0.0015797845971016,-1.02,117.8074,-0.020000000000000018,0.005112270301907085
2020-08-04,2001.199951171875,0.017904349527912,41.70000076293945,0.0168252248146021,0.1,0.0128106984955238,5.05145124716222e-05,0.0178538350154403,-1.05,117.7833,-0.030000000000000027,-0.00020457118992533996
2020-08-05,2031.0999755859373,0.0149410479430371,42.18999862670898,0.0117505480768482,0.1,0.0128106984955238,5.05145124716222e-05,0.0148905334305654,-1.06,116.8736,-0.010000000000000009,-0.007723505794115182
2020-08-06,2051.5,0.0100438307612984,41.95000076293945,-0.0056885013411116,0.1,0.0128106984955238,5.05145124716222e-05,0.0099933162488267,-1.08,117.0422,-0.020000000000000018,0.0014425841250718108
2020-08-07,2010.0999755859373,-0.0201803677377833,41.220001220703125,-0.017401657424551,0.1,0.0128106984955238,5.05145124716222e-05,-0.0202308822502549,-1.04,117.6239,0.040000000000000036,0.004970002272684626
2020-08-10,2024.4000244140625,0.0071140983044668,41.93999862670898,0.0174671854605437,0.1,0.0128106984955238,5.05145124716222e-05,0.0070635837919951,-1.02,117.5821,0.020000000000000018,-0.00035536995457563503
2020-08-11,1932.5999755859373,-0.0453467929860825,41.61000061035156,-0.0078683363653537,0.1,0.0128106984955238,5.05145124716222e-05,-0.0453973074985541,-0.99,117.3781,0.030000000000000027,-0.001734957957035932
2020-08-12,1934.9000244140625,0.0011901318727005,42.66999816894531,0.0254745864706873,0.1,0.0128106984955238,5.05145124716222e-05,0.0011396173602288,-0.98,117.2559,0.010000000000000009,-0.0010410800651911023
2020-08-13,1956.699951171875,0.0112666941354833,42.2400016784668,-0.0100772558924425,0.1,0.0128106984955238,5.05145124716222e-05,0.0112161796230116,-0.96,117.1193,0.020000000000000018,-0.0011649733616816427
2020-08-14,1937.0,-0.0100679468817264,42.0099983215332,-0.0054451550140643,0.1,0.0128106984955238,5.05145124716222e-05,-0.010118461394198,-0.94,116.9395,0.020000000000000018,-0.0015351867710957645
2020-08-17,1985.0,0.0247805885389778,42.88999938964844,0.0209474197399377,0.1,0.0128106984955238,5.05145124716222e-05,0.0247300740265061,-0.97,116.749,-0.030000000000000027,-0.001629047498920344
2020-08-18,1999.4000244140625,0.0072544203597291,42.88999938964844,0.0,0.09,0.0128106984955238,5.05145124716222e-05,0.0072039058472574,-1.01,116.5593,-0.040000000000000036,-0.001624853317801489
2020-08-19,1958.699951171875,-0.0203561432155703,42.93000030517578,0.0009326396851616,0.09,0.0128106984955238,5.05145124716222e-05,-0.0204066577280419,-0.99,116.567,0.020000000000000018,6.606079480575566e-05
2020-08-20,1933.800048828125,-0.0127124638609668,42.58000183105469,-0.0081527712935725,0.09,0.0128106984955238,5.05145124716222e-05,-0.0127629783734384,-0.97,116.8126,0.020000000000000018,0.0021069427882678404
2020-08-21,1934.5999755859373,0.000413655361265,42.34000015258789,-0.005636488213858,0.09,0.0128106984955238,5.05145124716222e-05,0.0003631408487933,-1.0,117.0572,-0.030000000000000027,0.002093952193513271
2020-08-24,1927.699951171875,-0.0035666414251724,42.619998931884766,0.0066131029354699,0.09,0.0128106984955238,5.05145124716222e-05,-0.003617155937644,-1.02,116.912,-0.020000000000000018,-0.0012404192138543157
2020-08-25,1911.800048828125,-0.0082481209454221,43.34999847412109,0.0171280985577455,0.09,0.0128106984955238,5.05145124716222e-05,-0.0082986354578937,-1.01,116.8206,0.010000000000000009,-0.0007817845901191278
2020-08-26,1940.699951171875,0.015116592533547,43.38999938964844,0.0009227431818994,0.09,0.0128106984955238,5.05145124716222e-05,0.0150660780210753,-1.03,116.6243,-0.020000000000000018,-0.0016803543210700544
2020-08-27,1921.5999755859373,-0.0098417973239006,43.040000915527344,-0.0080663396875869,0.08,0.0128106984955238,5.05145124716222e-05,-0.0098923118363722,-0.99,116.649,0.040000000000000036,0.00021179119617431574
2020-08-28,1964.5999755859373,0.0223771859629049,42.970001220703125,-0.0016263869269335,0.09,0.0128106984955238,5.05145124716222e-05,0.0223266714504332,-1.03,115.9374,-0.040000000000000036,-0.006100352339068471
2020-08-31,1967.5999755859373,0.0015270284217046,42.61000061035156,-0.0083779520624754,0.09,0.0128106984955238,5.05145124716222e-05,0.0014765139092329,-1.08,115.7586,-0.050000000000000044,-0.001542211572796992
2020-09-01,1968.199951171875,0.000304927624203,42.7599983215332,0.0035202466330217,0.09,0.0139102289123738,5.482042958981914e-05,0.0002501071946131,-1.08,115.5687,0.0,-0.0016404828669316363
2020-09-02,1934.4000244140625,-0.0171730147324147,41.5099983215332,-0.0292329291175514,0.09,0.0139102289123738,5.482042958981914e-05,-0.0172278351620045,-1.07,116.0304,0.010000000000000009,0.003995026334985052
2020-09-03,1927.5999755859373,-0.0035153271000318,41.369998931884766,-0.0033726667142699,0.09,0.0139102289123738,5.482042958981914e-05,-0.0035701475296216,-1.02,116.0685,0.050000000000000044,0.00032836222231424905
2020-09-04,1923.9000244140625,-0.0019194600636733,39.77000045776367,-0.0386753327394442,0.09,0.0139102289123738,5.482042958981914e-05,-0.0019742804932631,-0.98,116.0347,0.040000000000000036,-0.00029120734738541376
2020-09-08,1933.0,0.0047299628205519,36.7599983215332,-0.0756852426850519,0.09,0.0139102289123738,5.482042958981914e-05,0.004675142390962,-0.99,116.4618,-0.010000000000000009,0.0036807954861777237
2020-09-09,1944.699951171875,0.0060527424582901,38.04999923706055,0.0350925183468164,0.09,0.0139102289123738,5.482042958981914e-05,0.0059979220287002,-1.0,116.1291,-0.010000000000000009,-0.0028567307048319446
2020-09-10,1954.199951171875,0.0048850723703033,37.29999923706055,-0.0197109070969311,0.09,0.0139102289123738,5.482042958981914e-05,0.0048302519407134,-1.01,115.8806,-0.010000000000000009,-0.0021398598628594723
2020-09-11,1937.800048828125,-0.0083921311808013,37.33000183105469,0.0008043591047672,0.09,0.0139102289123738,5.482042958981914e-05,-0.0084469516103911,-0.98,116.0866,0.030000000000000027,0.0017776918655927343
2020-09-14,1953.0999755859373,0.0078955136610019,37.2599983215332,-0.0018752613471143,0.09,0.0139102289123738,5.482042958981914e-05,0.007840693231412,-0.97,115.6428,0.010000000000000009,-0.003823007995754968
2020-09-15,1956.300048828125,0.0016384584927493,38.27999877929688,0.0273752148070869,0.09,0.0139102289123738,5.482042958981914e-05,0.0015836380631594,-0.99,115.5908,-0.020000000000000018,-0.00044966050631767285
2020-09-16,1960.199951171875,0.0019935093014418,40.15999984741211,0.0491118372013115,0.09,0.0139102289123738,5.482042958981914e-05,0.0019386888718519,-0.99,115.3537,0.0,-0.002051201306678352
2020-09-17,1940.0,-0.0103050462580609,40.970001220703125,0.0201693569812901,0.09,0.0139102289123738,5.482042958981914e-05,-0.0103598666876507,-0.97,115.4392,0.020000000000000018,0.0007411985918093222
2020-09-18,1952.0999755859373,0.0062371008174935,41.11000061035156,0.0034171194893128,0.09,0.0139102289123738,5.482042958981914e-05,0.0061822803879036,-0.97,115.2395,0.0,-0.0017299149682256099
2020-09-21,1901.199951171875,-0.0260744967218108,39.310001373291016,-0.0437849479527203,0.09,0.0139102289123738,5.482042958981914e-05,-0.0261293171514006,-0.94,116.378,0.030000000000000027,0.009879425023537891
2020-09-22,1898.5999755859373,-0.0013675445259373,39.59999847412109,0.0073771836860609,0.09,0.0139102289123738,5.482042958981914e-05,-0.0014223649555271,-0.94,116.5438,0.0,0.0014246678925571299
2020-09-23,1859.9000244140625,-0.0203834149739371,39.93000030517578,0.0083333798931923,0.09,0.0139102289123738,5.482042958981914e-05,-0.0204382354035269,-0.92,117.2526,0.019999999999999907,0.00608183361105441
2020-09-24,1868.300048828125,0.0045163849152101,40.310001373291016,0.0095166808217124,0.09,0.0139102289123738,5.482042958981914e-05,0.0044615644856202,-0.91,117.5473,0.010000000000000009,0.0025133771020855455
2020-09-25,1857.699951171875,-0.0056736591442573,40.25,-0.001488498418429,0.09,0.0139102289123738,5.482042958981914e-05,-0.0057284795738471,-0.92,117.8679,-0.010000000000000009,0.00272741270960708
2020-09-28,1872.800048828125,0.0081283835135617,40.59999847412109,0.0086956142638781,0.09,0.0139102289123738,5.482042958981914e-05,0.0080735630839718,-0.94,117.6178,-0.019999999999999907,-0.0021218669374782895
2020-09-29,1894.300048828125,0.0114801363944074,39.290000915527344,-0.0322659509317163,0.09,0.0139102289123738,5.482042958981914e-05,0.0114253159648175,-0.98,117.526,-0.040000000000000036,-0.0007804941088849215
2020-09-30,1887.5,-0.0035897422017867,40.220001220703125,0.0236701522907891,0.09,0.0139102289123738,5.482042958981914e-05,-0.0036445626313765,-0.94,116.946,0.040000000000000036,-0.004935078195463127
2020-10-01,1908.4000244140625,0.0110728606167218,38.720001220703125,-0.0372948770381409,0.09,0.0123038634286716,4.852810642330674e-05,0.0110243325102984,-0.95,116.7227,-0.010000000000000009,-0.001909428283139225
2020-10-02,1900.199951171875,-0.0042968314490067,37.04999923706055,-0.0431302151599533,0.09,0.0123038634286716,4.852810642330674e-05,-0.00434535955543,-0.94,116.7321,0.010000000000000009,8.053274984209935e-05
2020-10-05,1912.5,0.0064730287044474,39.220001220703125,0.0585695554204481,0.09,0.0123038634286716,4.852810642330674e-05,0.006424500598024,-0.9,116.1767,0.039999999999999925,-0.0047579029247311055
2020-10-06,1901.0999755859373,-0.0059607970792483,40.66999816894531,0.0369708542353837,0.09,0.0123038634286716,4.852810642330674e-05,-0.0060093251856716,-0.9,116.2681,0.0,0.0007867326236672412
2020-10-07,1883.5999755859373,-0.0092051971094294,39.95000076293945,-0.0177034039444741,0.09,0.0123038634286716,4.852810642330674e-05,-0.0092537252158527,-0.9,116.3447,0.0,0.000658822153281946
2020-10-08,1888.5999755859373,0.0026544914338537,41.18999862670898,0.0310387444327622,0.09,0.0123038634286716,4.852810642330674e-05,0.0026059633274303,-0.94,116.1657,-0.039999999999999925,-0.00153853162198192
2020-10-09,1919.5,0.0163613389884089,40.59999847412109,-0.0143238691978327,0.09,0.0123038634286716,4.852810642330674e-05,0.0163128108819855,-0.94,115.2757,0.0,-0.007661469779805974
2020-10-12,1922.5,0.001562907007033,39.43000030517578,-0.0288176899733403,0.09,0.0123038634286716,4.852810642330674e-05,0.0015143789006096,-0.94,115.2757,0.0,0.0
2020-10-13,1888.5,-0.0176853055916774,40.20000076293945,0.0195282894193282,0.09,0.0123038634286716,4.852810642330674e-05,-0.0177338336981007,-0.96,115.9107,-0.020000000000000018,0.005508533021269857
2020-10-14,1901.300048828125,0.0067778918867487,41.040000915527344,0.0208955257872107,0.09,0.0123038634286716,4.852810642330674e-05,0.0067293637803253,-0.96,115.6872,0.0,-0.00192820852604636
2020-10-15,1903.199951171875,0.0009992648687517,40.959999084472656,-0.0019493623116469,0.09,0.0123038634286716,4.852810642330674e-05,0.0009507367623283,-0.95,116.0964,0.010000000000000009,0.0035371242453789975
2020-10-16,1900.800048828125,-0.001260982768664,40.880001068115234,-0.0019530766148807,0.09,0.0123038634286716,4.852810642330674e-05,-0.0013095108750873,-0.95,115.7679,0.0,-0.002829545102173703
2020-10-19,1906.4000244140625,0.002946115026349,40.83000183105469,-0.0012230732816576,0.09,0.0123038634286716,4.852810642330674e-05,0.0028975869199256,-0.93,115.4031,0.019999999999999907,-0.003151132567836168
2020-10-20,1910.4000244140625,0.0020981955249552,41.459999084472656,0.0154297630459276,0.09,0.0123038634286716,4.852810642330674e-05,0.0020496674185318,-0.91,115.2485,0.020000000000000018,-0.0013396520544074475
2020-10-21,1924.5999755859373,0.0074329726708572,40.02999877929688,-0.0344910838580152,0.09,0.0123038634286716,4.852810642330674e-05,0.0073844445644338,-0.91,114.9108,0.0,-0.002930189980780762
2020-10-22,1901.0999755859373,-0.0122103295739913,40.63999938964844,0.0152385867837461,0.09,0.0123038634286716,4.852810642330674e-05,-0.0122588576804146,-0.89,115.1158,0.020000000000000018,0.0017839924532767615
2020-10-23,1902.0,0.0004734229791283,39.84999847412109,-0.019438999197637,0.09,0.0123038634286716,4.852810642330674e-05,0.0004248948727049,-0.9,115.0126,-0.010000000000000009,-0.0008964885793261157
2020-10-26,1902.699951171875,0.0003680079768006,38.560001373291016,-0.0323713212101579,0.09,0.0123038634286716,4.852810642330674e-05,0.0003194798703772,-0.91,115.2797,-0.010000000000000009,0.002322354246404368
2020-10-27,1908.800048828125,0.0032060218703915,39.56999969482422,0.0261929015965436,0.09,0.0123038634286716,4.852810642330674e-05,0.0031574937639681,-0.92,115.0131,-0.010000000000000009,-0.002312636136284296
2020-10-28,1876.199951171875,-0.0170788436831108,37.38999938964844,-0.0550922497343594,0.09,0.0123038634286716,4.852810642330674e-05,-0.0171273717895341,-0.91,115.8023,0.010000000000000009,0.006861827044049917
2020-10-29,1865.5999755859373,-0.0056497046486525,36.16999816894531,-0.0326290783797361,0.09,0.0123038634286716,4.852810642330674e-05,-0.0056982327550758,-0.86,116.3069,0.050000000000000044,0.004357426406902176
2020-10-30,1877.4000244140625,0.0063250691372993,35.790000915527344,-0.0105058687490956,0.09,0.0123038634286716,4.852810642330674e-05,0.0062765410308759,-0.82,116.1354,0.040000000000000036,-0.0014745470819014228
2020-11-02,1890.4000244140625,0.0069244699216712,36.810001373291016,0.0284995929497489,0.09,0.0117574521384058,4.63854818819609e-05,0.0068780844397892,-0.84,116.2361,-0.020000000000000018,0.0008670913433801442
2020-11-03,1908.5,0.0095746801482123,37.65999984741211,0.0230915088945866,0.09,0.0117574521384058,4.63854818819609e-05,0.0095282946663303,-0.82,115.4802,0.020000000000000018,-0.006503143171527559
2020-11-04,1894.5999755859373,-0.0072832194991158,39.150001525878906,0.0395645694238946,0.09,0.0117574521384058,4.63854818819609e-05,-0.0073296049809977,-0.86,115.1677,-0.040000000000000036,-0.002706091607046046
2020-11-05,1945.300048828125,0.0267603050224403,38.790000915527344,-0.0091954175305356,0.09,0.0117574521384058,4.63854818819609e-05,0.0267139195405583,-0.87,114.4556,-0.010000000000000009,-0.006183157256765548
2020-11-06,1950.300048828125,0.0025702975759509,37.13999938964844,-0.0425367746051901,0.09,0.0117574521384058,4.63854818819609e-05,0.0025239120940689,-0.82,113.9919,0.050000000000000044,-0.004051352664264596
2020-11-09,1853.199951171875,-0.0497872610497007,40.290000915527344,0.0848142589565272,0.09,0.0117574521384058,4.63854818819609e-05,-0.0498336465315826,-0.77,114.0895,0.04999999999999993,0.0008562011862245367
2020-11-10,1875.4000244140625,0.0119793189224666,41.36000061035156,0.0265574502484524,0.09,0.0117574521384058,4.63854818819609e-05,0.0119329334405846,-0.78,114.0757,-0.010000000000000009,-0.00012095766919828499
2020-11-11,1860.699951171875,-0.0078383667755258,41.45000076293945,0.0021760191310384,0.09,0.0117574521384058,4.63854818819609e-05,-0.0078847522574077,-0.78,114.0757,0.0,0.0
2020-11-12,1872.5999755859373,0.0063954558641052,41.119998931884766,-0.0079614433047187,0.09,0.0117574521384058,4.63854818819609e-05,0.0063490703822232,-0.83,114.2843,-0.04999999999999993,0.0018286103000024756
2020-11-13,1885.699951171875,0.0069956081153095,40.130001068115234,-0.0240758241606343,0.09,0.0117574521384058,4.63854818819609e-05,0.0069492226334275,-0.83,114.2397,0.0,-0.00039025482940358014
2020-11-16,1887.300048828125,0.0008485430862188,41.34000015258789,0.0301519823639886,0.09,0.0117574521384058,4.63854818819609e-05,0.0008021576043368,-0.81,113.8312,0.019999999999999907,-0.0035758147123986506
2020-11-17,1884.5,-0.0014836267449171,41.43000030517578,0.0021770718978155,0.09,0.0117574521384058,4.63854818819609e-05,-0.001530012226799,-0.83,113.682,-0.019999999999999907,-0.0013107127044253986
2020-11-18,1873.5,-0.0058370920668612,41.81999969482422,0.0094134536996302,0.09,0.0117574521384058,4.63854818819609e-05,-0.0058834775487431,-0.82,113.46,0.010000000000000009,-0.001952815749195147
2020-11-19,1861.0999755859373,-0.0066186412671803,41.7400016784668,-0.0019129128871639,0.08,0.0117574521384058,4.63854818819609e-05,-0.0066650267490622,-0.84,113.694,-0.020000000000000018,0.0020624008461131993
2020-11-20,1872.5999755859373,0.0061791414490666,42.150001525878906,0.0098227079761623,0.08,0.0117574521384058,4.63854818819609e-05,0.0061327559671846,-0.86,113.489,-0.020000000000000018,-0.0018030854750470393
2020-11-23,1837.800048828125,-0.0185837483773989,43.060001373291016,0.0215895566896573,0.08,0.0117574521384058,4.63854818819609e-05,-0.0186301338592808,-0.85,113.7548,0.010000000000000009,0.0023420772057203276
2020-11-24,1804.800048828125,-0.0179562515634073,44.90999984741211,0.0429632702071534,0.08,0.0117574521384058,4.63854818819609e-05,-0.0180026370452892,-0.86,113.4316,-0.010000000000000009,-0.002841198788974153
2020-11-25,1805.699951171875,0.000498616090095,45.709999084472656,0.0178133876592887,0.08,0.0117574521384058,4.63854818819609e-05,0.000452230608213,-0.87,113.1823,-0.010000000000000009,-0.0021978002602449642
2020-11-27,1781.9000244140625,-0.0131804438175715,45.52999877929688,-0.0039378759304531,0.08,0.0117574521384058,4.63854818819609e-05,-0.0132268292994534,-0.91,113.1823,-0.040000000000000036,0.0
2020-11-30,1775.699951171875,-0.003479473122644,45.34000015258789,-0.0041730426488695,0.09,0.0117574521384058,4.63854818819609e-05,-0.0035258586045259,-0.93,113.2256,-0.020000000000000018,0.00038256865251895533
2020-12-01,1814.0999755859373,0.0216252888832486,44.54999923706055,-0.0174239283826348,0.09,0.0132041913157794,5.205602093116824e-05,0.0215732328623174,-0.89,112.8063,0.040000000000000036,-0.0037032261255405263
2020-12-02,1825.699951171875,0.0063943419558178,45.27999877929688,0.01638607305809,0.09,0.0132041913157794,5.205602093116824e-05,0.0063422859348866,-0.9,112.6115,-0.010000000000000009,-0.0017268539079819956
2020-12-03,1836.800048828125,0.0060799134321742,45.63999938964844,0.00795054372917,0.09,0.0132041913157794,5.205602093116824e-05,0.006027857411243,-0.94,112.0236,-0.039999999999999925,-0.005220603579563443
2020-12-04,1835.9000244140625,-0.0004899958569996,46.2599983215332,0.013584551712886,0.09,0.0132041913157794,5.205602093116824e-05,-0.0005420518779307,-0.92,111.7778,0.019999999999999907,-0.002194180511963628
2020-12-07,1861.800048828125,0.0141075353067379,45.7599983215332,-0.0108084742356606,0.09,0.0132041913157794,5.205602093116824e-05,0.0140554792858067,-0.94,111.8385,-0.019999999999999907,0.0005430416415423966
2020-12-08,1870.800048828125,0.0048340314555608,45.59999847412109,-0.0034965002902287,0.09,0.0132041913157794,5.205602093116824e-05,0.0047819754346296,-0.97,111.8639,-0.030000000000000027,0.00022711320341395336
2020-12-09,1834.5999755859373,-0.0193500493357712,45.52000045776367,-0.0017543425226828,0.09,0.0132041913157794,5.205602093116824e-05,-0.0194021053567023,-0.96,112.0305,0.010000000000000009,0.001489309777327641
2020-12-10,1833.5999755859373,-0.0005450779533999,46.77999877929688,0.0276801034460074,0.09,0.0132041913157794,5.205602093116824e-05,-0.000597133974331,-0.96,111.9788,0.0,-0.0004614814715635518
2020-12-11,1839.800048828125,0.0033813663420267,46.56999969482422,-0.0044890784513144,0.09,0.0132041913157794,5.205602093116824e-05,0.0033293103210955,-0.97,112.1417,-0.010000000000000009,0.001454739647147374
2020-12-14,1828.699951171875,-0.0060333174049649,46.9900016784668,0.0090187242086079,0.09,0.0132041913157794,5.205602093116824e-05,-0.006085373425896,-0.98,112.1708,-0.010000000000000009,0.00025949312343231945
2020-12-15,1852.300048828125,0.0129053963396927,47.619998931884766,0.0134070489660498,0.09,0.0132041913157794,5.205602093116824e-05,0.0128533403187615,-0.99,111.8601,-0.010000000000000009,-0.00276988307117354
2020-12-16,1856.0999755859373,0.0020514639408537,47.81999969482422,0.0041999321172923,0.09,0.0132041913157794,5.205602093116824e-05,0.0019994079199225,-1.0,111.7157,-0.010000000000000009,-0.0012908981844286238
2020-12-17,1887.199951171875,0.0167555498060494,48.36000061035156,0.011292365515966,0.09,0.0132041913157794,5.205602093116824e-05,0.0167034937851182,-1.0,111.2226,0.0,-0.004413882739847663
2020-12-18,1885.699951171875,-0.0007948283376483,49.09999847412109,0.0153018580320516,0.09,0.0132041913157794,5.205602093116824e-05,-0.0008468843585794,-1.0,111.6071,0.0,0.0034570312148789473
2020-12-21,1879.199951171875,-0.0034469958998304,47.7400016784668,-0.0276985099372478,0.09,0.0132041913157794,5.205602093116824e-05,-0.0034990519207615,-1.0,111.9415,0.0,0.0029962251505504245
2020-12-22,1866.5999755859373,-0.0067049680253983,47.02000045776367,-0.015081717540615,0.09,0.0132041913157794,5.205602093116824e-05,-0.0067570240463294,-1.01,112.1947,-0.010000000000000009,0.0022618957223192737
2020-12-23,1874.699951171875,0.0043394276716386,48.119998931884766,0.0233942676182909,0.09,0.0132041913157794,5.205602093116824e-05,0.0042873716507074,-1.01,111.9807,0.0,-0.0019073984778247288
2020-12-24,1879.9000244140625,0.0027738162786727,48.22999954223633,0.0022859645218877,0.09,0.0132041913157794,5.205602093116824e-05,0.0027217602577415,-1.03,111.9807,-0.020000000000000018,0.0
2020-12-28,1877.199951171875,-0.001436285550892,47.619998931884766,-0.0126477424039236,0.09,0.0132041913157794,5.205602093116824e-05,-0.0014883415718231,-1.03,111.9752,0.0,-4.91156065286491e-05
2020-12-29,1879.699951171875,0.0013317707569933,48.0,0.0079798630121512,0.09,0.0132041913157794,5.205602093116824e-05,0.0012797147360621,-1.02,111.5172,0.010000000000000009,-0.004090191399524157
2020-12-30,1891.0,0.0060116237280742,48.400001525878906,0.0083333651224772,0.09,0.0132041913157794,5.205602093116824e-05,0.005959567707143,-1.03,111.3084,-0.010000000000000009,-0.0018723569099654558
2020-12-31,1893.0999755859373,0.00111051062186,48.52000045776367,0.0024793166963146,0.09,0.0132041913157794,5.205602093116824e-05,0.0010584546009288,-1.06,111.3169,-0.030000000000000027,7.636440735825367e-05
2021-01-04,1944.699951171875,0.0272568677044997,47.619998931884766,-0.0185490832107957,0.09,0.0137384371370024,5.414797528335846e-05,0.0272027197292163,-1.08,111.2075,-0.020000000000000018,-0.0009827797935444416
2021-01-05,1952.699951171875,0.0041137451539396,49.93000030517578,0.0485090597459949,0.09,0.0137384371370024,5.414797528335846e-05,0.0040595971786562,-1.07,110.9574,0.010000000000000009,-0.002248949036710579
2021-01-06,1906.9000244140625,-0.0234546668218671,50.630001068115234,0.0140196426729621,0.09,0.0137384371370024,5.414797528335846e-05,-0.0235088147971504,-1.02,110.8502,0.050000000000000044,-0.0009661365533079058
2021-01-07,1912.300048828125,0.0028318340473678,50.83000183105469,0.0039502421236448,0.09,0.0137384371370024,5.414797528335846e-05,0.0027776860720844,-1.01,111.3042,0.010000000000000009,0.004095617328611079
2021-01-08,1834.0999755859373,-0.0408932025547503,52.2400016784668,0.0277395199020171,0.09,0.0137384371370024,5.414797528335846e-05,-0.0409473505300336,-0.93,111.2847,0.07999999999999996,-0.0001751955451815279
2021-01-11,1849.5999755859373,0.0084510115077278,52.25,0.0001913920599532,0.09,0.0137384371370024,5.414797528335846e-05,0.0083968635324444,-0.91,111.8257,0.020000000000000018,0.004861405026926446
2021-01-12,1842.9000244140625,-0.0036223784928157,53.209999084472656,0.0183731882195723,0.09,0.0137384371370024,5.414797528335846e-05,-0.003676526468099,-0.93,111.5501,-0.020000000000000018,-0.0024645497412491
2021-01-13,1853.5999755859373,0.0058060399534027,52.90999984741211,-0.0056380237215243,0.09,0.0137384371370024,5.414797528335846e-05,0.0057518919781193,-0.96,111.3622,-0.029999999999999916,-0.001684444926539741
2021-01-14,1850.300048828125,-0.0017802798884745,53.56999969482422,0.0124740096260724,0.09,0.0137384371370024,5.414797528335846e-05,-0.0018344278637578,-0.94,111.1567,0.020000000000000018,-0.0018453299234389986
2021-01-15,1829.300048828125,-0.0113495105906202,52.36000061035156,-0.0225872520322146,0.09,0.0137384371370024,5.414797528335846e-05,-0.0114036585659035,-0.99,111.5106,-0.050000000000000044,0.0031837936894492103
2021-01-19,1839.5,0.0055758765099303,52.97999954223633,0.0118410795389141,0.09,0.0137384371370024,5.414797528335846e-05,0.0055217285346469,-1.0,111.4527,-0.010000000000000009,-0.0005192331491356006
2021-01-20,1865.9000244140625,0.0143517392846221,53.2400016784668,0.0049075526326343,0.09,0.0137384371370024,5.414797528335846e-05,0.0142975913093387,-1.02,111.4527,-0.020000000000000018,0.0
2021-01-21,1865.300048828125,-0.0003215475524342,53.130001068115234,-0.0020661271014957,0.08,0.0137384371370024,5.414797528335846e-05,-0.0003756955277175,-0.98,111.1973,0.040000000000000036,-0.0022915550722413247
2021-01-22,1855.699951171875,-0.0051466774271953,52.27000045776367,-0.0161867230013603,0.08,0.0137384371370024,5.414797528335846e-05,-0.0052008254024786,-0.99,111.5516,-0.010000000000000009,0.0031862284425969722
2021-01-25,1854.9000244140625,-0.0004310647081212,52.77000045776367,0.0095657163883904,0.08,0.0137384371370024,5.414797528335846e-05,-0.0004852126834045,-1.03,111.8676,-0.040000000000000036,0.0028327697675336605
2021-01-26,1850.699951171875,-0.002264312462616,52.61000061035156,-0.0030320228543521,0.08,0.0137384371370024,5.414797528335846e-05,-0.0023184604378993,-1.03,111.6572,0.0,-0.001880794796705998
2021-01-27,1844.9000244140625,-0.0031339098237614,52.84999847412109,0.0045618297088996,0.08,0.0137384371370024,5.414797528335846e-05,-0.0031880577990447,-1.04,112.0782,-0.010000000000000009,0.0037704688994528723
2021-01-28,1837.9000244140625,-0.0037942435402282,52.34000015258789,-0.0096499212158527,0.07,0.0137384371370024,5.414797528335846e-05,-0.0038483915155115,-1.06,112.0059,-0.020000000000000018,-0.0006450853065091966
2021-01-29,1847.300048828125,0.0051145461065322,52.20000076293945,-0.0026748068253782,0.07,0.0137384371370024,5.414797528335846e-05,0.0050603981312488,-1.02,111.9511,0.040000000000000036,-0.0004892599407709808
2021-02-01,1860.800048828125,0.0073079627798224,53.54999923706055,0.0258620393561288,0.08,0.0166981677917068,6.571758067197564e-05,0.0072422451991504,-1.02,112.4189,0.0,0.00417861012531362
2021-02-02,1830.5,-0.016283344815692,54.7599983215332,0.0225956881738897,0.08,0.0166981677917068,6.571758067197564e-05,-0.0163490623963639,-1.03,112.2862,-0.010000000000000009,-0.0011804064974839656
2021-02-03,1832.199951171875,0.0009286813285305,55.68999862670898,0.0169832055091585,0.08,0.0166981677917068,6.571758067197564e-05,0.0008629637478585,-1.04,112.2567,-0.010000000000000009,-0.00026272150985606757
2021-02-04,1788.9000244140625,-0.023632751834819,56.22999954223633,0.0096965510656048,0.08,0.0166981677917068,6.571758067197564e-05,-0.0236984694154909,-1.02,112.7469,0.020000000000000018,0.004366777216860962
2021-02-05,1810.9000244140625,0.0122980600926572,56.84999847412109,0.0110261237227835,0.08,0.0166981677917068,6.571758067197564e-05,0.0122323425119852,-1.02,112.2379,0.0,-0.004514536541581182
2021-02-08,1831.9000244140625,0.0115964436009077,57.970001220703125,0.0197010162997959,0.07,0.0166981677917068,6.571758067197564e-05,0.0115307260202357,-1.03,112.0428,-0.010000000000000009,-0.0017382720097222082
2021-02-09,1835.300048828125,0.0018560098088049,58.36000061035156,0.0067276070628949,0.08,0.0166981677917068,6.571758067197564e-05,0.0017902922281329,-1.04,111.7675,-0.010000000000000009,-0.0024570967523125375
2021-02-10,1840.5999755859373,0.0028877712727117,58.68000030517578,0.0054832023899509,0.08,0.0166981677917068,6.571758067197564e-05,0.0028220536920397,-1.06,111.5834,-0.020000000000000018,-0.0016471693470820892
2021-02-11,1824.9000244140625,-0.0085298008150179,58.2400016784668,-0.0074982723998072,0.08,0.0166981677917068,6.571758067197564e-05,-0.0085955183956898,-1.04,111.5272,0.020000000000000018,-0.0005036591464322449
2021-02-12,1821.5999755859373,-0.001808344996425,59.470001220703125,0.0211194970258921,0.08,0.0166981677917068,6.571758067197564e-05,-0.0018740625770969,-1.01,111.4889,0.030000000000000027,-0.00034341398331516615
2021-02-16,1797.199951171875,-0.0133948313247062,60.04999923706055,0.0097527829906198,0.08,0.0166981677917068,6.571758067197564e-05,-0.0134605489053781,-0.94,111.7879,0.07000000000000006,0.0026818813352718074
2021-02-17,1771.0999755859375,-0.0145225775067036,61.13999938964844,0.0181515431546448,0.08,0.0166981677917068,6.571758067197564e-05,-0.0145882950873755,-0.92,112.0204,0.019999999999999907,0.002079831538118082
2021-02-18,1773.4000244140625,0.0012986555585965,60.52000045776367,-0.0101406434097828,0.07,0.0166981677917068,6.571758067197564e-05,0.0012329379779245,-0.87,112.1603,0.050000000000000044,0.0012488796683463033
2021-02-19,1775.800048828125,0.0013533463296615,59.2400016784668,-0.021150012716708,0.07,0.0166981677917068,6.571758067197564e-05,0.0012876287489895,-0.8,111.7058,0.06999999999999995,-0.004052235951580108
2021-02-22,1806.699951171875,0.0174005527053235,61.4900016784668,0.037981092779372,0.07,0.0166981677917068,6.571758067197564e-05,0.0173348351246515,-0.79,111.918,0.010000000000000009,0.001899632785405947
2021-02-23,1804.4000244140625,-0.0012729987380144,61.66999816894531,0.0029272480983124,0.07,0.0166981677917068,6.571758067197564e-05,-0.0013387163186863,-0.79,111.8981,0.0,-0.00017780875283690545
2021-02-24,1796.4000244140625,-0.0044336066790942,63.220001220703125,0.0251338267841612,0.07,0.0166981677917068,6.571758067197564e-05,-0.0044993242597661,-0.79,111.7212,0.0,-0.001580902624798819
2021-02-25,1774.4000244140625,-0.0122467154870896,63.52999877929688,0.0049034728346735,0.07,0.0166981677917068,6.571758067197564e-05,-0.0123124330677615,-0.6,111.9253,0.19000000000000006,0.0018268690275435873
2021-02-26,1728.0999755859375,-0.0260933544809964,61.5,-0.0319533892381942,0.07,0.0166981677917068,6.571758067197564e-05,-0.0261590720616683,-0.71,112.8306,-0.10999999999999999,0.008088430408495828
2021-03-01,1722.5,-0.0032405391268168,60.63999938964844,-0.013983749761814,0.07,0.0266781878206419,0.0001044837523234,-0.0033450228791402,-0.71,112.5263,0.0,-0.0026969634124076602
2021-03-02,1733.0999755859375,0.006153831980225,59.75,-0.0146767710851983,0.07,0.0266781878206419,0.0001044837523234,0.0060493482279015,-0.78,112.5342,-0.07000000000000006,7.020580966399237e-05
2021-03-03,1715.300048828125,-0.010270571235681,61.27999877929688,0.0256066741304916,0.07,0.0266781878206419,0.0001044837523234,-0.0103750549880044,-0.74,112.7617,0.040000000000000036,0.002021607653495572
2021-03-04,1700.199951171875,-0.0088031814996835,63.83000183105469,0.0416123221696165,0.07,0.0266781878206419,0.0001044837523234,-0.0089076652520069,-0.66,112.7037,0.07999999999999996,-0.0005143590421216038
2021-03-05,1698.0,-0.0012939367339462,66.08999633789062,0.0354064615698694,0.07,0.0266781878206419,0.0001044837523234,-0.0013984204862696,-0.66,113.7487,0.0,0.009272100206115796
2021-03-08,1677.699951171875,-0.0119552702167992,65.05000305175781,-0.0157360167008598,0.07,0.0266781878206419,0.0001044837523234,-0.0120597539691226,-0.62,114.2678,0.040000000000000036,0.004563568638586535
2021-03-09,1716.5999755859375,0.0231865205616121,64.01000213623047,-0.0159877150920324,0.07,0.0266781878206419,0.0001044837523234,0.0230820368092886,-0.66,113.928,-0.040000000000000036,-0.002973716130003301
2021-03-10,1721.5,0.0028544940485566,64.44000244140625,0.0067177049027529,0.07,0.0266781878206419,0.0001044837523234,0.0027500102962331,-0.73,113.5881,-0.06999999999999995,-0.002983463239941031
2021-03-11,1722.300048828125,0.0004647393715508,66.0199966430664,0.0245188414307837,0.07,0.0266781878206419,0.0001044837523234,0.0003602556192273,-0.74,112.9214,-0.010000000000000009,-0.005869452874024628
2021-03-12,1719.5,-0.0016257613358544,65.61000061035156,-0.0062101795450166,0.07,0.0266781878206419,0.0001044837523234,-0.0017302450881778,-0.62,113.0269,0.12,0.000934278179335335
2021-03-15,1728.9000244140625,0.005466719635977,65.38999938964844,-0.0033531659603187,0.07,0.0266781878206419,0.0001044837523234,0.0053622358836535,-0.65,113.1928,-0.030000000000000027,0.0014677921804455707
2021-03-16,1730.5999755859375,0.000983255912933,64.80000305175781,-0.0090227304388692,0.07,0.0266781878206419,0.0001044837523234,0.0008787721606095,-0.68,112.9839,-0.030000000000000027,-0.0018455237435596183
2021-03-17,1726.800048828125,-0.0021957279622206,64.5999984741211,-0.00308649025027,0.07,0.0266781878206419,0.0001044837523234,-0.002300211714544,-0.67,113.1589,0.010000000000000009,0.0015488932493921137
2021-03-18,1732.199951171875,0.003127115005246,60.0,-0.0712074084020893,0.07,0.0266781878206419,0.0001044837523234,0.0030226312529225,-0.56,112.7744,0.10999999999999999,-0.0033978767909550456
2021-03-19,1741.4000244140625,0.0053112074249646,61.41999816894531,0.0236666361490884,0.07,0.0266781878206419,0.0001044837523234,0.0052067236726411,-0.57,112.9756,-0.009999999999999898,0.0017840928437660164
2021-03-22,1737.800048828125,-0.0020672881218942,61.54999923706055,0.0021165918591798,0.07,0.0266781878206419,0.0001044837523234,-0.0021717718742176,-0.64,113.0023,-0.07000000000000006,0.00023633421729996051
2021-03-23,1724.699951171875,-0.007538322757606,57.7599983215332,-0.0615759701463213,0.07,0.0266781878206419,0.0001044837523234,-0.0076428065099294,-0.66,113.2916,-0.020000000000000018,0.002560124882413861
2021-03-24,1732.9000244140625,0.0047544926505134,61.18000030517578,0.0592105623792511,0.07,0.0266781878206419,0.0001044837523234,0.0046500088981899,-0.69,113.6565,-0.029999999999999916,0.003220891928439551
2021-03-25,1724.9000244140625,-0.0046165386850317,58.560001373291016,-0.0428244347632524,0.07,0.0266781878206419,0.0001044837523234,-0.0047210224373551,-0.69,114.0016,0.0,0.003036341960204636
2021-03-26,1732.199951171875,0.0042320868772045,60.970001220703125,0.0411543680139205,0.07,0.0266781878206419,0.0001044837523234,0.004127603124881,-0.67,113.7406,0.019999999999999907,-0.002289441551697524
2021-03-29,1712.0999755859375,-0.0116037271403566,61.560001373291016,0.0096768925828321,0.07,0.0266781878206419,0.0001044837523234,-0.01170821089268,-0.63,113.9314,0.040000000000000036,0.0016775012616427887
2021-03-30,1683.9000244140625,-0.0164709722411064,60.54999923706055,-0.0164067919704218,0.07,0.0266781878206419,0.0001044837523234,-0.0165754559934298,-0.62,114.203,0.010000000000000009,0.002383890657009502
2021-03-31,1713.800048828125,0.0177564130771163,59.15999984741211,-0.0229562247260552,0.06,0.0266781878206419,0.0001044837523234,0.0176519293247928,-0.63,113.8234,-0.010000000000000009,-0.003323905676733463
2021-04-01,1726.5,0.0074104042537279,61.45000076293945,0.0387086024583132,0.07,0.0413307711536057,0.0001607251483408,0.007249679105387,-0.66,113.7389,-0.030000000000000027,-0.0007423781050294176
2021-04-05,1727.0,0.0002896032435564,58.650001525878906,-0.0455654874254978,0.07,0.0413307711536057,0.0001607251483408,0.0001288780952155,-0.62,113.394,0.040000000000000036,-0.0030323838194320496
2021-04-06,1741.5,0.0083960625361898,59.33000183105469,0.011594207800246,0.07,0.0413307711536057,0.0001607251483408,0.0082353373878489,-0.65,113.1464,-0.030000000000000027,-0.002183537047815598
2021-04-07,1740.0999755859375,-0.0008039186988587,59.77000045776367,0.0074161235990166,0.07,0.0413307711536057,0.0001607251483408,-0.0009646438471995,-0.66,113.2436,-0.010000000000000009,0.0008590640091068469
2021-04-08,1756.800048828125,0.0095971918145474,59.59999847412109,-0.0028442694050623,0.07,0.0413307711536057,0.0001607251483408,0.0094364666662065,-0.69,113.0917,-0.029999999999999916,-0.001341356156109419
2021-04-09,1743.300048828125,-0.0076844260159288,59.31999969482422,-0.0046979662158624,0.07,0.0413307711536057,0.0001607251483408,-0.0078451511642696,-0.64,113.2028,0.04999999999999993,0.0009823886279893834
2021-04-12,1731.199951171875,-0.0069409151134848,59.70000076293945,0.0064059519566785,0.07,0.0413307711536057,0.0001607251483408,-0.0071016402618256,-0.64,113.1815,0.0,-0.00018815789008752581
2021-04-13,1746.199951171875,0.0086645104107392,60.18000030517578,0.0080401932345417,0.07,0.0413307711536057,0.0001607251483408,0.0085037852623983,-0.69,113.0391,-0.04999999999999993,-0.0012581561474268588
2021-04-14,1734.9000244140625,-0.0064711528311687,63.150001525878906,0.0493519642014306,0.07,0.0413307711536057,0.0001607251483408,-0.0066318779795095,-0.69,112.7849,0.0,-0.0022487794046486265
2021-04-15,1765.4000244140625,0.0175802637447659,63.459999084472656,0.0049089081726578,0.07,0.0413307711536057,0.0001607251483408,0.017419538596425,-0.77,112.6181,-0.08000000000000007,-0.0014789213804329293
2021-04-16,1779.0,0.0077036226338851,63.130001068115234,-0.005200094880527,0.07,0.0413307711536057,0.0001607251483408,0.0075428974855442,-0.77,112.4814,0.0,-0.0012138368521579235
2021-04-19,1769.4000244140625,-0.0053962763271149,63.380001068115234,0.0039600823027114,0.07,0.0413307711536057,0.0001607251483408,-0.0055570014754557,-0.73,112.1835,0.040000000000000036,-0.002648437875061971
2021-04-20,1777.300048828125,0.0044648040607315,62.43999862670898,-0.0148312152976459,0.07,0.0413307711536057,0.0001607251483408,0.0043040789123906,-0.74,112.2354,-0.010000000000000009,0.0004626348794609658
2021-04-21,1792.300048828125,0.008439767955833,61.34999847412109,-0.0174567613158408,0.07,0.0413307711536057,0.0001607251483408,0.0082790428074921,-0.76,112.1771,-0.020000000000000018,-0.0005194439544029539
2021-04-22,1781.199951171875,-0.0061932139451247,61.43000030517578,0.0013040233585079,0.07,0.0413307711536057,0.0001607251483408,-0.0063539390934655,-0.76,112.2297,0.0,0.0004689014067933428
2021-04-23,1777.0,-0.0023579335768069,62.13999938964844,0.0115578557861872,0.07,0.0413307711536057,0.0001607251483408,-0.0025186587251477,-0.76,112.0889,0.0,-0.001254569868760269
2021-04-26,1779.199951171875,0.0012380141653769,61.90999984741211,-0.0037013122706055,0.07,0.0413307711536057,0.0001607251483408,0.001077289017036,-0.78,111.8109,-0.020000000000000018,-0.002480174218856601
2021-04-27,1778.0,-0.0006744330062985,62.93999862670898,0.016637034111379,0.07,0.0413307711536057,0.0001607251483408,-0.0008351581546393,-0.76,111.9097,0.020000000000000018,0.000883634779793363
2021-04-28,1773.199951171875,-0.0026996900045697,63.86000061035156,0.0146171274819852,0.07,0.0413307711536057,0.0001607251483408,-0.0028604151529105,-0.78,111.7909,-0.020000000000000018,-0.001061570176669302
2021-04-29,1768.0999755859375,-0.0028761424127984,65.01000213623047,0.0180081665344127,0.06,0.0413307711536057,0.0001607251483408,-0.0030368675611392,-0.77,111.7464,0.010000000000000009,-0.0003980646009648092
2021-04-30,1767.300048828125,-0.0004524216779921,63.58000183105469,-0.0219966198767256,0.05,0.0413307711536057,0.0001607251483408,-0.0006131468263329,-0.76,112.0839,0.010000000000000009,0.003020231524237138
2021-05-03,1791.4000244140625,0.0136366066429511,64.48999786376953,0.0143126141319229,0.06,0.0491825708946762,0.0001905394085341,0.0134460672344169,-0.79,112.005,-0.030000000000000027,-0.000703936961508389
2021-05-04,1775.800048828125,-0.0087082591120539,65.69000244140625,0.0186076076505947,0.06,0.0491825708946762,0.0001905394085341,-0.008898798520588,-0.81,112.2896,-0.020000000000000018,0.002540957992946735
2021-05-05,1784.0999755859375,0.0046739083959872,65.62999725341797,-0.0009134599750061,0.06,0.0491825708946762,0.0001905394085341,0.004483368987453,-0.88,112.1514,-0.06999999999999995,-0.0012307462133626101
2021-05-06,1815.5,0.0175999242440154,64.70999908447266,-0.014017952269492,0.06,0.0491825708946762,0.0001905394085341,0.0174093848354812,-0.87,111.8401,0.010000000000000009,-0.0027757121177264255
2021-05-07,1831.0999755859373,0.0085926607468671,64.9000015258789,0.0029362145587148,0.06,0.0491825708946762,0.0001905394085341,0.0084021213383329,-0.89,111.0249,-0.020000000000000018,-0.007288977745906866
2021-05-10,1837.5,0.0034951802192091,64.91999816894531,0.0003081146779084,0.06,0.0491825708946762,0.0001905394085341,0.0033046408106749,-0.91,110.7905,-0.020000000000000018,-0.002111238109649305
2021-05-11,1835.9000244140625,-0.0008707350127551,65.27999877929688,0.0055452960644686,0.06,0.0491825708946762,0.0001905394085341,-0.0010612744212892,-0.89,110.8921,0.020000000000000018,0.000917046136627242
2021-05-12,1822.5999755859373,-0.00724442978989,66.08000183105469,0.0122549489386867,0.06,0.0491825708946762,0.0001905394085341,-0.0074349691984241,-0.85,111.5636,0.040000000000000036,0.0060554358696425226
2021-05-13,1823.800048828125,0.0006584402821587,63.81999969482422,-0.0342009999032471,0.06,0.0491825708946762,0.0001905394085341,0.0004679008736245,-0.85,111.5955,0.0,0.0002859355560416166
2021-05-14,1837.9000244140625,0.0077310972740665,65.37000274658203,0.0242871052831346,0.06,0.0491825708946762,0.0001905394085341,0.0075405578655323,-0.88,111.1353,-0.030000000000000027,-0.004123822197131588
2021-05-17,1867.5,0.0161053241159698,66.2699966430664,0.0137676894396556,0.06,0.0491825708946762,0.0001905394085341,0.0159147847074356,-0.9,111.079,-0.020000000000000018,-0.0005065897154190591
2021-05-18,1867.800048828125,0.0001606687165327,65.48999786376953,-0.0117700138646149,0.06,0.0491825708946762,0.0001905394085341,-2.9870692001496046e-05,-0.88,110.8317,0.020000000000000018,-0.0022263434132463455
2021-05-19,1881.300048828125,0.0072277543886296,63.36000061035156,-0.0325240085951556,0.06,0.0491825708946762,0.0001905394085341,0.0070372149800954,-0.8,110.8807,0.07999999999999996,0.00044211177848940686
2021-05-20,1881.800048828125,0.0002657736602469,62.04999923706055,-0.0206755265257524,0.06,0.0491825708946762,0.0001905394085341,7.523425171270394e-05,-0.78,110.8605,0.020000000000000018,-0.00018217778206675028
2021-05-21,1876.699951171875,-0.0027102229375677,63.58000183105469,0.0246575763546554,0.06,0.0491825708946762,0.0001905394085341,-0.0029007623461018,-0.8,111.0576,-0.020000000000000018,0.0017779100761767808
2021-05-24,1884.5999755859373,0.0042095298234166,66.05000305175781,0.0388487126387071,0.06,0.0491825708946762,0.0001905394085341,0.0040189904148824,-0.83,110.9118,-0.029999999999999916,-0.0013128322600163278
2021-05-25,1898.0999755859373,0.0071633238750323,66.06999969482422,0.0003027500702874,0.06,0.0491825708946762,0.0001905394085341,0.0069727844664981,-0.86,110.842,-0.030000000000000027,-0.0006293288901632055
2021-05-26,1901.300048828125,0.0016859350315305,66.20999908447266,0.0021189555062068,0.06,0.0491825708946762,0.0001905394085341,0.0014953956229963,-0.82,110.8677,0.040000000000000036,0.00023186156871934926
2021-05-27,1895.699951171875,-0.0029454044666445,66.8499984741211,0.009666204478147,0.06,0.0491825708946762,0.0001905394085341,-0.0031359438751786,-0.81,110.8688,0.009999999999999898,9.921735546036814e-06
2021-05-28,1902.5,0.0035870913136444,66.31999969482422,-0.0079281793776262,0.05,0.0491825708946762,0.0001905394085341,0.0033965519051102,-0.84,110.7576,-0.029999999999999916,-0.0010029873147359147
2021-06-01,1902.9000244140625,0.0002102625041064,67.72000122070312,0.021109793913165,0.06,0.0529563262034999,0.0002047898423769,5.472661729471014e-06,-0.84,110.5046,0.0,-0.002284267625878522
2021-06-02,1907.5,0.0024173501113669,68.83000183105469,0.0163910305721053,0.06,0.0529563262034999,0.0002047898423769,0.0022125602689899,-0.85,110.5799,-0.010000000000000009,0.0006814195970121784
2021-06-03,1871.199951171875,-0.0190301697657273,68.80999755859375,-0.0002906330368847,0.06,0.0529563262034999,0.0002047898423769,-0.0192349596081042,-0.79,111.1782,0.05999999999999994,0.005410567381594733
2021-06-04,1889.800048828125,0.0099401978097537,69.62000274658203,0.0117716206471092,0.06,0.0529563262034999,0.0002047898423769,0.0097354079673767,-0.84,110.7521,-0.04999999999999993,-0.0038325858846428584
2021-06-07,1896.800048828125,0.0037040955757943,69.2300033569336,-0.0056018295642423,0.06,0.0529563262034999,0.0002047898423769,0.0034993057334173,-0.82,110.5155,0.020000000000000018,-0.0021363026073545344
2021-06-08,1892.199951171875,-0.0024251884952724,70.05000305175781,0.0118445710683632,0.06,0.0529563262034999,0.0002047898423769,-0.0026299783376493,-0.83,110.649,-0.010000000000000009,0.0012079753518736691
2021-06-09,1893.199951171875,0.000528485374593,69.95999908447266,-0.0012848531529492,0.06,0.0529563262034999,0.0002047898423769,0.000323695532216,-0.82,110.5707,0.010000000000000009,-0.0007076430876012951
2021-06-10,1894.199951171875,0.0005282062253282,70.29000091552734,0.0047170073666842,0.06,0.0529563262034999,0.0002047898423769,0.0003234163829512,-0.9,110.5456,-0.08000000000000007,-0.00022700407974274306
2021-06-11,1877.4000244140625,-0.0088691411629585,70.91000366210938,0.0088206393300112,0.06,0.0529563262034999,0.0002047898423769,-0.0090739310053354,-0.85,111.0933,0.050000000000000044,0.004954516507215123
2021-06-14,1864.0,-0.0071375435388335,70.87999725341797,-0.000423161855052,0.06,0.0529563262034999,0.0002047898423769,-0.0073423333812104,-0.85,110.9659,0.0,-0.0011467838294477728
2021-06-15,1854.5,-0.0050965665236051,72.12000274658203,0.01749443483654,0.06,0.0529563262034999,0.0002047898423769,-0.005301356365982,-0.87,111.3507,-0.020000000000000018,0.0034677319789231387
2021-06-16,1859.5,0.0026961445133459,72.1500015258789,0.0004159564358627,0.06,0.0529563262034999,0.0002047898423769,0.0024913546709689,-0.75,111.1165,0.12,-0.002103264730262122
2021-06-17,1773.800048828125,-0.0460876317138343,71.04000091552734,-0.0153846235187317,0.1,0.0529563262034999,0.0002047898423769,-0.0462924215562112,-0.75,112.5772,0.0,0.013145662435371852
2021-06-18,1767.9000244140625,-0.0033262060275397,71.63999938964844,0.0084459243579479,0.1,0.0529563262034999,0.0002047898423769,-0.0035309958699166,-0.79,113.0408,-0.040000000000000036,0.00411806298255768
2021-06-21,1781.800048828125,0.0078624493591878,73.66000366210938,0.028196598124941,0.1,0.0529563262034999,0.0002047898423769,0.0076576595168108,-0.75,112.8391,0.040000000000000036,-0.0017843115052263991
2021-06-22,1776.300048828125,-0.0030867661069026,73.05999755859375,-0.0081456159881276,0.1,0.0529563262034999,0.0002047898423769,-0.0032915559492795,-0.83,112.9174,-0.07999999999999996,0.0006939084058628087
2021-06-23,1782.300048828125,0.0033778077098844,73.08000183105469,0.0002738060926554,0.1,0.0529563262034999,0.0002047898423769,0.0031730178675074,-0.84,112.3819,-0.010000000000000009,-0.004742404624973662
2021-06-24,1775.5999755859375,-0.0037592285578361,73.30000305175781,0.0030104161903514,0.1,0.0529563262034999,0.0002047898423769,-0.003964018400213,-0.81,112.326,0.029999999999999916,-0.0004974110599661463
2021-06-25,1776.5999755859375,0.0005631899153806,74.05000305175781,0.0102319231756431,0.1,0.0529563262034999,0.0002047898423769,0.0003584000730036,-0.8,111.9655,0.010000000000000009,-0.003209408329327035
2021-06-28,1779.5999755859375,0.0016886187331002,72.91000366210938,-0.0153949944992118,0.1,0.0529563262034999,0.0002047898423769,0.0014838288907232,-0.84,112.0248,-0.039999999999999925,0.0005296274298778325
2021-06-29,1762.800048828125,-0.0094402826412048,72.9800033569336,0.0009600835455807,0.1,0.0529563262034999,0.0002047898423769,-0.0096450724835817,-0.83,112.2613,0.010000000000000009,0.0021111396762145684
2021-06-30,1770.800048828125,0.0045382345010247,73.47000122070312,0.0067141386849904,0.08,0.0529563262034999,0.0002047898423769,0.0043334446586477,-0.87,112.5533,-0.040000000000000036,0.0026010744575377664
2021-07-01,1775.9000244140625,0.0028800403463464,75.2300033569336,0.0239553846057989,0.1,0.0524516938130923,0.0002028872014696,0.0026771531448767,-0.87,112.74,0.0,0.0016587696673486807
2021-07-02,1782.5999755859375,0.0037727074045654,75.16000366210938,-0.0009304757636671,0.1,0.0524516938130923,0.0002028872014696,0.0035698202030957,-0.89,112.5425,-0.020000000000000018,-0.001751818343090239
2021-07-06,1793.5,0.0061146777534761,73.37000274658203,-0.0238158705203701,0.1,0.0524516938130923,0.0002028872014696,0.0059117905520064,-0.94,112.9516,-0.04999999999999993,0.003635071195326134
2021-07-07,1801.5,0.0044605519933091,72.19999694824219,-0.0159466506002597,0.1,0.0524516938130923,0.0002028872014696,0.0042576647918394,-0.95,113.1048,-0.010000000000000009,0.001356333155085876
2021-07-08,1799.5999755859375,-0.0010546902104149,72.94000244140625,0.0102493839950512,0.1,0.0524516938130923,0.0002028872014696,-0.0012575774118845,-0.92,113.0776,0.029999999999999916,-0.00024048493078976385
2021-07-09,1810.0,0.0057790756585647,74.55999755859375,0.0222099679594727,0.1,0.0524516938130923,0.0002028872014696,0.005576188457095,-0.91,112.8375,0.010000000000000009,-0.0021233206222982526
2021-07-12,1805.5,-0.0024861878453038,74.0999984741211,-0.0061695158199429,0.1,0.0524516938130923,0.0002028872014696,-0.0026890750467734,-0.95,112.7611,-0.039999999999999925,-0.0006770798714966775
2021-07-13,1809.4000244140625,0.0021600799856342,75.25,0.0155195890628869,0.1,0.0524516938130923,0.0002028872014696,0.0019571927841645,-0.94,113.0063,0.010000000000000009,0.002174508762330163
2021-07-14,1824.300048828125,0.0082347873400121,73.12999725341797,-0.028172793974512,0.1,0.0524516938130923,0.0002028872014696,0.0080319001385424,-0.97,112.8801,-0.030000000000000027,-0.0011167518979030566
2021-07-15,1828.4000244140625,0.0022474239303842,71.6500015258789,-0.0202378747863263,0.1,0.0524516938130923,0.0002028872014696,0.0020445367289145,-1.01,113.0041,-0.040000000000000036,0.0010985107206673561
2021-07-16,1814.5,-0.0076022884644825,71.80999755859375,0.0022330220419752,0.1,0.0524516938130923,0.0002028872014696,-0.0078051756659521,-1.02,113.0428,-0.010000000000000009,0.0003424654503687563
2021-07-19,1808.699951171875,-0.0031964997674979,66.41999816894531,-0.0750591780100039,0.1,0.0524516938130923,0.0002028872014696,-0.0033993869689675,-1.05,113.5472,-0.030000000000000027,0.0044620267721606766
2021-07-20,1810.9000244140625,0.0012163837571632,67.41999816894531,0.0150557065276697,0.1,0.0524516938130923,0.0002028872014696,0.0010134965556935,-1.03,113.7502,0.020000000000000018,0.0017878027815745323
2021-07-21,1802.9000244140625,-0.0044176928003457,70.30000305175781,0.0427173681553001,0.1,0.0524516938130923,0.0002028872014696,-0.0046205800018153,-0.98,113.3926,0.050000000000000044,-0.0031437307362977007
2021-07-22,1805.0,0.0011647765031341,71.91000366210938,0.0229018569055567,0.1,0.0524516938130923,0.0002028872014696,0.0009618893016644,-1.01,113.4695,-0.030000000000000027,0.0006781747662545357
2021-07-23,1801.4000244140625,-0.0019944463079986,72.06999969482422,0.0022249481931142,0.1,0.0524516938130923,0.0002028872014696,-0.0021973335094682,-1.05,113.4398,-0.040000000000000036,-0.0002617443453967194
2021-07-26,1798.699951171875,-0.0014988748782024,71.91000366210938,-0.0022200087885713,0.1,0.0524516938130923,0.0002028872014696,-0.001701762079672,-1.11,113.2238,-0.06000000000000005,-0.0019040936249887785
2021-07-27,1799.5,0.000444792822507,71.6500015258789,-0.003615660172292,0.1,0.0524516938130923,0.0002028872014696,0.0002419056210373,-1.13,113.2227,-0.019999999999999796,-9.715271877430709e-06
2021-07-28,1799.5,0.0,72.38999938964844,0.0103279532171713,0.1,0.0524516938130923,0.0002028872014696,-0.0002028872014696,-1.15,113.1807,-0.020000000000000018,-0.00037095034829592866
2021-07-29,1831.199951171875,0.0176159773114059,73.62000274658203,0.0169913436566415,0.1,0.0524516938130923,0.0002028872014696,0.0174130901099362,-1.15,112.4834,0.0,-0.006160944401298107
2021-07-30,1812.5999755859373,-0.0101572608573052,73.94999694824219,0.0044823986599955,0.07,0.0524516938130923,0.0002028872014696,-0.0103601480587748,-1.16,112.6714,-0.010000000000000009,0.001671357729229328
2021-08-02,1818.0999755859373,0.0030343153889882,71.26000213623047,-0.0363758610280194,0.1,0.0515201530179396,0.0001993725782116,0.0028349428107765,-1.17,112.6691,-0.010000000000000009,-2.0413343581493493e-05
2021-08-03,1810.0999755859373,-0.0044001980679977,70.55999755859375,-0.0098232466552343,0.1,0.0515201530179396,0.0001993725782116,-0.0045995706462093,-1.19,112.8228,-0.020000000000000018,0.001364171720551699
2021-08-04,1810.5,0.000220995756841,68.1500015258789,-0.0341552737542764,0.1,0.0515201530179396,0.0001993725782116,2.162317862932381e-05,-1.16,112.8953,0.030000000000000027,0.0006426006090967107
2021-08-05,1805.0999755859373,-0.002982614976008,69.08999633789062,0.0137930270134296,0.1,0.0515201530179396,0.0001993725782116,-0.0031819875542196,-1.1,112.7674,0.05999999999999983,-0.0011329081015774012
2021-08-06,1760.0,-0.0249847521998319,68.27999877929688,-0.0117238037563699,0.1,0.0515201530179396,0.0001993725782116,-0.0251841247780435,-1.06,113.3088,0.040000000000000036,0.004801032922635562
2021-08-09,1723.4000244140625,-0.0207954406738281,66.4800033569336,-0.0263619720934888,0.1,0.0515201530179396,0.0001993725782116,-0.0209948132520397,-1.04,113.4521,0.020000000000000018,0.0012646855319269346
2021-08-10,1728.800048828125,0.0031333551918095,68.29000091552734,0.0272261953549521,0.1,0.0515201530179396,0.0001993725782116,0.0029339826135978,-1.04,113.4973,0.0,0.00039840602333485187
2021-08-11,1750.4000244140625,0.0124942011660511,69.25,0.0140576815288104,0.1,0.0515201530179396,0.0001993725782116,0.0122948285878394,-1.07,113.282,-0.030000000000000027,-0.0018969614255140987
2021-08-12,1749.0,-0.0007998311211925,69.08999633789062,-0.0023105221965252,0.1,0.0515201530179396,0.0001993725782116,-0.0009992036994041,-1.05,113.2691,0.020000000000000018,-0.00011387510813720692
2021-08-13,1775.199951171875,0.0149799606471554,68.44000244140625,-0.0094079306837059,0.1,0.0515201530179396,0.0001993725782116,0.0147805880689437,-1.08,113.0615,-0.030000000000000027,-0.0018328034742043364
2021-08-16,1786.9000244140625,0.0065908481095122,67.29000091552734,-0.0168030608541176,0.1,0.0515201530179396,0.0001993725782116,0.0063914755313005,-1.1,113.1698,-0.020000000000000018,0.0009578857524443762
2021-08-17,1785.0,-0.0010633076210772,66.58999633789062,-0.010402802319998,0.1,0.0515201530179396,0.0001993725782116,-0.0012626801992888,-1.07,113.6174,0.030000000000000027,0.0039551187684347955
2021-08-18,1781.5999755859375,-0.0019047755821078,65.45999908447266,-0.0169694746292542,0.09,0.0515201530179396,0.0001993725782116,-0.0021041481603194,-1.05,113.6959,0.020000000000000018,0.0006909152999452495
2021-08-19,1780.199951171875,-0.0007858242216253,63.68999862670898,-0.0270394207534219,0.09,0.0515201530179396,0.0001993725782116,-0.0009851967998369,-1.04,114.1106,0.010000000000000009,0.003647449028505001
2021-08-20,1781.0,0.000449415150022,62.31999969482422,-0.0215104248928378,0.09,0.0515201530179396,0.0001993725782116,0.0002500425718103,-1.01,114.5009,0.030000000000000027,0.0034203658555822525
2021-08-23,1803.199951171875,0.0124648799392896,65.63999938964844,0.0532734228350766,0.09,0.0515201530179396,0.0001993725782116,0.0122655073610779,-1.02,113.9418,-0.010000000000000009,-0.00488293105119697
2021-08-24,1805.5999755859373,0.0013309807448158,67.54000091552734,0.0289457882929009,0.09,0.0515201530179396,0.0001993725782116,0.0011316081666041,-1.01,113.6795,0.010000000000000009,-0.002302052451339187
2021-08-25,1788.199951171875,-0.0096366995177965,68.36000061035156,0.012140948826012,0.09,0.0515201530179396,0.0001993725782116,-0.0098360720960081,-1.0,113.6322,0.010000000000000009,-0.00041608205525189845
2021-08-26,1792.199951171875,0.0022368863154138,67.41999816894531,-0.0137507670130697,0.09,0.0515201530179396,0.0001993725782116,0.0020375137372021,-0.99,113.7883,0.010000000000000009,0.0013737303334795392
2021-08-27,1816.5999755859373,0.0136145659406519,68.73999786376953,0.0195787560171165,0.08,0.0515201530179396,0.0001993725782116,0.0134151933624402,-1.08,113.3404,-0.09000000000000008,-0.003936257066851412
2021-08-30,1809.0,-0.0041836263833957,69.20999908447266,0.0068373761319369,0.08,0.0515201530179396,0.0001993725782116,-0.0043829989616073,-1.08,113.246,0.0,-0.0008328892433766555
2021-08-31,1815.0,0.0033167495854062,68.5,-0.0102586200529505,0.06,0.0515201530179396,0.0001993725782116,0.0031173770071945,-1.03,113.1076,0.050000000000000044,-0.0012221182205109926
2021-09-01,1813.0999755859373,-0.001046845407197,68.58999633789062,0.001313815151688,0.08,0.0535121559094913,0.0002068844642675,-0.0012537298714645,-1.03,112.8732,0.0,-0.0020723629535063237
2021-09-02,1808.699951171875,-0.0024267963561361,69.98999786376953,0.0204111619861031,0.08,0.0535121559094913,0.0002068844642675,-0.0026336808204036,-1.03,112.7863,0.0,-0.0007698904611546098
2021-09-03,1830.9000244140625,0.0122740497824438,69.29000091552734,-0.0100013854780318,0.08,0.0535121559094913,0.0002068844642675,0.0120671653181762,-1.01,112.5476,0.020000000000000018,-0.0021163917958120226
2021-09-07,1795.9000244140625,-0.0191162813552318,68.3499984741211,-0.013566206220032,0.08,0.0535121559094913,0.0002068844642675,-0.0193231658194993,-0.98,112.9795,0.030000000000000027,0.0038374874275417525
2021-09-08,1790.699951171875,-0.0028955249019967,69.30000305175781,0.0138991162961972,0.08,0.0535121559094913,0.0002068844642675,-0.0031024093662642,-1.03,113.2319,-0.050000000000000044,0.002234033607866781
2021-09-09,1797.4000244140625,0.0037415945858505,68.13999938964844,-0.0167388688459798,0.08,0.0535121559094913,0.0002068844642675,0.0035347101215829,-1.08,113.043,-0.050000000000000044,-0.001668257796610173
2021-09-10,1789.5999755859375,-0.0043396287538539,69.72000122070312,0.0231875821134026,0.08,0.0535121559094913,0.0002068844642675,-0.0045465132181214,-1.05,112.9425,0.030000000000000027,-0.000889042222871006
2021-09-13,1792.0,0.0013410954664752,70.44999694824219,0.0104703917779378,0.08,0.0535121559094913,0.0002068844642675,0.0011342110022076,-1.04,113.0341,0.010000000000000009,0.0008110321623835404
2021-09-14,1804.699951171875,0.0070870263235909,70.45999908447266,0.0001419749703865,0.08,0.0535121559094913,0.0002068844642675,0.0068801418593233,-1.05,113.0061,-0.010000000000000009,-0.0002477128583320276
2021-09-15,1792.4000244140625,-0.0068154968086664,72.61000061035156,0.0305137887285709,0.08,0.0535121559094913,0.0002068844642675,-0.0070223812729339,-1.04,112.9773,0.010000000000000009,-0.00025485349905896015
2021-09-16,1754.5999755859375,-0.0210890695789194,72.61000061035156,0.0,0.08,0.0535121559094913,0.0002068844642675,-0.0212959540431869,-1.01,113.3036,0.030000000000000027,0.002888190813552738
2021-09-17,1749.4000244140625,-0.0029636106487113,71.97000122070312,-0.0088142044383511,0.08,0.0535121559094913,0.0002068844642675,-0.0031704951129788,-0.96,113.5989,0.050000000000000044,0.0026062719984183413
2021-09-20,1761.800048828125,0.0070881583634456,70.29000091552734,-0.0233430634525612,0.08,0.0535121559094913,0.0002068844642675,0.006881273899178,-0.98,113.9422,-0.020000000000000018,0.003022036304928921
2021-09-21,1776.0,0.0080599107607699,70.55999755859375,0.0038411813849723,0.08,0.0535121559094913,0.0002068844642675,0.0078530262965023,-0.96,113.8179,0.020000000000000018,-0.0010909039846519475
2021-09-22,1776.699951171875,0.0003941166508305,72.2300033569336,0.0236678834484518,0.08,0.0535121559094913,0.0002068844642675,0.0001872321865629,-0.96,113.6223,0.0,-0.0017185346065952123
2021-09-23,1747.699951171875,-0.0163223959008228,73.30000305175781,0.0148137843706954,0.08,0.0535121559094913,0.0002068844642675,-0.0165292803650903,-0.9,113.513,0.05999999999999994,-0.0009619590520522081
2021-09-24,1749.699951171875,0.001144361192354,73.9800033569336,0.00927694784263,0.08,0.0535121559094913,0.0002068844642675,0.0009374767280864,-0.87,113.7597,0.030000000000000027,0.0021733193554922536
2021-09-27,1750.0,0.0001714858755776,75.44999694824219,0.0198701476697191,0.08,0.0535121559094913,0.0002068844642675,-3.539858868993159e-05,-0.87,113.7432,0.0,-0.0001450425765889829
2021-09-28,1735.800048828125,-0.0081142578124999,75.29000091552734,-0.0021205571794071,0.08,0.0535121559094913,0.0002068844642675,-0.0083211422767674,-0.84,114.2469,0.030000000000000027,0.004428396598653794
2021-09-29,1721.5,-0.0082383041974098,74.83000183105469,-0.0061096968904111,0.08,0.0535121559094913,0.0002068844642675,-0.0084451886616773,-0.82,114.7092,0.020000000000000018,0.004046499292322148
2021-09-30,1755.300048828125,0.0196340684450333,75.02999877929688,0.0026726839950335,0.06,0.0535121559094913,0.0002068844642675,0.0194271839807657,-0.85,114.6403,-0.030000000000000027,-0.0006006492940409114
2021-10-01,1757.0,0.0009684675694106,75.87999725341797,0.0113287816600049,0.08,0.0623504239029806,0.0002400440218424,0.0007284235475681,-0.9,114.3798,-0.050000000000000044,-0.0022723248281799613
2021-10-04,1766.199951171875,0.00523617027426,77.62000274658203,0.022931016817949,0.08,0.0623504239029806,0.0002400440218424,0.0049961262524175,-0.89,114.2739,0.010000000000000009,-0.0009258627834635158
2021-10-05,1759.5999755859375,-0.0037368224257725,78.93000030517578,0.0168770614820861,0.08,0.0623504239029806,0.0002400440218424,-0.0039768664476149,-0.91,114.3654,-0.020000000000000018,0.0008007077731659873
2021-10-06,1760.5,0.0005114937636678,77.43000030517578,-0.0190041808463243,0.08,0.0623504239029806,0.0002400440218424,0.0002714497418253,-0.9,114.7185,0.010000000000000009,0.0030874722599667503
2021-10-07,1757.9000244140625,-0.0014768392990273,78.30000305175781,0.0112359904837024,0.08,0.0623504239029806,0.0002400440218424,-0.0017168833208697,-0.88,114.5044,0.020000000000000018,-0.0018663075266849294
2021-10-08,1756.300048828125,-0.0009101630147998,79.3499984741211,0.0134099027003768,0.08,0.0623504239029806,0.0002400440218424,-0.0011502070366422,-0.89,114.5986,-0.010000000000000009,0.0008226758098379694
2021-10-11,1754.5999755859375,-0.0009679856487631,80.5199966430664,0.014744778720152,0.08,0.0623504239029806,0.0002400440218424,-0.0012080296706055,-0.89,114.5986,0.0,0.0
2021-10-12,1758.300048828125,0.002108784505683,80.63999938964844,0.0014903471384131,0.08,0.0623504239029806,0.0002400440218424,0.0018687404838405,-0.9,114.7542,-0.010000000000000009,0.0013577827303299372
2021-10-13,1793.699951171875,0.0201330269923745,80.44000244140625,-0.0024801209047115,0.08,0.0623504239029806,0.0002400440218424,0.019892982970532,-0.96,114.4705,-0.05999999999999994,-0.0024722406674438924
2021-10-14,1796.699951171875,0.0016725205339054,81.30999755859375,0.0108154536397635,0.08,0.0623504239029806,0.0002400440218424,0.0014324765120629,-1.0,114.2053,-0.040000000000000036,-0.0023167540982175217
2021-10-15,1767.199951171875,-0.0164189908174478,82.27999877929688,0.0119296673204807,0.08,0.0623504239029806,0.0002400440218424,-0.0166590348392902,-0.97,114.0905,0.030000000000000027,-0.0010052072889785713
2021-10-18,1764.800048828125,-0.0013580253565299,82.44000244140625,0.0019446240214291,0.08,0.0623504239029806,0.0002400440218424,-0.0015980693783723,-0.95,113.9899,0.020000000000000018,-0.0008817561497233006
2021-10-19,1769.699951171875,0.0027764631732662,82.95999908447266,0.0063075767548161,0.08,0.0623504239029806,0.0002400440218424,0.0025364191514237,-0.89,113.647,0.05999999999999994,-0.003008161249373864
2021-10-20,1784.0999755859375,0.0081369863883009,83.87000274658203,0.0109691860191896,0.08,0.0623504239029806,0.0002400440218424,0.0078969423664584,-0.92,113.5083,-0.030000000000000027,-0.0012204457662762236
2021-10-21,1781.199951171875,-0.0016254831308486,82.5,-0.0163348360762736,0.08,0.0623504239029806,0.0002400440218424,-0.001865527152691,-0.96,113.6188,-0.039999999999999925,0.0009734970922830044
2021-10-22,1795.5,0.0080283231642337,83.76000213623047,0.0152727531664298,0.08,0.0623504239029806,0.0002400440218424,0.0077882791423912,-0.98,113.67,-0.020000000000000018,0.0004506296493187456
2021-10-25,1806.0,0.0058479532163742,83.76000213623047,0.0,0.08,0.0623504239029806,0.0002400440218424,0.0056079091945317,-1.02,113.605,-0.040000000000000036,-0.0005718307381015197
2021-10-26,1792.699951171875,-0.0073643681218853,84.6500015258789,0.0106255893857416,0.08,0.0623504239029806,0.0002400440218424,-0.0076044121437277,-1.06,113.674,-0.040000000000000036,0.0006073676334668043
2021-10-27,1797.9000244140625,0.0029006935816493,82.66000366210938,-0.0235085390182911,0.08,0.0623504239029806,0.0002400440218424,0.0026606495598068,-1.11,113.6218,-0.050000000000000044,-0.00045920791034026465
2021-10-28,1801.5999755859373,0.0020579293184452,82.80999755859375,0.0018145885535827,0.08,0.0623504239029806,0.0002400440218424,0.0018178852966027,-1.0,113.4389,0.1100000000000001,-0.0016097263025228736
2021-10-29,1783.0,-0.0103241428940895,83.56999969482422,0.0091776616186072,0.07,0.0623504239029806,0.0002400440218424,-0.0105641869159319,-0.96,114.1349,0.040000000000000036,0.006135461468684822
2021-11-01,1795.0999755859375,0.0067863015064146,84.05000305175781,0.0057437281163867,0.08,0.0690197040370086,0.0002648845363786,0.0065214169700359,-0.92,114.2067,0.039999999999999925,0.0006290801498927134
2021-11-02,1788.699951171875,-0.0035652746371263,83.91000366210938,-0.0016656678710912,0.08,0.0690197040370086,0.0002648845363786,-0.0038301591735049,-0.95,114.2847,-0.029999999999999916,0.0006829721898977681
2021-11-03,1763.5999755859375,-0.0140325243311452,80.86000061035156,-0.0363485033803553,0.08,0.0690197040370086,0.0002648845363786,-0.0142974088675238,-0.93,114.3593,0.019999999999999907,0.0006527557932076711
2021-11-04,1793.0,0.0166704608874213,78.80999755859375,-0.0253524985936665,0.08,0.0690197040370086,0.0002648845363786,0.0164055763510426,-1.03,114.3558,-0.09999999999999998,-3.0605294016328166e-05
2021-11-05,1816.4000244140625,0.0130507665443739,81.2699966430664,0.0312143022545292,0.08,0.0690197040370086,0.0002648845363786,0.0127858820079952,-1.09,114.0732,-0.06000000000000005,-0.002471234515433407
2021-11-08,1827.4000244140625,0.0060559347347224,81.93000030517578,0.0081211232849938,0.08,0.0690197040370086,0.0002648845363786,0.0057910501983437,-1.11,113.8256,-0.020000000000000018,-0.002170536111900101
2021-11-09,1830.199951171875,0.001532191485392,84.1500015258789,0.0270963165193944,0.08,0.0690197040370086,0.0002648845363786,0.0012673069490133,-1.17,113.762,-0.05999999999999983,-0.0005587495255899855
2021-11-10,1847.5999755859373,0.0095071712808871,81.33999633789062,-0.0333928120859761,0.08,0.0690197040370086,0.0002648845363786,0.0092422867445084,-1.14,114.1484,0.030000000000000027,0.0033965647580034286
2021-11-11,1863.199951171875,0.0084433729119259,81.58999633789062,0.0030735187024288,0.08,0.0690197040370086,0.0002648845363786,0.0081784883755472,-1.14,114.1484,0.0,0.0
2021-11-12,1867.9000244140625,0.0025225812394591,80.79000091552734,-0.0098050675115886,0.08,0.0690197040370086,0.0002648845363786,0.0022576967030804,-1.15,114.5144,-0.010000000000000009,0.00320635243244749
2021-11-15,1866.0999755859373,-0.0009636751456704,80.87999725341797,0.0011139539159645,0.08,0.0690197040370086,0.0002648845363786,-0.001228559682049,-1.13,114.5876,0.020000000000000018,0.0006392209189411968
2021-11-16,1853.5999755859373,-0.0066984621207527,80.76000213623047,-0.0014836192045299,0.08,0.0690197040370086,0.0002648845363786,-0.0069633466571313,-1.1,115.136,0.029999999999999805,0.004785858155681666
2021-11-17,1869.699951171875,0.0086857875474712,78.36000061035156,-0.0297177001287153,0.08,0.0690197040370086,0.0002648845363786,0.0084209030110925,-1.1,115.0263,0.0,-0.0009527862701499412
2021-11-18,1861.0,-0.0046531269182641,79.01000213623047,0.0082950679021949,0.08,0.0690197040370086,0.0002648845363786,-0.0049180114546427,-1.14,115.0678,-0.039999999999999813,0.00036078705478659323
2021-11-19,1851.199951171875,-0.0052660122665905,76.0999984741211,-0.0368308262679438,0.08,0.0690197040370086,0.0002648845363786,-0.0055308968029691,-1.11,115.2187,0.029999999999999805,0.0013114007567711639
2021-11-22,1806.0,-0.0244165689088646,76.75,0.0085414131263084,0.08,0.0690197040370086,0.0002648845363786,-0.0246814534452432,-0.98,115.6481,0.13000000000000012,0.003726825593414862
2021-11-23,1783.5,-0.0124584717607973,78.5,0.0228013029315961,0.08,0.0690197040370086,0.0002648845363786,-0.0127233562971759,-0.95,116.0118,0.030000000000000027,0.0031448852164452923
2021-11-24,1784.0999755859375,0.0003364034684258,78.38999938964844,-0.0014012816605294,0.08,0.0690197040370086,0.0002648845363786,7.151893204717101e-05,-0.97,116.2711,-0.020000000000000018,0.0022351174621892955
2021-11-26,1785.300048828125,0.0006726490996074,68.1500015258789,-0.1306288805140844,0.08,0.0690197040370086,0.0002648845363786,0.0004077645632287,-1.07,116.5103,-0.10000000000000009,0.0020572610046691864
2021-11-29,1782.300048828125,-0.0016803898044864,69.94999694824219,0.0264122579906291,0.08,0.0690197040370086,0.0002648845363786,-0.001945274340865,-1.02,116.581,0.050000000000000044,0.0006068133032015588
2021-11-30,1773.5999755859375,-0.0048813740693706,66.18000030517578,-0.0538955941035411,0.07,0.0690197040370086,0.0002648845363786,-0.0051462586057492,-1.07,116.2071,-0.050000000000000044,-0.003207212152923744
2021-12-01,1781.5999755859375,0.0045105999718775,65.56999969482422,-0.0092172953692757,0.08,0.0717434028506553,0.0002749849085006,0.0042356150633768,-1.01,115.889,0.06000000000000005,-0.0027373542580444443
2021-12-02,1760.699951171875,-0.0117310421533817,66.5,0.0141833202608538,0.08,0.0717434028506553,0.0002749849085006,-0.0120060270618823,-1.03,116.018,-0.020000000000000018,0.00111313411971814
2021-12-03,1782.0,0.0120974893047212,66.26000213623047,-0.0036089904326245,0.08,0.0717434028506553,0.0002749849085006,0.0118225043962205,-1.08,116.2377,-0.050000000000000044,0.0018936716716371205
2021-12-06,1777.5,-0.0025252525252524,69.48999786376953,0.048747292837362,0.08,0.0717434028506553,0.0002749849085006,-0.002800237433753,-1.01,116.1538,0.07000000000000006,-0.0007217968008658149
2021-12-07,1782.5999755859375,0.0028691845771799,72.05000305175781,0.0368399088600779,0.08,0.0717434028506553,0.0002749849085006,0.0025941996686792,-0.99,115.8555,0.020000000000000018,-0.0025681467158198412
2021-12-08,1783.4000244140625,0.0004488100746562,72.36000061035156,0.0043025335942188,0.08,0.0717434028506553,0.0002749849085006,0.0001738251661555,-1.0,115.4418,-0.010000000000000009,-0.0035708274531637274
2021-12-09,1774.5999755859375,-0.0049344222875719,70.94000244140625,-0.019624076243335,0.08,0.0717434028506553,0.0002749849085006,-0.0052094071960725,-0.98,115.7784,0.020000000000000018,0.002915754951845928
2021-12-10,1782.9000244140625,0.0046771379140724,71.66999816894531,0.0102903256613504,0.08,0.0717434028506553,0.0002749849085006,0.0044021530055717,-0.96,115.5732,0.020000000000000018,-0.0017723513194171092
2021-12-13,1786.300048828125,0.0019070191079164,71.29000091552734,-0.0053020407859117,0.08,0.0717434028506553,0.0002749849085006,0.0016320341994157,-0.98,115.842,-0.020000000000000018,0.002325798714580829
2021-12-14,1770.4000244140625,-0.0089010938696965,70.7300033569336,-0.0078552048169742,0.08,0.0717434028506553,0.0002749849085006,-0.0091760787781971,-0.93,116.2397,0.04999999999999993,0.003433124428100287
2021-12-15,1762.5999755859375,-0.0044058115231366,70.87000274658203,0.0019793493991784,0.08,0.0717434028506553,0.0002749849085006,-0.0046807964316372,-0.92,116.4219,0.010000000000000009,0.0015674507074605604
2021-12-16,1796.5999755859375,0.0192896859587765,72.37999725341797,0.0213065394146434,0.08,0.0717434028506553,0.0002749849085006,0.0190147010502758,-0.98,115.7146,-0.05999999999999994,-0.0060753174445700164
2021-12-17,1803.800048828125,0.0040076106757371,70.86000061035156,-0.0210002307370166,0.08,0.0717434028506553,0.0002749849085006,0.0037326257672364,-0.97,115.791,0.010000000000000009,0.0006602451203219228
2021-12-20,1793.699951171875,-0.0055993443745673,68.2300033569336,-0.0371153998132165,0.08,0.0717434028506553,0.0002749849085006,-0.0058743292830679,-0.96,116.0092,0.010000000000000009,0.0018844297052449388
2021-12-21,1787.9000244140625,-0.0032334988658628,71.12000274658203,0.042356723544771,0.08,0.0717434028506553,0.0002749849085006,-0.0035084837743634,-0.96,116.1089,0.0,0.0008594145981526413
2021-12-22,1801.5999755859373,0.0076625935369987,72.76000213623047,0.0230596080752718,0.08,0.0717434028506553,0.0002749849085006,0.007387608628498,-1.01,115.7485,-0.050000000000000044,-0.0031039825543088817
2021-12-23,1811.199951171875,0.0053285833237288,73.79000091552734,0.0141561125488751,0.08,0.0717434028506553,0.0002749849085006,0.0050535984152281,-0.97,115.5337,0.040000000000000036,-0.0018557475906816334
2021-12-27,1808.0999755859373,-0.0017115590048087,75.56999969482422,0.0241224929829526,0.08,0.0717434028506553,0.0002749849085006,-0.0019865439133093,-1.02,115.4684,-0.050000000000000044,-0.0005652030533082053
2021-12-28,1810.199951171875,0.0011614266989063,75.9800033569336,0.0054254818547716,0.08,0.0717434028506553,0.0002749849085006,0.0008864417904056,-1.01,115.4192,0.010000000000000009,-0.00042609060141129973
2021-12-29,1805.0999755859373,-0.0028173548356554,76.55999755859375,0.0076335111349692,0.08,0.0717434028506553,0.0002749849085006,-0.003092339744156,-0.98,115.3678,0.030000000000000027,-0.00044533318546657874
2021-12-30,1812.699951171875,0.0042102795904535,76.98999786376953,0.0056165140920581,0.08,0.0717434028506553,0.0002749849085006,0.0039352946819528,-1.06,115.283,-0.08000000000000007,-0.0007350404532286969
2021-12-31,1827.5,0.0081646434748106,75.20999908447266,-0.0231198704855987,0.07,0.0717434028506553,0.0002749849085006,0.0078896585663099,-1.04,115.283,0.020000000000000018,0.0
2022-01-03,1799.4000244140625,-0.015376183631156,76.08000183105469,0.0115676473497212,0.08,0.0755880572696783,0.0002891987227136,-0.0156653823538696,-0.97,115.4101,0.07000000000000006,0.0011025042720955724
2022-01-04,1814.0,0.0081138020383719,76.98999786376953,0.0119610411515973,0.08,0.0755880572696783,0.0002891987227136,0.0078246033156582,-0.91,115.3103,0.05999999999999994,-0.0008647423405750976
2022-01-05,1824.5999755859373,0.0058434264531077,77.8499984741211,0.0111702900924,0.08,0.0755880572696783,0.0002891987227136,0.005554227730394,-0.82,115.137,0.09000000000000008,-0.001502901301965176
2022-01-06,1788.699951171875,-0.0196755589687728,79.45999908447266,0.0206808046487856,0.08,0.0755880572696783,0.0002891987227136,-0.0199647576914864,-0.73,115.4046,0.08999999999999997,0.0023241877068187478
2022-01-07,1797.0,0.004640268940963,78.9000015258789,-0.0070475404611876,0.08,0.0755880572696783,0.0002891987227136,0.0043510702182493,-0.72,115.0451,0.010000000000000009,-0.0031151271266482983
2022-01-10,1798.4000244140625,0.0007790898241861,78.2300033569336,-0.0084917383521919,0.08,0.0755880572696783,0.0002891987227136,0.0004898911014724,-0.7,115.2216,0.020000000000000018,0.0015341809429518793
2022-01-11,1818.5999755859373,0.0112321791023419,81.22000122070312,0.038220602524166,0.08,0.0755880572696783,0.0002891987227136,0.0109429803796282,-0.79,114.8332,-0.09000000000000008,-0.003370895734827406
2022-01-12,1827.199951171875,0.0047288989889966,82.63999938964844,0.0174833556710578,0.08,0.0755880572696783,0.0002891987227136,0.0044397002662829,-0.74,114.355,0.050000000000000044,-0.004164300916459696
2022-01-13,1821.199951171875,-0.0032837128723388,82.12000274658203,-0.0062923117970344,0.08,0.0755880572696783,0.0002891987227136,-0.0035729115950524,-0.73,114.177,0.010000000000000009,-0.0015565563377202274
2022-01-14,1816.5,-0.0025806892696492,83.81999969482422,0.0207013747124229,0.08,0.0755880572696783,0.0002891987227136,-0.0028698879923628,-0.66,114.3825,0.06999999999999995,0.001799837095036505
2022-01-18,1812.300048828125,-0.0023121118479906,85.43000030517578,0.0192078336460668,0.08,0.0755880572696783,0.0002891987227136,-0.0026013105707042,-0.59,114.7373,0.07000000000000006,0.003101873101217567
2022-01-19,1843.0999755859373,0.016994937884446,86.95999908447266,0.0179093851554648,0.08,0.0755880572696783,0.0002891987227136,0.0167057391617324,-0.57,114.6109,0.020000000000000018,-0.001101646979665749
2022-01-20,1842.5,-0.0003255252530437,86.9000015258789,-0.0006899443333189,0.08,0.0755880572696783,0.0002891987227136,-0.0006147239757573,-0.5,114.4642,0.06999999999999995,-0.001279982968461102
2022-01-21,1831.800048828125,-0.0058073005003391,85.13999938964844,-0.0202531887839649,0.08,0.0755880572696783,0.0002891987227136,-0.0060964992230527,-0.59,114.6125,-0.08999999999999997,0.0012956015942102717
2022-01-24,1841.699951171875,0.0054044666884267,83.30999755859375,-0.0214940315265868,0.08,0.0755880572696783,0.0002891987227136,0.005115267965713,-0.63,115.2034,-0.040000000000000036,0.005155633111571634
2022-01-25,1852.699951171875,0.0059727427331475,85.5999984741211,0.02748770834997,0.08,0.0755880572696783,0.0002891987227136,0.0056835440104338,-0.63,115.1654,0.0,-0.0003298513759142363
2022-01-26,1829.9000244140625,-0.0123063244770914,87.3499984741211,0.0204439255980719,0.08,0.0755880572696783,0.0002891987227136,-0.012595523199805,-0.53,115.0922,0.09999999999999998,-0.0006356075696346553
2022-01-27,1793.300048828125,-0.0200010793473031,86.61000061035156,-0.0084716414046506,0.08,0.0755880572696783,0.0002891987227136,-0.0202902780700167,-0.59,115.978,-0.05999999999999994,0.007696438160014196
2022-01-28,1784.9000244140625,-0.0046841154214832,86.81999969482422,0.002424651691407,0.08,0.0755880572696783,0.0002891987227136,-0.0049733141441968,-0.66,116.0393,-0.07000000000000006,0.0005285485178223581
2022-01-31,1795.0,0.0056585665571118,88.1500015258789,0.0153190720540163,0.08,0.0755880572696783,0.0002891987227136,0.0053693678343981,-0.65,115.566,0.010000000000000009,-0.004078790547685118
2022-02-01,1800.300048828125,0.0029526734418523,88.19999694824219,0.0005671630345758,0.08,0.0793727876651781,0.0003031416535141,0.0026495317883381,-0.62,115.3685,0.030000000000000027,-0.0017089801498710866
2022-02-02,1809.199951171875,0.0049435661291812,88.26000213623047,0.000680330953112,0.08,0.0793727876651781,0.0003031416535141,0.004640424475667,-0.63,115.1538,-0.010000000000000009,-0.0018609932520574635
2022-02-03,1803.0,-0.0034269021330998,90.2699966430664,0.0227735605958119,0.08,0.0793727876651781,0.0003031416535141,-0.0037300437866139,-0.56,114.9065,0.06999999999999995,-0.002147562650993806
2022-02-04,1806.5999755859373,0.0019966586721782,92.30999755859376,0.0225988810389972,0.08,0.0793727876651781,0.0003031416535141,0.001693517018664,-0.48,115.1362,0.08000000000000007,0.001999016591750724
2022-02-07,1820.5999755859373,0.0077493635498691,91.31999969482422,-0.0107247090234308,0.08,0.0793727876651781,0.0003031416535141,0.0074462218963549,-0.48,115.0098,0.0,-0.0010978302219458724
2022-02-08,1826.5999755859373,0.0032956168738105,89.36000061035156,-0.0214629773436556,0.08,0.0793727876651781,0.0003031416535141,0.0029924752202963,-0.46,115.0892,0.019999999999999962,0.0006903759505711982
2022-02-09,1835.199951171875,0.004708187726313,89.66000366210938,0.0033572409322819,0.08,0.0793727876651781,0.0003031416535141,0.0044050460727988,-0.48,114.8232,-0.019999999999999962,-0.0023112507515909986
2022-02-10,1836.199951171875,0.000544899752946,89.87999725341797,0.0024536424528562,0.08,0.0793727876651781,0.0003031416535141,0.0002417580994318,-0.42,114.5527,0.06,-0.0023557956928564883
2022-02-11,1840.800048828125,0.0025052269788561,93.0999984741211,0.0358255598475851,0.08,0.0793727876651781,0.0003031416535141,0.0022020853253419,-0.51,114.8413,-0.09000000000000002,0.0025193644497250034
2022-02-14,1868.0,0.0147761573502731,95.45999908447266,0.0253490939745564,0.08,0.0793727876651781,0.0003031416535141,0.0144730156967589,-0.5,115.1946,0.010000000000000009,0.0030764193717764954
2022-02-15,1854.800048828125,-0.0070663550170636,92.06999969482422,-0.0355122503892821,0.08,0.0793727876651781,0.0003031416535141,-0.0073694966705777,-0.43,114.93,0.07,-0.0022969826710625973
2022-02-16,1870.199951171875,0.008302729101975,93.66000366210938,0.0172695120294927,0.08,0.0793727876651781,0.0003031416535141,0.0079995874484608,-0.43,114.6886,0.0,-0.002100408944575083
2022-02-17,1900.699951171875,0.0163084166379581,91.76000213623048,-0.0202861568608667,0.08,0.0793727876651781,0.0003031416535141,0.0160052749844439,-0.46,114.6755,-0.030000000000000027,-0.00011422233770397305
2022-02-18,1898.5999755859373,-0.0011048432892538,91.06999969482422,-0.0075196428219546,0.08,0.0793727876651781,0.0003031416535141,-0.0014079849427679,-0.49,114.7982,-0.02999999999999997,0.0010699757140801847
2022-02-22,1906.0999755859373,0.0039502792038568,92.3499984741211,0.0140551090763825,0.08,0.0793727876651781,0.0003031416535141,0.0036471375503426,-0.51,114.7002,-0.020000000000000018,-0.0008536719216851729
2022-02-23,1909.199951171875,0.0016263446963136,92.0999984741211,-0.002707092627295,0.08,0.0793727876651781,0.0003031416535141,0.0013232030427994,-0.54,114.6668,-0.030000000000000027,-0.00029119391247789395
2022-02-24,1925.0999755859373,0.0083281085379784,92.80999755859376,0.0077090021306802,0.08,0.0793727876651781,0.0003031416535141,0.0080249668844642,-0.59,115.9419,-0.04999999999999993,0.011120045209249918
2022-02-25,1886.5,-0.0200508940187321,91.58999633789062,-0.0131451487209974,0.08,0.0793727876651781,0.0003031416535141,-0.0203540356722462,-0.57,115.2577,0.020000000000000018,-0.005901231565120124
2022-02-28,1899.4000244140625,0.0068380728407433,95.72000122070312,0.04509231409483,0.08,0.0793727876651781,0.0003031416535141,0.0065349311872291,-0.79,115.2224,-0.22000000000000008,-0.0003062702101465087
2022-03-01,1942.4000244140625,0.0226387277283861,103.41000366210938,0.0803385117356536,0.08,0.0857220496601385,0.0003264233010589,0.0223123044273271,-0.9,115.7962,-0.10999999999999999,0.004979934457189028
2022-03-02,1920.9000244140625,-0.0110687807504973,110.5999984741211,0.0695290064538138,0.08,0.0857220496601385,0.0003264233010589,-0.0113952040515562,-0.85,115.7623,0.050000000000000044,-0.00029275572082676504
2022-03-03,1934.4000244140625,0.0070279555564678,107.66999816894533,-0.0264918656925783,0.08,0.0857220496601385,0.0003264233010589,0.0067015322554088,-0.83,115.9495,0.020000000000000018,0.0016171067782861925
2022-03-04,1965.0999755859373,0.0158705287347038,115.68000030517578,0.0743940027161693,0.08,0.0857220496601385,0.0003264233010589,0.0155441054336448,-0.93,116.6503,-0.10000000000000009,0.006044010539070888
2022-03-07,1993.9000244140625,0.0146557677400294,119.4000015258789,0.0321576868161253,0.08,0.0857220496601385,0.0003264233010589,0.0143293444389704,-0.99,117.3278,-0.05999999999999994,0.00580795763062758
2022-03-08,2040.0999755859373,0.0231706457726994,123.6999969482422,0.0360133615361075,0.08,0.0857220496601385,0.0003264233010589,0.0228442224716404,-1.04,117.6176,-0.050000000000000044,0.00247000284672505
2022-03-09,1985.9000244140625,-0.0265673015148721,108.6999969482422,-0.1212611185938525,0.08,0.0857220496601385,0.0003264233010589,-0.026893724815931,-0.9,116.5961,0.14,-0.008684924705146035
2022-03-10,1998.0999755859373,0.0061432856749545,106.0199966430664,-0.0246550172991437,0.08,0.0857220496601385,0.0003264233010589,0.0058168623738955,-0.88,116.7401,0.020000000000000018,0.0012350327326555721
2022-03-11,1982.699951171875,-0.0077073342686702,109.33000183105467,0.0312205743519493,0.08,0.0857220496601385,0.0003264233010589,-0.0080337575697291,-0.94,117.0192,-0.05999999999999994,0.0023907808884864323
2022-03-14,1959.5999755859373,-0.0116507672138107,103.01000213623048,-0.0578066366868846,0.08,0.0857220496601385,0.0003264233010589,-0.0119771905148696,-0.79,117.1506,0.1499999999999999,0.0011228926535131745
2022-03-15,1928.5,-0.0158705735728733,96.44000244140624,-0.0637802112277933,0.08,0.0857220496601385,0.0003264233010589,-0.0161969968739322,-0.69,117.246,0.10000000000000009,0.0008143364182513491
2022-03-16,1908.0,-0.0106300233341976,95.04000091552734,-0.0145168134636817,0.08,0.0857220496601385,0.0003264233010589,-0.0109564466352565,-0.61,116.8073,0.07999999999999996,-0.003741705473960688
2022-03-17,1942.0999755859373,0.0178721046047889,102.9800033569336,0.0835437959271845,0.33,0.0857220496601385,0.0003264233010589,0.0175456813037299,-0.71,116.0467,-0.09999999999999998,-0.006511579327661887
2022-03-18,1928.199951171875,-0.0071572136289579,104.6999969482422,0.0167022095090345,0.33,0.0857220496601385,0.0003264233010589,-0.0074836369300168,-0.72,116.1378,-0.010000000000000009,0.0007850287858250926
2022-03-21,1928.5999755859373,0.0002074600270678,112.12000274658205,0.0708692073984289,0.33,0.0857220496601385,0.0003264233010589,-0.0001189632739911,-0.58,115.9398,0.14,-0.00170487128221819
2022-03-22,1920.699951171875,-0.0040962483221345,111.76000213623048,-0.0032108508877336,0.33,0.0857220496601385,0.0003264233010589,-0.0044226716231934,-0.53,116.0824,0.04999999999999993,0.0012299486457627573
2022-03-23,1936.5999755859373,0.0082782448160949,114.93000030517578,0.0283643352572704,0.33,0.0857220496601385,0.0003264233010589,0.0079518215150359,-0.62,116.005,-0.08999999999999997,-0.000666767744292085
2022-03-24,1961.5999755859373,0.0129092225111879,112.33999633789062,-0.0225354908240482,0.33,0.0857220496601385,0.0003264233010589,0.0125827992101289,-0.58,115.9599,0.040000000000000036,-0.0003887763458471083
2022-03-25,1953.800048828125,-0.0039763085516365,113.9000015258789,0.0138864628702335,0.33,0.0857220496601385,0.0003264233010589,-0.0043027318526954,-0.47,115.7921,0.10999999999999999,-0.0014470519550292549
2022-03-28,1939.5999755859373,-0.007267925523241,105.95999908447266,-0.0697102926693308,0.33,0.0857220496601385,0.0003264233010589,-0.0075943488242999,-0.49,116.1911,-0.020000000000000018,0.0034458309331983905
2022-03-29,1912.0,-0.0142297256822762,104.23999786376952,-0.0162325522420202,0.33,0.0857220496601385,0.0003264233010589,-0.0145561489833351,-0.45,115.5679,0.03999999999999998,-0.005363577761119509
2022-03-30,1933.5,0.011244769874477,107.81999969482422,0.034343840218928,0.33,0.0857220496601385,0.0003264233010589,0.010918346573418,-0.51,115.0818,-0.06,-0.004206185281553032
2022-03-31,1949.199951171875,0.0081199644023144,100.27999877929688,-0.0699313757824958,0.33,0.0857220496601385,0.0003264233010589,0.0077935411012554,-0.52,115.2218,-0.010000000000000009,0.0012165259841261378
2022-04-01,1919.0999755859373,-0.015442220572518,99.2699966430664,-0.0100718203881648,0.33,0.0823175077077722,0.000313956347707,-0.015756176920225,-0.41,115.4814,0.11000000000000004,0.002253045864584635
2022-04-04,1929.199951171875,0.0052628709887059,103.27999877929688,0.0403949055286942,0.33,0.0823175077077722,0.000313956347707,0.0049489146409988,-0.38,115.4112,0.02999999999999997,-0.0006078901017826377
2022-04-05,1922.9000244140625,-0.0032655644398008,101.95999908447266,-0.0127807872814268,0.33,0.0823175077077722,0.000313956347707,-0.0035795207875078,-0.3,115.73,0.08000000000000002,0.0027622969001275255
2022-04-06,1918.4000244140625,-0.002340215270095,96.2300033569336,-0.0561984678206188,0.33,0.0823175077077722,0.000313956347707,-0.002654171617802,-0.22,115.9995,0.07999999999999999,0.00232869610299824
2022-04-07,1933.800048828125,0.008027535559882,96.02999877929688,-0.0020784014409193,0.33,0.0823175077077722,0.000313956347707,0.0077135792121749,-0.16,116.3512,0.06,0.0030319096203001994
2022-04-08,1941.5999755859373,0.0040334711763707,98.26000213623048,0.0232219450721722,0.33,0.0823175077077722,0.000313956347707,0.0037195148286636,-0.15,116.4176,0.010000000000000009,0.000570685992065334
2022-04-11,1944.300048828125,0.0013906434261119,94.29000091552734,-0.0404030239608482,0.33,0.0823175077077722,0.000313956347707,0.0010766870784048,-0.12,116.5401,0.03,0.001052246395734091
2022-04-12,1972.0999755859373,0.0142981669802293,100.5999984741211,0.0669211740091799,0.33,0.0823175077077722,0.000313956347707,0.0139842106325222,-0.14,116.3866,-0.020000000000000018,-0.001317143197920645
2022-04-13,1981.0,0.0045129681680657,104.25,0.0362823218811265,0.33,0.0823175077077722,0.000313956347707,0.0041990118203586,-0.1,116.2796,0.04000000000000001,-0.0009193498220585461
2022-04-14,1970.9000244140625,-0.0050984228096605,106.9499969482422,0.0258992513020832,0.33,0.0823175077077722,0.000313956347707,-0.0054123791573675,-0.06,116.7558,0.04000000000000001,0.004095301325425904
2022-04-18,1982.9000244140625,0.0060885888940853,108.20999908447266,0.011781226481383,0.33,0.0823175077077722,0.000313956347707,0.0057746325463782,-0.07,116.8441,-0.010000000000000009,0.0007562793454372052
2022-04-19,1955.699951171875,-0.013717319535676,102.55999755859376,-0.0522133035179892,0.33,0.0823175077077722,0.000313956347707,-0.014031275883383,0.0,117.1324,0.07,0.0024673903089673654
2022-04-20,1952.300048828125,-0.0017384580603546,102.75,0.0018525979517276,0.33,0.0823175077077722,0.000313956347707,-0.0020524144080616,-0.07,116.7306,-0.07,-0.0034303062175794485
2022-04-21,1944.9000244140625,-0.0037904134758919,103.79000091552734,0.0101216634114582,0.33,0.0823175077077722,0.000313956347707,-0.0041043698235989,-0.12,117.1432,-0.04999999999999999,0.003534634448893348
2022-04-22,1931.0,-0.0071469094758482,102.06999969482422,-0.0165719356925625,0.33,0.0823175077077722,0.000313956347707,-0.0074608658235552,-0.08,118.0186,0.039999999999999994,0.007472904957351423
2022-04-25,1893.199951171875,-0.0195753748462583,98.54000091552734,-0.0345840970887734,0.33,0.0823175077077722,0.000313956347707,-0.0198893311939653,-0.1,118.6271,-0.020000000000000004,0.005155966940804113
2022-04-26,1901.4000244140625,0.0043313297346705,101.6999969482422,0.0320681550979862,0.33,0.0823175077077722,0.000313956347707,0.0040173733869634,-0.08,118.9624,0.020000000000000004,0.002826504230483584
2022-04-27,1885.9000244140625,-0.0081518879777949,102.0199966430664,0.003146506434873,0.33,0.0823175077077722,0.000313956347707,-0.0084658443255019,-0.06,119.4708,0.020000000000000004,0.004273619227587844
2022-04-28,1888.699951171875,0.0014846634082219,105.36000061035156,0.0327387186550369,0.33,0.0823175077077722,0.000313956347707,0.0011707070605148,-0.12,120.0675,-0.06,0.004994525859038257
2022-04-29,1909.300048828125,0.0109070250377611,104.69000244140624,-0.0063591321665148,0.33,0.0823175077077722,0.000313956347707,0.010593068690054,0.01,119.4933,0.13,-0.004782309950652652
2022-05-02,1861.800048828125,-0.0248782269864572,105.16999816894533,0.0045849242176463,0.33,0.0853817119564206,0.0003251787852622,-0.0252034057717194,0.18,119.8825,0.16999999999999998,0.0032570863805752026
2022-05-03,1868.800048828125,0.0037598022432141,102.41000366210938,-0.0262431734799717,0.33,0.0853817119564206,0.0003251787852622,0.0034346234579518,0.14,119.7043,-0.03999999999999998,-0.001486455487664906
2022-05-04,1867.0,-0.0009632110344034,107.80999755859376,0.0527291641771741,0.33,0.0853817119564206,0.0003251787852622,-0.0012883898196656,0.07,119.5592,-0.07,-0.0012121536152001067
2022-05-05,1874.0,0.0037493304767006,108.26000213623048,0.0041740523868589,0.83,0.0853817119564206,0.0003251787852622,0.0034241516914383,0.18,120.0068,0.10999999999999999,0.0037437520491940823
2022-05-06,1881.199951171875,0.0038420230372866,109.7699966430664,0.0139478521803075,0.83,0.0853817119564206,0.0003251787852622,0.0035168442520243,0.26,119.8577,0.08000000000000002,-0.001242429595656236
2022-05-09,1857.0999755859373,-0.0128109590747781,103.08999633789062,-0.0608545186249462,0.83,0.0853817119564206,0.0003251787852622,-0.0131361378600403,0.3,120.4972,0.03999999999999998,0.005335493672913971
2022-05-10,1839.9000244140625,-0.0092617260233651,99.76000213623048,-0.0323018170526039,0.83,0.0853817119564206,0.0003251787852622,-0.0095869048086273,0.34,120.7742,0.040000000000000036,0.0022988086030213406
2022-05-11,1852.5999755859373,0.0069025224215208,105.70999908447266,0.0596431116763307,0.83,0.0853817119564206,0.0003251787852622,0.0065773436362585,0.21,120.3925,-0.13000000000000003,-0.0031604432072412925
2022-05-12,1823.800048828125,-0.015545680199366,106.12999725341795,0.0039731167588952,0.83,0.0853817119564206,0.0003251787852622,-0.0158708589846282,0.25,121.2796,0.04000000000000001,0.0073683991943021
2022-05-13,1807.4000244140625,-0.008992227204183,110.48999786376952,0.0410816990783551,0.83,0.0853817119564206,0.0003251787852622,-0.0093174059894452,0.24,120.8442,-0.010000000000000009,-0.0035900514183754284
2022-05-16,1813.5,0.003375000278599,114.1999969482422,0.0335776917024377,0.83,0.0853817119564206,0.0003251787852622,0.0030498214933367,0.2,120.6881,-0.03999999999999998,-0.0012917459009202936
2022-05-17,1818.199951171875,0.0025916466346154,112.4000015258789,-0.0157617817028408,0.83,0.0853817119564206,0.0003251787852622,0.0022664678493531,0.27,119.8871,0.07,-0.0066369426646040175
2022-05-18,1815.9000244140625,-0.0012649471012966,109.58999633789062,-0.0250000458170929,0.83,0.0853817119564206,0.0003251787852622,-0.0015901258865588,0.17,120.0274,-0.1,0.0011702676935216871
2022-05-19,1841.199951171875,0.0139324447478743,112.20999908447266,0.0239073166724448,0.83,0.0853817119564206,0.0003251787852622,0.013607265962612,0.25,119.4278,0.07999999999999999,-0.004995526021558394
2022-05-20,1841.800048828125,0.0003259274778211,113.2300033569336,0.0090901370714124,0.83,0.0853817119564206,0.0003251787852622,7.486925588188467e-07,0.23,119.3677,-0.01999999999999999,-0.0005032329156193782
2022-05-23,1847.800048828125,0.00325768261534,110.29000091552734,-0.025964871096387,0.83,0.0853817119564206,0.0003251787852622,0.0029325038300777,0.26,118.7169,0.03,-0.005452061152221299
2022-05-24,1865.0999755859373,0.0093624452325262,109.7699966430664,-0.004714881386747,0.83,0.0853817119564206,0.0003251787852622,0.0090372664472639,0.21,118.6245,-0.05000000000000002,-0.0007783222102328846
2022-05-25,1846.199951171875,-0.0101335181284986,110.33000183105467,0.0051016234409591,0.83,0.0853817119564206,0.0003251787852622,-0.0104586969137608,0.19,118.9598,-0.01999999999999999,0.0028265661815223275
2022-05-26,1847.4000244140625,0.0006500234394577,114.08999633789062,0.0340795290894087,0.83,0.0853817119564206,0.0003251787852622,0.0003248446541954,0.13,118.7687,-0.06,-0.0016064250276144332
2022-05-27,1851.300048828125,0.0021110882118231,115.06999969482422,0.0085897395774403,0.83,0.0853817119564206,0.0003251787852622,0.0017859094265608,0.11,118.2834,-0.020000000000000004,-0.0040860933899250496
2022-05-31,1842.699951171875,-0.0046454369520996,114.66999816894533,-0.0034761582249043,0.83,0.0853817119564206,0.0003251787852622,-0.0049706157373618,0.21,118.0704,0.09999999999999999,-0.001800759869939439
2022-06-01,1843.300048828125,0.0003256621653831,115.26000213623048,0.0051452339470337,0.83,0.0897936110310579,0.0003412817576367,-1.56195922536022e-05,0.29,118.6954,0.07999999999999999,0.005293452042171465
2022-06-02,1866.5,0.0125860958917807,116.87000274658205,0.0139684242626392,0.83,0.0897936110310579,0.0003412817576367,0.0122448141341439,0.26,118.0658,-0.02999999999999997,-0.005304333613602608
2022-06-03,1845.4000244140625,-0.0113045676860099,118.87000274658205,0.0171130311713669,0.83,0.0897936110310579,0.0003412817576367,-0.0116458494436466,0.22,118.2153,-0.04000000000000001,0.0012662430610728137
2022-06-06,1839.199951171875,-0.0033597448575715,118.5,-0.0031126670987872,0.83,0.0897936110310579,0.0003412817576367,-0.0037010266152082,0.28,118.3081,0.060000000000000026,0.0007850083703209165
2022-06-07,1847.5,0.004512858334319,119.41000366210938,0.0076793557983914,0.83,0.0897936110310579,0.0003412817576367,0.0041715765766822,0.25,118.4414,-0.030000000000000027,0.0011267191341928218
2022-06-08,1851.9000244140625,0.0023816099670161,122.11000061035156,0.0226111453432518,0.83,0.0897936110310579,0.0003412817576367,0.0020403282093793,0.28,118.3951,0.030000000000000027,-0.0003909106106479987
2022-06-09,1848.800048828125,-0.0016739432718125,121.51000213623048,-0.0049135899690613,0.83,0.0897936110310579,0.0003412817576367,-0.0020152250294492,0.29,118.9226,0.009999999999999953,0.004455420874681426
2022-06-10,1871.5,0.0122782077955176,120.66999816894533,-0.0069130438031215,0.83,0.0897936110310579,0.0003412817576367,0.0119369260378808,0.39,119.9981,0.10000000000000003,0.009043697329187195
2022-06-13,1828.0,-0.0232433876569596,120.93000030517578,0.0021546543480215,0.83,0.0897936110310579,0.0003412817576367,-0.0235846694145963,0.69,121.1523,0.29999999999999993,0.00961848562602241
2022-06-14,1809.5,-0.0101203501094091,118.93000030517578,-0.0165384933015203,0.83,0.0897936110310579,0.0003412817576367,-0.0104616318670458,0.89,121.6669,0.20000000000000007,0.004247546270273128
2022-06-15,1815.300048828125,0.0032053323172838,115.30999755859376,-0.0304380958319436,0.83,0.0897936110310579,0.0003412817576367,0.002864050559647,0.63,121.6403,-0.26,-0.00021862971769648354
2022-06-16,1845.699951171875,0.0167464890244313,117.58999633789062,0.0197727762342403,1.58,0.0897936110310579,0.0003412817576367,0.0164052072667946,0.66,120.6714,0.030000000000000027,-0.00796528781990824
2022-06-17,1835.5999755859373,-0.0054721654944644,109.55999755859376,-0.0682881114837605,1.58,0.0897936110310579,0.0003412817576367,-0.0058134472521011,0.67,121.2369,0.010000000000000009,0.004686280261934517
2022-06-21,1834.5999755859373,-0.0005447810052845,110.6500015258789,0.0099489228876827,1.58,0.0897936110310579,0.0003412817576367,-0.0008860627629212,0.7,120.6427,0.029999999999999916,-0.004901148082803175
2022-06-22,1834.300048828125,-0.0001634834633182,106.19000244140624,-0.0403072663621206,1.58,0.0897936110310579,0.0003412817576367,-0.0005047652209549,0.62,120.5197,-0.07999999999999996,-0.0010195395162740928
2022-06-23,1825.699951171875,-0.004688490120111,104.2699966430664,-0.018080852756353,1.58,0.0897936110310579,0.0003412817576367,-0.0050297718777477,0.59,120.7622,-0.030000000000000027,0.0020121191805158034
2022-06-24,1826.5,0.0004382148488373,107.62000274658205,0.0321281884661726,1.58,0.0897936110310579,0.0003412817576367,9.69330912005978e-05,0.57,120.4853,-0.020000000000000018,-0.0022929360346202188
2022-06-27,1820.9000244140625,-0.0030659598061524,109.56999969482422,0.0181192798594693,1.58,0.0897936110310579,0.0003412817576367,-0.0034072415637891,0.65,120.1736,0.08000000000000007,-0.002587037588817953
2022-06-28,1817.5,-0.0018672219059124,111.76000213623048,0.0199872451173301,1.58,0.0897936110310579,0.0003412817576367,-0.0022085036635491,0.72,120.62,0.06999999999999995,0.003714626174134761
2022-06-29,1813.699951171875,-0.0020908109095598,109.77999877929688,-0.0177165651314148,1.58,0.0897936110310579,0.0003412817576367,-0.0024320926671965,0.74,120.9616,0.020000000000000018,0.0028320344884762427
2022-06-30,1804.0999755859373,-0.0052930340433293,105.76000213623048,-0.0366186617577602,1.58,0.0897936110310579,0.0003412817576367,-0.005634315800966,0.65,120.9652,-0.08999999999999997,2.97615110911309e-05
2022-07-01,1798.9000244140625,-0.0028822965701699,108.43000030517578,0.0252458218136764,1.58,0.0846257672773009,0.0003224131248307,-0.0032047096950006,0.54,121.5058,-0.10999999999999999,0.0044690539097194115
2022-07-05,1761.800048828125,-0.0206237006406299,99.5,-0.0823572837779427,1.58,0.0846257672773009,0.0003224131248307,-0.0209461137654606,0.52,122.6203,-0.020000000000000018,0.009172401646670325
2022-07-06,1734.9000244140625,-0.0152684888571522,98.52999877929688,-0.0097487559869661,1.58,0.0846257672773009,0.0003224131248307,-0.0155909019819829,0.64,123.0073,0.12,0.003156084269896553
2022-07-07,1737.9000244140625,0.0017292062699769,102.7300033569336,0.0426266581718381,1.58,0.0846257672773009,0.0003224131248307,0.0014067931451461,0.68,122.7257,0.040000000000000036,-0.0022892950255797295
2022-07-08,1740.5999755859375,0.0015535710535392,104.79000091552734,0.0200525405556186,1.58,0.0846257672773009,0.0003224131248307,0.0012311579287084,0.72,122.4662,0.039999999999999925,-0.002114471541005747
2022-07-11,1730.0,-0.0060898401324918,104.08999633789062,-0.0066800703456525,1.58,0.0846257672773009,0.0003224131248307,-0.0064122532573225,0.67,123.2974,-0.04999999999999993,0.00678717882975044
2022-07-12,1723.300048828125,-0.0038728041455924,95.83999633789062,-0.0792583369224008,1.58,0.0846257672773009,0.0003224131248307,-0.0041952172704231,0.64,123.4524,-0.030000000000000027,0.001257123021247919
2022-07-13,1734.199951171875,0.0063250171385778,96.3000030517578,0.004799736346456,1.58,0.0846257672773009,0.0003224131248307,0.006002604013747,0.6,123.2834,-0.040000000000000036,-0.001368948679815074
2022-07-14,1704.5,-0.0171260246846423,95.77999877929688,-0.0053998365107159,1.58,0.0846257672773009,0.0003224131248307,-0.017448437809473,0.62,124.0622,0.020000000000000018,0.006317152187561348
2022-07-15,1702.4000244140625,-0.0012320185309108,97.58999633789062,0.018897448127604,1.58,0.0846257672773009,0.0003224131248307,-0.0015544316557415,0.57,123.4765,-0.050000000000000044,-0.004721018972741131
2022-07-18,1709.199951171875,0.0039943178220718,102.5999984741211,0.0513372509912193,1.58,0.0846257672773009,0.0003224131248307,0.003671904697241,0.59,122.7727,0.020000000000000018,-0.005699870015752007
2022-07-19,1710.0,0.0004680838117134,104.22000122070312,0.0157895006888391,1.58,0.0846257672773009,0.0003224131248307,0.0001456706868826,0.62,122.4819,0.030000000000000027,-0.0023686047468207683
2022-07-20,1699.5,-0.006140350877193,102.26000213623048,-0.0188063621331382,1.58,0.0846257672773009,0.0003224131248307,-0.0064627640020237,0.66,122.5997,0.040000000000000036,0.0009617747601891047
2022-07-21,1712.699951171875,0.0077669615603854,96.3499984741211,-0.0577938933957392,1.58,0.0846257672773009,0.0003224131248307,0.0074445484355546,0.58,122.9032,-0.08000000000000007,0.0024755362370381118
2022-07-22,1727.0999755859375,0.0084077916883278,94.6999969482422,-0.0171250809757105,1.58,0.0846257672773009,0.0003224131248307,0.008085378563497,0.43,122.451,-0.14999999999999997,-0.0036793183578621713
2022-07-25,1719.0,-0.0046899286089038,96.6999969482422,0.0211193248622076,1.58,0.0846257672773009,0.0003224131248307,-0.0050123417337345,0.45,122.4594,0.020000000000000018,6.859886811882987e-05
2022-07-26,1717.699951171875,-0.000756282040794,94.9800033569336,-0.0177869042977241,1.58,0.0846257672773009,0.0003224131248307,-0.0010786951656247,0.45,122.7581,0.0,0.0024391757594761643
2022-07-27,1719.0999755859375,0.0008150576083485,97.26000213623048,0.0240050399948783,1.58,0.0846257672773009,0.0003224131248307,0.0004926444835177,0.36,122.8169,-0.09000000000000002,0.00047899079571944725
2022-07-28,1750.300048828125,0.0181490743326624,96.41999816894533,-0.008636684647699,2.33,0.0846257672773009,0.0003224131248307,0.0178266612078316,0.2,122.1161,-0.15999999999999998,-0.0057060551113079505
2022-07-29,1762.9000244140625,0.0071987517765159,98.62000274658205,0.0228168908879453,2.32,0.0846257672773009,0.0003224131248307,0.0068763386516851,0.14,121.7678,-0.06,-0.002852203763467842
2022-08-01,1769.0,0.0034601937157299,93.88999938964844,-0.0479619065625864,2.33,0.0822257917821882,0.0003136199568483,0.0031465737588815,0.09,121.4109,-0.05000000000000002,-0.0029309883236783296
2022-08-02,1771.0999755859375,0.0011870975612988,94.41999816894533,0.0056448906458861,2.33,0.0822257917821882,0.0003136199568483,0.0008734776044504,0.27,121.9486,0.18000000000000002,0.004428762162211219
2022-08-03,1758.0,-0.0073965195452072,90.66000366210938,-0.0398220141892843,2.33,0.0822257917821882,0.0003136199568483,-0.0077101395020555,0.23,122.3888,-0.04000000000000001,0.0036097175367326706
2022-08-04,1788.5,0.0173492605233218,88.54000091552734,-0.0233841017090987,2.33,0.0822257917821882,0.0003136199568483,0.0170356405664734,0.22,121.8333,-0.010000000000000009,-0.004538814009125147
2022-08-05,1772.9000244140625,-0.0087223794162356,89.01000213623047,0.0053083489478562,2.33,0.0822257917821882,0.0003136199568483,-0.0090359993730839,0.37,122.321,0.15,0.004003010671138396
2022-08-08,1786.800048828125,0.0078402753808164,90.76000213623048,0.0196607118076641,2.33,0.0822257917821882,0.0003136199568483,0.007526655423968,0.29,121.8783,-0.08000000000000002,-0.0036191659649610353
2022-08-09,1794.0,0.0040295225963291,90.5,-0.0028647215746007,2.33,0.0822257917821882,0.0003136199568483,0.0037159026394807,0.33,121.8614,0.040000000000000036,-0.00013866291210162807
2022-08-10,1795.5999755859375,0.0008918481526964,91.93000030517578,0.0158011083444837,2.33,0.0822257917821882,0.0003136199568483,0.000578228195848,0.35,120.7543,0.019999999999999962,-0.009084911218810943
2022-08-11,1789.699951171875,-0.0032858233984645,94.33999633789062,0.0262155555826659,2.33,0.0822257917821882,0.0003136199568483,-0.0035994433553128,0.4,120.7163,0.050000000000000044,-0.00031468858665895105
2022-08-12,1798.5999755859375,0.0049729142632175,92.08999633789062,-0.0238499055261921,2.33,0.0822257917821882,0.0003136199568483,0.0046592943063691,0.37,121.018,-0.030000000000000027,0.0024992482373962233
2022-08-15,1781.4000244140625,-0.0095629664212976,89.41000366210938,-0.0291018870925784,2.33,0.0822257917821882,0.0003136199568483,-0.0098765863781459,0.35,121.4315,-0.020000000000000018,0.0034168470805995277
2022-08-16,1773.199951171875,-0.0046031621925483,86.52999877929688,-0.0322112153545632,2.33,0.0822257917821882,0.0003136199568483,-0.0049167821493966,0.38,121.6807,0.030000000000000027,0.002052185800224926
2022-08-17,1760.300048828125,-0.0072749282083076,88.11000061035156,0.0182595845758029,2.33,0.0822257917821882,0.0003136199568483,-0.0075885481651559,0.43,122.0711,0.04999999999999999,0.003208397058859891
2022-08-18,1755.300048828125,-0.0028404248487799,90.5,0.0271251773135006,2.33,0.0822257917821882,0.0003136199568483,-0.0031540448056282,0.36,122.3627,-0.07,0.002388771789555433
2022-08-19,1747.5999755859375,-0.0043867561260129,90.7699966430664,0.0029833883211758,2.33,0.0822257917821882,0.0003136199568483,-0.0047003760828612,0.43,123.0501,0.07,0.0056177250093369935
2022-08-22,1734.0,-0.0077820873059795,90.2300033569336,-0.0059490283805586,2.33,0.0822257917821882,0.0003136199568483,-0.0080957072628278,0.46,123.605,0.030000000000000027,0.004509545299028694
2022-08-23,1746.800048828125,0.0073818043991493,93.73999786376952,0.0389005250609493,2.33,0.0822257917821882,0.0003136199568483,0.0070681844423009,0.47,123.0547,0.009999999999999953,-0.004452085271631434
2022-08-24,1747.800048828125,0.0005724753675562,94.88999938964844,0.0122679918080452,2.33,0.0822257917821882,0.0003136199568483,0.0002588554107078,0.49,123.109,0.020000000000000018,0.0004412671763045495
2022-08-25,1757.699951171875,0.0056642076136728,92.5199966430664,-0.0249763174394178,2.33,0.0822257917821882,0.0003136199568483,0.0053505876568244,0.43,123.0586,-0.06,-0.00040939330187061973
2022-08-26,1736.0999755859375,-0.0122887729339337,93.05999755859376,0.0058365859827105,2.33,0.0822257917821882,0.0003136199568483,-0.012602392890782,0.47,123.0656,0.03999999999999998,5.688346852639192e-05
2022-08-29,1736.5999755859375,0.0002880018472617,97.01000213623048,0.042445784238815,2.33,0.0822257917821882,0.0003136199568483,-2.5618109586610007e-05,0.54,123.4686,0.07000000000000006,0.0032746762702167143
2022-08-30,1723.199951171875,-0.0077162412774659,91.63999938964844,-0.0553551451224686,2.33,0.0822257917821882,0.0003136199568483,-0.0080298612343142,0.56,123.6848,0.020000000000000018,0.0017510524943185057
2022-08-31,1712.800048828125,-0.0060352266936157,89.55000305175781,-0.0228065948473447,2.33,0.0822257917821882,0.0003136199568483,-0.006348846650464,0.67,123.535,0.10999999999999999,-0.001211143163913464
2022-09-01,1696.5999755859375,-0.0094582395961929,86.61000061035156,-0.0328308469147342,2.33,0.0819210689642582,0.0003125021065579,-0.0097707417027508,0.81,124.4006,0.14,0.007006921115473297
2022-09-02,1709.800048828125,0.0077803096971216,86.87000274658203,0.0030019874656297,2.33,0.0819210689642582,0.0003125021065579,0.0074678075905636,0.73,123.7743,-0.08000000000000007,-0.005034541634043599
2022-09-06,1700.4000244140625,-0.0054977331533621,86.87999725341797,0.0001150513010237,2.33,0.0819210689642582,0.0003125021065579,-0.00581023525992,0.85,124.767,0.12,0.008020243297679697
2022-09-07,1715.300048828125,0.0087626583157671,81.94000244140625,-0.0568599789155422,2.33,0.0819210689642582,0.0003125021065579,0.0084501562092091,0.82,124.8408,-0.030000000000000027,0.0005915025607732272
2022-09-08,1708.0,-0.0042558436543579,83.54000091552734,0.0195264635885898,2.33,0.0819210689642582,0.0003125021065579,-0.0045683457609158,0.88,124.578,0.06000000000000005,-0.002105081031201328
2022-09-09,1716.199951171875,0.0048009081802546,86.79000091552734,0.0389035188458555,2.33,0.0819210689642582,0.0003125021065579,0.0044884060736966,0.91,123.7874,0.030000000000000027,-0.006346224855110827
2022-09-12,1728.0999755859375,0.0069339382080373,87.77999877929688,0.0114068193723502,2.33,0.0819210689642582,0.0003125021065579,0.0066214361014793,0.95,123.3332,0.039999999999999925,-0.0036691941183027987
2022-09-13,1705.0,-0.013367268047154,87.30999755859375,-0.0053543088088305,2.33,0.0819210689642582,0.0003125021065579,-0.0136797701537119,0.98,124.4242,0.030000000000000027,0.008845955509141135
2022-09-14,1696.5,-0.0049853372434017,88.4800033569336,0.0134005936439827,2.33,0.0819210689642582,0.0003125021065579,-0.0052978393499596,0.95,124.4509,-0.030000000000000027,0.0002145884803761433
2022-09-15,1665.4000244140625,-0.0183318453203286,85.0999984741211,-0.038200777063461,2.33,0.0819210689642582,0.0003125021065579,-0.0186443474268865,1.02,124.8843,0.07000000000000006,0.00348249791684907
2022-09-16,1671.699951171875,0.0037828309507974,85.11000061035156,0.0001175339178591,2.33,0.0819210689642582,0.0003125021065579,0.0034703288442394,1.07,124.8794,0.050000000000000044,-3.923631713509401e-05
2022-09-19,1666.199951171875,-0.0032900641027981,85.7300033569336,0.0072847226193841,2.33,0.0819210689642582,0.0003125021065579,-0.003602566209356,1.15,125.0104,0.07999999999999985,0.0010490120868613673
2022-09-20,1659.699951171875,-0.0039010924201674,84.44999694824219,-0.0149306702271099,2.33,0.0819210689642582,0.0003125021065579,-0.0042135945267253,1.17,125.1248,0.020000000000000018,0.0009151238616946777
2022-09-21,1664.5999755859375,0.002952355581262,82.94000244140625,-0.0178803382048833,2.33,0.0819210689642582,0.0003125021065579,0.002639853474704,1.13,125.7399,-0.040000000000000036,0.004915891973453768
2022-09-22,1670.800048828125,0.0037246625814739,83.48999786376953,0.0066312443474043,3.08,0.0819210689642582,0.0003125021065579,0.0034121604749159,1.29,126.1667,0.16000000000000014,0.003394308409661484
2022-09-23,1645.300048828125,-0.0152621494222994,78.73999786376953,-0.0568930425384675,3.08,0.0819210689642582,0.0003125021065579,-0.0155746515288573,1.32,127.2853,0.030000000000000027,0.008866047855733639
2022-09-26,1623.300048828125,-0.0133714212284072,76.70999908447266,-0.0257810367585866,3.08,0.0819210689642582,0.0003125021065579,-0.0136839233349651,1.56,128.4539,0.24,0.009180950196134186
2022-09-27,1626.699951171875,0.0020944386382568,78.5,0.0233346491577479,3.08,0.0819210689642582,0.0003125021065579,0.0017819365316988,1.64,128.4386,0.07999999999999985,-0.00011910887874944098
2022-09-28,1660.4000244140625,0.0207168342372605,82.1500015258789,0.046496834724572,3.08,0.0819210689642582,0.0003125021065579,0.0204043321307025,1.39,128.0884,-0.25,-0.0027265946530092844
2022-09-29,1658.5,-0.0011443172645898,81.2300033569336,-0.0111990036744612,3.08,0.0819210689642582,0.0003125021065579,-0.0014568193711477,1.57,127.5437,0.18000000000000016,-0.004252531845194474
2022-09-30,1662.4000244140625,0.0023515371806226,79.48999786376953,-0.0214207241321693,3.08,0.0819210689642582,0.0003125021065579,0.0020390350740646,1.68,127.5148,0.10999999999999988,-0.00022658900439620488
2022-10-03,1692.9000244140625,0.0183469679692469,83.62999725341797,0.0520820166172806,3.08,0.07758813957693,0.000296573094987,0.0180503948742598,1.43,127.0813,-0.25,-0.0033996053791403025
2022-10-04,1721.0999755859375,0.0166577770483731,86.5199966430664,0.0345569709979911,3.08,0.07758813957693,0.000296573094987,0.016361203953386,1.38,126.1819,-0.050000000000000044,-0.007077359139385564
2022-10-05,1711.4000244140625,-0.0056359022192029,87.76000213623047,0.0143320104169633,3.08,0.07758813957693,0.000296573094987,-0.0059324753141899,1.54,126.8616,0.16000000000000014,0.005386667976944315
2022-10-06,1711.699951171875,0.0001752522809008,88.44999694824219,0.0078622925617142,3.08,0.07758813957693,0.000296573094987,-0.0001213208140862,1.61,127.2493,0.07000000000000006,0.003056086317688056
2022-10-07,1700.5,-0.0065431743245696,92.63999938964844,0.0473714255056232,3.08,0.07758813957693,0.000296573094987,-0.0068397474195566,1.62,127.3111,0.010000000000000009,0.0004856608248531291
2022-10-10,1667.300048828125,-0.0195236407949868,91.12999725341795,-0.0162996777437284,3.08,0.07758813957693,0.000296573094987,-0.0198202138899738,1.62,127.3111,0.0,0.0
2022-10-11,1678.699951171875,0.0068373430155912,89.3499984741211,-0.0195325231311812,3.08,0.07758813957693,0.000296573094987,0.0065407699206041,1.62,127.6641,0.0,0.0027727354488336076
2022-10-12,1670.300048828125,-0.005003814015653,87.2699966430664,-0.0232792598385676,3.08,0.07758813957693,0.000296573094987,-0.00530038711064,1.62,128.1481,0.0,0.003791198935330975
2022-10-13,1670.0,-0.0001796376814665,89.11000061035156,0.0210840384790063,3.08,0.07758813957693,0.000296573094987,-0.0004762107764535,1.63,127.7286,0.009999999999999787,-0.00327355614324365
2022-10-14,1641.699951171875,-0.0169461370228293,85.61000061035156,-0.0392772974528901,3.08,0.07758813957693,0.000296573094987,-0.0172427101178163,1.59,128.3325,-0.039999999999999813,0.004727993573874656
2022-10-17,1657.0,0.009319637743306,85.45999908447266,-0.0017521495714224,3.08,0.07758813957693,0.000296573094987,0.0090230646483189,1.57,127.6448,-0.020000000000000018,-0.005358736095688932
2022-10-18,1649.0,-0.0048280024140011,82.81999969482422,-0.0308916384031193,3.08,0.07758813957693,0.000296573094987,-0.0051245755089881,1.6,127.9153,0.030000000000000027,0.0021191619243401405
2022-10-19,1627.5,-0.0130382049727106,85.55000305175781,0.0329630930571496,3.08,0.07758813957693,0.000296573094987,-0.0133347780676976,1.72,128.3968,0.11999999999999988,0.003764209598070112
2022-10-20,1630.800048828125,0.0020276797715053,85.9800033569336,0.0050263037970392,3.08,0.07758813957693,0.000296573094987,0.0017311066765182,1.73,128.0052,0.010000000000000009,-0.0030499202472336062
2022-10-21,1651.0,0.0123865284320971,85.05000305175781,-0.010816472073338,3.08,0.07758813957693,0.000296573094987,0.01208995533711,1.69,127.6735,-0.040000000000000036,-0.0025913009783977703
2022-10-24,1648.699951171875,-0.0013931246687614,84.58000183105469,-0.0055261752361972,3.08,0.07758813957693,0.000296573094987,-0.0016896977637484,1.66,128.0304,-0.030000000000000027,0.0027954117338364615
2022-10-25,1652.800048828125,0.0024868670938793,85.31999969482422,0.0087490878192182,3.08,0.07758813957693,0.000296573094987,0.0021902939988922,1.59,127.3771,-0.06999999999999984,-0.005102694360089366
2022-10-26,1664.0,0.0067763497343893,87.91000366210938,0.0303563522802294,3.08,0.07758813957693,0.000296573094987,0.0064797766394022,1.6,126.4723,0.010000000000000009,-0.007103317629306938
2022-10-27,1660.699951171875,-0.0019832024207482,89.08000183105469,0.0133090447071566,3.08,0.07758813957693,0.000296573094987,-0.0022797755157352,1.51,126.7028,-0.09000000000000008,0.0018225334717560937
2022-10-28,1639.5999755859375,-0.0127054713110867,87.9000015258789,-0.013246523135616,3.08,0.07758813957693,0.000296573094987,-0.0130020444060737,1.51,127.2135,0.0,0.004030692297249949
2022-10-31,1635.9000244140625,-0.0022566182160088,86.52999877929688,-0.0155859240364026,3.08,0.07758813957693,0.000296573094987,-0.0025531913109958,1.58,127.6219,0.07000000000000006,0.0032103511026737586
2022-11-01,1645.0,0.005562672198869,88.37000274658203,0.021264347547008,3.08,0.0712285645653398,0.0002730776796731,0.0052895945191958,1.56,127.3987,-0.020000000000000018,-0.0017489161342997273
2022-11-02,1645.699951171875,0.0004255022321428,90.0,0.0184451420477183,3.08,0.0712285645653398,0.0002730776796731,0.0001524245524696,1.57,127.3115,0.010000000000000009,-0.0006844653830848646
2022-11-03,1627.300048828125,-0.0111805936013109,88.16999816894531,-0.0203333536783854,3.83,0.0712285645653398,0.0002730776796731,-0.011453671280984,1.74,128.1743,0.16999999999999993,0.006777078268656034
2022-11-04,1672.5,0.0277760399530653,92.61000061035156,0.0503572931111853,3.83,0.0712285645653398,0.0002730776796731,0.0275029622733921,1.69,127.1468,-0.050000000000000044,-0.008016427630187839
2022-11-07,1676.5,0.0023916292974588,91.79000091552734,-0.0088543320313136,3.83,0.0712285645653398,0.0002730776796731,0.0021185516177856,1.69,126.3062,0.0,-0.006611255650948333
2022-11-08,1712.0999755859375,0.0212347006179167,88.91000366210938,-0.0313759366455217,3.83,0.0712285645653398,0.0002730776796731,0.0209616229382435,1.64,125.633,-0.050000000000000044,-0.005329904628593174
2022-11-09,1710.0999755859375,-0.0011681560823079,85.83000183105469,-0.0346417917466275,3.83,0.0712285645653398,0.0002730776796731,-0.001441233761981,1.7,125.9861,0.06000000000000005,0.0028105672872573706
2022-11-10,1750.300048828125,0.0235074403930177,86.47000122070312,0.0074565929860772,3.83,0.0712285645653398,0.0002730776796731,0.0232343627133445,1.43,124.7044,-0.27,-0.010173344519752492
2022-11-11,1766.0,0.0089698627286141,88.95999908447266,0.02879608914789,3.83,0.0712285645653398,0.0002730776796731,0.0086967850489409,1.43,124.7044,0.0,0.0
2022-11-14,1773.5999755859375,0.0043034969342794,85.87000274658203,-0.0347346714218881,3.83,0.0712285645653398,0.0002730776796731,0.0040304192546062,1.51,123.4277,0.08000000000000007,-0.010237810373972422
2022-11-15,1773.800048828125,0.000112806295073,86.91999816894531,0.0122277324883988,3.83,0.0712285645653398,0.0002730776796731,-0.0001602713846001,1.45,123.039,-0.06000000000000005,-0.003149212048835115
2022-11-16,1773.0,-0.000451036647932,85.58999633789062,-0.0153014479874882,3.83,0.0712285645653398,0.0002730776796731,-0.0007241143276051,1.38,123.2817,-0.07000000000000006,0.001972545290517713
2022-11-17,1760.800048828125,-0.0068809651279611,81.63999938964844,-0.0461502175166412,3.83,0.0712285645653398,0.0002730776796731,-0.0071540428076342,1.49,123.977,0.1100000000000001,0.005639928716103082
2022-11-18,1751.9000244140625,-0.00505453439758,80.08000183105469,-0.0191082504930977,3.83,0.0712285645653398,0.0002730776796731,-0.0053276120772531,1.57,123.8524,0.08000000000000007,-0.0010050251256281673
2022-11-21,1737.4000244140625,-0.0082767280084088,79.7300033569336,-0.004370610216262,3.83,0.0712285645653398,0.0002730776796731,-0.0085498056880819,1.52,124.7009,-0.050000000000000044,0.006850896712538468
2022-11-22,1738.300048828125,0.0005180294701365,80.94999694824219,0.0153015620210994,3.83,0.0712285645653398,0.0002730776796731,0.0002449517904633,1.44,124.2365,-0.08000000000000007,-0.00372411105292747
2022-11-23,1744.9000244140625,0.0037967988267542,77.94000244140625,-0.0371833801150167,3.83,0.0712285645653398,0.0002730776796731,0.003523721147081,1.39,123.7574,-0.050000000000000044,-0.00385635461398226
2022-11-25,1753.300048828125,0.0048140433815875,76.27999877929688,-0.02129848101246,3.83,0.0712285645653398,0.0002730776796731,0.0045409657019143,1.36,123.3386,-0.029999999999999805,-0.003384040065482985
2022-11-28,1740.0999755859375,-0.007528701804925,77.23999786376953,0.0125852005746649,3.83,0.0712285645653398,0.0002730776796731,-0.0078017794845981,1.43,123.6032,0.06999999999999984,0.002145313794708281
2022-11-29,1748.4000244140625,0.004769868941197,78.19999694824219,0.0124287818620325,3.83,0.0712285645653398,0.0002730776796731,0.0044967912615238,1.5,123.6615,0.07000000000000006,0.00047167063635900064
2022-11-30,1746.0,-0.0013726975409227,80.55000305175781,0.0300512301179629,3.83,0.0712285645653398,0.0002730776796731,-0.0016457752205958,1.34,123.5175,-0.15999999999999992,-0.0011644691355030545
2022-12-01,1801.0999755859375,0.0315578325234464,81.22000122070312,0.0083177919746917,3.83,0.0640460040235715,0.0002463741024525,0.0313114584209938,1.17,122.0045,-0.17000000000000015,-0.012249276418321298
2022-12-02,1795.9000244140625,-0.0028870974639724,79.9800033569336,-0.0152671490412813,3.83,0.0640460040235715,0.0002463741024525,-0.0031334715664249,1.08,122.0102,-0.08999999999999986,4.671958821189648e-05
2022-12-05,1767.4000244140625,-0.0158694802675881,76.93000030517578,-0.0381345701893297,3.83,0.0640460040235715,0.0002463741024525,-0.0161158543700406,1.21,122.6384,0.1299999999999999,0.005148749858618462
2022-12-06,1769.300048828125,0.0010750392598259,74.25,-0.0348368685109113,3.83,0.0640460040235715,0.0002463741024525,0.0008286651573733,1.2,123.0191,-0.010000000000000009,0.003104247935393767
2022-12-07,1785.5,0.0091561356043621,72.01000213623047,-0.0301683213975694,3.83,0.0640460040235715,0.0002463741024525,0.0089097615019095,1.16,122.7608,-0.040000000000000036,-0.002099673953068981
2022-12-08,1788.699951171875,0.0017921877187763,71.45999908447266,-0.0076378702324894,3.83,0.0640460040235715,0.0002463741024525,0.0015458136163237,1.2,122.4152,0.040000000000000036,-0.002815230920619638
2022-12-09,1798.0999755859375,0.0052552270759016,71.0199966430664,-0.0061573250355926,3.83,0.0640460040235715,0.0002463741024525,0.005008852973449,1.31,122.4201,0.1100000000000001,4.002770897737484e-05
2022-12-12,1780.5,-0.0097880962265194,73.16999816894531,0.0302731854055755,3.83,0.0640460040235715,0.0002463741024525,-0.0100344703289719,1.33,122.7714,0.020000000000000018,0.0028696268014811732
2022-12-13,1813.9000244140625,0.0187587893367382,75.38999938964844,0.0303403208453998,3.83,0.0640460040235715,0.0002463741024525,0.0185124152342856,1.27,121.8493,-0.06000000000000005,-0.007510706891018626
2022-12-14,1807.5,-0.0035283225800329,77.27999877929688,0.0250696299900481,3.83,0.0640460040235715,0.0002463741024525,-0.0037746966824854,1.3,121.8226,0.030000000000000027,-0.0002191231299646379
2022-12-15,1777.199951171875,-0.0167635124913554,76.11000061035156,-0.0151397280981679,4.33,0.0640460040235715,0.0002463741024525,-0.0170098865938079,1.28,122.5519,-0.020000000000000018,0.005986573919781746
2022-12-16,1790.0,0.0072023684333801,74.29000091552734,-0.0239127536490478,4.33,0.0640460040235715,0.0002463741024525,0.0069559943309275,1.35,122.6505,0.07000000000000006,0.0008045570896901832
2022-12-19,1787.699951171875,-0.0012849434793994,75.19000244140625,0.0121147060814048,4.33,0.0640460040235715,0.0002463741024525,-0.0015313175818519,1.42,122.5275,0.06999999999999984,-0.0010028495603360277
2022-12-20,1815.9000244140625,0.0157745002027336,76.08999633789062,0.0119695952555092,4.33,0.0640460040235715,0.0002463741024525,0.015528126100281,1.45,122.1357,0.030000000000000027,-0.0031976495072535416
2022-12-21,1815.9000244140625,0.0,78.29000091552734,0.0289131907414901,4.33,0.0640460040235715,0.0002463741024525,-0.0002463741024525,1.41,122.2828,-0.040000000000000036,0.001204398058880285
2022-12-22,1787.0,-0.0159149865221174,77.48999786376953,-0.0102184575603848,4.33,0.0640460040235715,0.0002463741024525,-0.0161613606245699,1.48,122.2419,0.07000000000000006,-0.0003344705878504106
2022-12-23,1795.9000244140625,0.0049804277638849,79.55999755859375,0.0267131210722622,4.33,0.0640460040235715,0.0002463741024525,0.0047340536614323,1.55,121.9743,0.07000000000000006,-0.002189102100016438
2022-12-27,1814.800048828125,0.0105239847191542,79.52999877929688,-0.0003770585748796,4.33,0.0640460040235715,0.0002463741024525,0.0102776106167016,1.58,121.7539,0.030000000000000027,-0.00180693801891052
2022-12-28,1807.9000244140625,-0.0038020852041071,78.95999908447266,-0.0071671030249355,4.33,0.0640460040235715,0.0002463741024525,-0.0040484593065596,1.6,122.0075,0.020000000000000018,0.0020828901579332815
2022-12-29,1819.5,0.006416270495763,78.4000015258789,-0.0070921677442606,4.33,0.0640460040235715,0.0002463741024525,0.0061698963933104,1.56,121.6577,-0.040000000000000036,-0.002867036862487904
2022-12-30,1819.699951171875,0.0001098934717642,80.26000213623047,0.0237244971192711,4.33,0.0640460040235715,0.0002463741024525,-0.0001364806306883,1.58,121.4256,0.020000000000000018,-0.001907811835995643
2023-01-03,1839.699951171875,0.0109908229579938,76.93000030517578,-0.0414901786995028,4.33,0.0632717851796009,0.0002434849716912,0.0107473379863025,1.53,122.0905,-0.050000000000000044,0.005475781054407047
2023-01-04,1852.800048828125,0.0071207794770584,72.83999633789062,-0.0531652664898011,4.33,0.0632717851796009,0.0002434849716912,0.0068772945053671,1.47,121.5008,-0.06000000000000005,-0.00483002363001217
2023-01-05,1834.800048828125,-0.0097150256507089,73.66999816894531,0.0113948637120253,4.33,0.0632717851796009,0.0002434849716912,-0.0099585106224001,1.49,122.1017,0.020000000000000018,0.004945646448418328
2023-01-06,1864.199951171875,0.0160234911496364,73.7699966430664,0.0013573839637102,4.33,0.0632717851796009,0.0002434849716912,0.0157800061779451,1.34,121.0852,-0.1499999999999999,-0.00832502741567065
2023-01-09,1872.699951171875,0.0045595967292331,74.62999725341797,0.0116578643010198,4.33,0.0632717851796009,0.0002434849716912,0.0043161117575418,1.31,120.1508,-0.030000000000000027,-0.007716880345409627
2023-01-10,1871.5999755859373,-0.000587374173449,75.12000274658203,0.0065657980865276,4.33,0.0632717851796009,0.0002434849716912,-0.0008308591451402,1.37,120.2483,0.06000000000000005,0.0008114802398320187
2023-01-11,1874.5999755859373,0.0016029066248843,77.41000366210938,0.0304845691134048,4.33,0.0632717851796009,0.0002434849716912,0.001359421653193,1.31,120.1614,-0.06000000000000005,-0.0007226713392205486
2023-01-12,1895.5,0.0111490582984403,78.38999938964844,0.0126598072752546,4.33,0.0632717851796009,0.0002434849716912,0.010905573326749,1.22,119.4218,-0.09000000000000008,-0.006155054784647951
2023-01-13,1918.4000244140625,0.0120812579340872,79.86000061035156,0.0187524076049072,4.33,0.0632717851796009,0.0002434849716912,0.0118377729623959,1.31,119.1673,0.09000000000000008,-0.002131101691650983
2023-01-17,1907.199951171875,-0.0058382366032383,80.18000030517578,0.0040070084194656,4.33,0.0632717851796009,0.0002434849716912,-0.0060817215749295,1.36,119.2121,0.050000000000000044,0.0003759420579303452
2023-01-18,1904.4000244140625,-0.0014680824399623,79.4800033569336,-0.0087303186028673,4.33,0.0632717851796009,0.0002434849716912,-0.0017115674116535,1.25,119.0755,-0.1100000000000001,-0.0011458568383578838
2023-01-19,1922.0999755859373,0.0092942401517353,80.33000183105469,0.010694494693261,4.33,0.0632717851796009,0.0002434849716912,0.009050755180044,1.19,119.6107,-0.06000000000000005,0.004494627358272663
2023-01-20,1926.4000244140625,0.0022371618972703,81.30999755859375,0.0121996228706695,4.33,0.0632717851796009,0.0002434849716912,0.001993676925579,1.25,119.3486,0.06000000000000005,-0.002191275529697556
2023-01-23,1927.0999755859373,0.0003633467415926,81.62000274658203,0.0038126330992063,4.33,0.0632717851796009,0.0002434849716912,0.0001198617699013,1.24,119.1434,-0.010000000000000009,-0.001719333113249788
2023-01-24,1933.9000244140625,0.0035286435131927,80.12999725341797,-0.0182553962634662,4.33,0.0632717851796009,0.0002434849716912,0.0032851585415014,1.19,119.0958,-0.050000000000000044,-0.00039951856334474734
2023-01-25,1941.199951171875,0.0037747177546183,80.1500015258789,0.0002496477367603,4.33,0.0632717851796009,0.0002434849716912,0.003531232782927,1.17,118.9686,-0.020000000000000018,-0.0010680477397188026
2023-01-26,1929.0999755859373,-0.0062332453586931,81.01000213623047,0.0107298888830824,4.33,0.0632717851796009,0.0002434849716912,-0.0064767303303843,1.16,119.021,-0.010000000000000009,0.00044045235465506316
2023-01-27,1928.5999755859373,-0.0002591882257674,79.68000030517578,-0.0164177483765287,4.33,0.0632717851796009,0.0002434849716912,-0.0005026731974586,1.19,118.9223,0.030000000000000027,-0.0008292654237487262
2023-01-30,1922.9000244140625,-0.0029554864896974,77.9000015258789,-0.0223393420240894,4.33,0.0632717851796009,0.0002434849716912,-0.0031989714613886,1.26,118.8953,0.07000000000000006,-0.0002270389994138977
2023-01-31,1929.5,0.0034323030329923,78.87000274658203,0.0124518767869457,4.33,0.0632717851796009,0.0002434849716912,0.003188818061301,1.28,118.9802,0.020000000000000018,0.0007140736429445127
2023-02-01,1927.800048828125,-0.0008810319626199,76.41000366210938,-0.0311905540611796,4.33,0.0595782073813708,0.0002296728444566,-0.0011107048070765,1.14,118.6259,-0.14000000000000012,-0.0029778063913155073
2023-02-02,1916.300048828125,-0.0059653489515111,75.87999725341797,-0.0069363484267731,4.58,0.0595782073813708,0.0002296728444566,-0.0061950217959677,1.18,118.3421,0.040000000000000036,-0.002392394915444296
2023-02-03,1862.9000244140625,-0.0278662125206948,73.38999938964844,-0.0328149440418881,4.58,0.0595782073813708,0.0002296728444566,-0.0280958853651514,1.31,119.5095,0.13000000000000012,0.009864621297070109
2023-02-06,1866.199951171875,0.0017713922994071,74.11000061035156,0.0098106176139944,4.58,0.0595782073813708,0.0002296728444566,0.0015417194549504,1.38,120.541,0.06999999999999984,0.008631113007752544
2023-02-07,1871.699951171875,0.0029471654398802,77.13999938964844,0.0408851538839907,4.58,0.0595782073813708,0.0002296728444566,0.0027174925954235,1.36,120.3475,-0.019999999999999796,-0.0016052629395807427
2023-02-08,1877.4000244140625,0.0030453990441248,78.47000122070312,0.0172414031835363,4.58,0.0595782073813708,0.0002296728444566,0.0028157261996681,1.29,120.1436,-0.07000000000000006,-0.0016942603710088378
2023-02-09,1866.199951171875,-0.0059657361758493,78.05999755859375,-0.0052249733112174,4.57,0.0595782073813708,0.0002296728444566,-0.0061954090203059,1.34,119.9781,0.050000000000000044,-0.0013775182365103333
2023-02-10,1862.800048828125,-0.001821831761176,79.72000122070312,0.0212657406357632,4.58,0.0595782073813708,0.0002296728444566,-0.0020515046056326,1.41,120.1419,0.06999999999999984,0.0013652491579714265
2023-02-13,1851.9000244140625,-0.0058514194375932,80.13999938964844,0.0052684164891387,4.58,0.0595782073813708,0.0002296728444566,-0.0060810922820498,1.41,119.9828,0.0,-0.0013242673871480815
2023-02-14,1854.0,0.0011339573185662,79.05999755859375,-0.0134764392223615,4.58,0.0595782073813708,0.0002296728444566,0.0009042844741095,1.46,119.9229,0.050000000000000044,-0.0004992382241454374
2023-02-15,1834.199951171875,-0.0106796379871224,78.58999633789062,-0.0059448676349224,4.58,0.0595782073813708,0.0002296728444566,-0.010909310831579,1.46,120.4557,0.0,0.004442854534038032
2023-02-16,1842.0,0.00425256189934,78.48999786376953,-0.0012724071609719,4.58,0.0595782073813708,0.0002296728444566,0.0040228890548833,1.49,120.4651,0.030000000000000027,7.803698787189894e-05
2023-02-17,1840.4000244140625,-0.0008686078099552,76.33999633789062,-0.0273920446476573,4.58,0.0595782073813708,0.0002296728444566,-0.0010982806544118,1.46,120.5526,-0.030000000000000027,0.0007263514495068346
2023-02-21,1833.0,-0.0040208782416303,76.16000366210938,-0.0023577768458957,4.58,0.0595782073813708,0.0002296728444566,-0.0042505510860869,1.53,120.6256,0.07000000000000006,0.0006055447995314545
2023-02-22,1832.0,-0.0005455537370431,73.94999694824219,-0.0290179439023149,4.58,0.0595782073813708,0.0002296728444566,-0.0007752265814997,1.52,120.8389,-0.010000000000000009,0.0017682813598438596
2023-02-23,1818.0,-0.0076419213973799,75.38999938964844,0.0194726504507378,4.58,0.0595782073813708,0.0002296728444566,-0.0078715942418365,1.49,121.0896,-0.030000000000000027,0.002074663043109437
2023-02-24,1808.800048828125,-0.0050604791924504,76.31999969482422,0.0123358577093115,4.58,0.0595782073813708,0.0002296728444566,-0.005290152036907,1.57,121.5681,0.08000000000000007,0.003951619296785225
2023-02-27,1817.0,0.0045333651871513,75.68000030517578,-0.0083857362710634,4.57,0.0595782073813708,0.0002296728444566,0.0043036923426946,1.56,121.3941,-0.010000000000000009,-0.0014312965325607996
2023-02-28,1828.9000244140625,0.0065492704535292,77.05000305175781,0.0181025732169339,4.57,0.0595782073813708,0.0002296728444566,0.0063195976090725,1.49,121.3341,-0.07000000000000006,-0.0004942579581708184
2023-03-01,1837.699951171875,0.0048115952979068,77.69000244140625,0.008306286363396,4.58,0.0491771936288996,0.0001905190665296,0.0046210762313771,1.57,120.6347,0.08000000000000007,-0.0057642492918315025
2023-03-02,1833.5,-0.002285439018049,78.16000366210938,0.0060497001664738,4.57,0.0491771936288996,0.0001905190665296,-0.0024759580845786,1.6,121.1302,0.030000000000000027,0.00410744172282107
2023-03-03,1847.699951171875,0.0077447238461276,79.68000030517578,0.0194472437544583,4.57,0.0491771936288996,0.0001905190665296,0.0075542047795979,1.45,120.7742,-0.15000000000000013,-0.002938986313900327
2023-03-06,1847.9000244140625,0.0001082823226037,80.45999908447266,0.0097891412689441,4.57,0.0491771936288996,0.0001905190665296,-8.223674392597077e-05,1.49,120.485,0.040000000000000036,-0.0023945511541372255
2023-03-07,1813.9000244140625,-0.0183992637863517,77.58000183105469,-0.0357941497164863,4.57,0.0491771936288996,0.0001905190665296,-0.0185897828528813,1.59,121.4623,0.10000000000000009,0.00811138315972948
2023-03-08,1812.699951171875,-0.0006615983384062,76.66000366210938,-0.0118587025938563,4.57,0.0491771936288996,0.0001905190665296,-0.0008521174049358,1.66,121.4511,0.06999999999999984,-9.220968152257036e-05
2023-03-09,1829.300048828125,0.0091576643147799,75.72000122070312,-0.0122619670819408,4.57,0.0491771936288996,0.0001905190665296,0.0089671452482502,1.63,121.4458,-0.030000000000000027,-4.36389625123601e-05
2023-03-10,1862.0,0.0178756629853167,76.68000030517578,0.0126782761357138,4.57,0.0491771936288996,0.0001905190665296,0.017685143918787,1.44,121.2421,-0.18999999999999995,-0.001677291433709649
2023-03-13,1911.699951171875,0.0266917030998254,74.80000305175781,-0.0245174393053708,4.58,0.0491771936288996,0.0001905190665296,0.0265011840332957,1.31,120.8897,-0.1299999999999999,-0.0029065811298220057
2023-03-14,1906.199951171875,-0.0028770205264839,71.33000183105469,-0.0463903887584343,4.58,0.0491771936288996,0.0001905190665296,-0.0030675395930135,1.33,121.0141,0.020000000000000018,0.001029037213261308
2023-03-15,1926.5999755859373,0.0107019331322095,67.61000061035156,-0.0521519854929201,4.58,0.0491771936288996,0.0001905190665296,0.0105114140656798,1.22,122.1079,-0.1100000000000001,0.009038616161257229
2023-03-16,1919.0,-0.0039447605534336,68.3499984741211,0.010945094765407,4.58,0.0491771936288996,0.0001905190665296,-0.0041352796199632,1.34,121.7221,0.1200000000000001,-0.0031595007366436167
2023-03-17,1969.800048828125,0.0264721463408676,66.73999786376953,-0.0235552398872568,4.58,0.0491771936288996,0.0001905190665296,0.0262816272743379,1.29,121.5643,-0.050000000000000044,-0.0012963956422046286
2023-03-20,1979.199951171875,0.0047720083819382,67.63999938964844,0.0134851896117227,4.58,0.0491771936288996,0.0001905190665296,0.0045814893154085,1.33,121.0141,0.040000000000000036,-0.004525999820671034
2023-03-21,1938.0,-0.0208164673546402,69.33000183105469,0.024985252168185,4.58,0.0491771936288996,0.0001905190665296,-0.0210069864211698,1.36,120.8958,0.030000000000000027,-0.0009775720349942674
2023-03-22,1946.800048828125,0.0045407888690014,70.9000015258789,0.0226453144866494,4.58,0.0491771936288996,0.0001905190665296,0.0043502698024717,1.2,120.6217,-0.16000000000000014,-0.002267241707321399
2023-03-23,1993.800048828125,0.0241421814368103,69.95999908447266,-0.0132581441632712,4.83,0.0491771936288996,0.0001905190665296,0.0239516623702806,1.19,119.7587,-0.010000000000000009,-0.007154599877136514
2023-03-24,1982.0999755859373,-0.0058682279845786,69.26000213623047,-0.0100056740623593,4.83,0.0491771936288996,0.0001905190665296,-0.0060587470511082,1.16,120.4598,-0.030000000000000027,0.005854271965209934
2023-03-27,1952.4000244140625,-0.0149840833145136,72.80999755859375,0.0512560686235707,4.83,0.0491771936288996,0.0001905190665296,-0.0151746023810432,1.29,120.2541,0.13000000000000012,-0.001707623622154486
2023-03-28,1972.4000244140625,0.0102438023713926,73.19999694824219,0.0053563988837466,4.83,0.0491771936288996,0.0001905190665296,0.0100532833048629,1.24,119.7138,-0.050000000000000044,-0.004492986101929053
2023-03-29,1966.0999755859373,-0.0031941029964226,72.97000122070312,-0.0031420182667724,4.83,0.0491771936288996,0.0001905190665296,-0.0033846220629522,1.24,119.7258,0.0,0.00010023907018230638
2023-03-30,1980.300048828125,0.0072224573615364,74.37000274658203,0.0191859874257709,4.83,0.0491771936288996,0.0001905190665296,0.0070319382950067,1.21,119.4078,-0.030000000000000027,-0.0026560691179345897
2023-03-31,1969.0,-0.0057062306466194,75.66999816894531,0.0174801045361401,4.83,0.0491771936288996,0.0001905190665296,-0.005896749713149,1.16,119.3602,-0.050000000000000044,-0.00039863392508687756
2023-04-03,1983.9000244140625,0.0075673054413725,80.41999816894531,0.0627725666042025,4.83,0.0495007987912436,0.000191743068425,0.0073755623729474,1.14,119.3204,-0.020000000000000018,-0.00033344448149386086
2023-04-04,2022.199951171875,0.0193053713828772,80.70999908447266,0.0036060796086827,4.83,0.0495007987912436,0.000191743068425,0.0191136283144521,1.1,119.142,-0.039999999999999813,-0.0014951341095069681
2023-04-05,2020.9000244140625,-0.0006428280037585,80.61000061035156,-0.0012389849492679,4.83,0.0495007987912436,0.000191743068425,-0.0008345710721835,1.07,119.2953,-0.030000000000000027,0.0012866999043159577
2023-04-06,2011.9000244140625,-0.0044534612753094,80.69999694824219,0.0011164413498225,4.83,0.0495007987912436,0.000191743068425,-0.0046452043437344,1.06,119.3072,-0.010000000000000009,9.975246300575336e-05
2023-04-10,1989.0999755859373,-0.0113325953334908,79.73999786376953,-0.0118958998857008,4.83,0.0495007987912436,0.000191743068425,-0.0115243384019158,1.14,119.7948,0.07999999999999985,0.004086928534070111
2023-04-11,2004.800048828125,0.0078930538609869,81.52999877929688,0.0224479679393199,4.83,0.0495007987912436,0.000191743068425,0.0077013107925618,1.14,119.5248,0.0,-0.0022538540904947224
2023-04-12,2010.9000244140625,0.0030426852740268,83.26000213623047,0.0212192246146936,4.83,0.0495007987912436,0.000191743068425,0.0028509422056017,1.14,119.003,0.0,-0.004365621193258673
2023-04-13,2041.300048828125,0.0151176209881047,82.16000366210938,-0.0132116075654342,4.83,0.0495007987912436,0.000191743068425,0.0149258779196796,1.16,118.3915,0.020000000000000018,-0.0051385259195146915
2023-04-14,2002.199951171875,-0.0191545077749333,82.5199966430664,0.0043816086284214,4.83,0.0495007987912436,0.000191743068425,-0.0193462508433583,1.22,118.8567,0.06000000000000005,0.003929336143219775
2023-04-17,1994.199951171875,-0.0039956049321235,80.83000183105469,-0.0204798216282249,4.83,0.0495007987912436,0.000191743068425,-0.0041873480005485,1.28,119.2787,0.06000000000000005,0.003550493998234927
2023-04-18,2007.4000244140625,0.0066192325571117,80.86000061035156,0.0003711342152332,4.83,0.0495007987912436,0.000191743068425,0.0064274894886866,1.3,119.1049,0.020000000000000018,-0.0014570916685040514
2023-04-19,1995.199951171875,-0.0060775496133356,79.16000366210938,-0.021023954185137,4.83,0.0495007987912436,0.000191743068425,-0.0062692926817606,1.32,119.303,0.020000000000000018,0.0016632397155784684
2023-04-20,2007.5999755859373,0.0062149281864103,77.29000091552734,-0.0236230755441099,4.83,0.0495007987912436,0.000191743068425,0.0060231851179852,1.28,119.1199,-0.040000000000000036,-0.0015347476593211562
2023-04-21,1979.5,-0.0139968001233593,77.87000274658203,0.0075042285442405,4.83,0.0495007987912436,0.000191743068425,-0.0141885431917843,1.29,119.3117,0.010000000000000009,0.0016101423859489206
2023-04-24,1989.0999755859373,0.0048496971891576,78.76000213623047,0.0114292970111331,4.83,0.0495007987912436,0.000191743068425,0.0046579541207325,1.24,119.2039,-0.050000000000000044,-0.0009035157490840939
2023-04-25,1994.0,0.0024634379740611,77.06999969482422,-0.0214576231026895,4.83,0.0495007987912436,0.000191743068425,0.002271694905636,1.15,119.613,-0.09000000000000008,0.0034319346934117423
2023-04-26,1985.699951171875,-0.0041625119499122,74.30000305175781,-0.0359413086030209,4.83,0.0495007987912436,0.000191743068425,-0.0043542550183372,1.18,119.3228,0.030000000000000027,-0.0024261576918896965
2023-04-27,1989.9000244140625,0.002115160067214,74.76000213623047,0.0061911045165397,4.83,0.0495007987912436,0.000191743068425,0.0019234169987889,1.26,119.4298,0.08000000000000007,0.0008967271971491719
2023-04-28,1990.0999755859373,0.0001004830239819,76.77999877929688,0.0270197510078382,4.83,0.0495007987912436,0.000191743068425,-9.12600444431654e-05,1.26,119.2248,0.0,-0.0017164895193662044
2023-05-01,1983.4000244140625,-0.0033666404974967,75.66000366210938,-0.0145870687027087,4.83,0.0413185123138504,0.0001606784251528,-0.0035273189226495,1.36,119.4435,0.10000000000000009,0.001834349900356358
2023-05-02,2014.300048828125,0.0155793203759746,71.66000366210938,-0.0528680915462763,4.83,0.0413185123138504,0.0001606784251528,0.0154186419508217,1.24,119.6105,-0.1200000000000001,0.0013981505900280133
2023-05-03,2028.5999755859373,0.0070992038977171,68.5999984741211,-0.0427017168798482,4.83,0.0413185123138504,0.0001606784251528,0.0069385254725642,1.18,119.1233,-0.06000000000000005,-0.004073220996484439
2023-05-04,2048.0,0.0095632577381152,68.55999755859375,-0.0005831037378584,5.08,0.0413185123138504,0.0001606784251528,0.0094025793129623,1.18,119.0465,0.0,-0.000644710144866778
2023-05-05,2017.4000244140625,-0.014941394329071,71.33999633789062,0.0405484083764879,5.08,0.0413185123138504,0.0001606784251528,-0.0151020727542238,1.23,118.5548,0.050000000000000044,-0.004130318824996926
2023-05-08,2026.300048828125,0.0044116309637933,73.16000366210938,0.0255117384026566,5.08,0.0413185123138504,0.0001606784251528,0.0042509525386404,1.29,118.5759,0.06000000000000005,0.0001779767668623755
2023-05-09,2036.199951171875,0.004885704044411,73.70999908447266,0.0075177063263069,5.08,0.0413185123138504,0.0001606784251528,0.0047250256192581,1.3,118.8239,0.010000000000000009,0.002091487393306668
2023-05-10,2030.5,-0.0027993081762891,72.55999755859375,-0.0156017031632437,5.08,0.0413185123138504,0.0001606784251528,-0.0029599866014419,1.26,118.5864,-0.040000000000000036,-0.00199875614249323
2023-05-11,2014.699951171875,-0.0077813586939793,70.87000274658203,-0.0232909987441359,5.08,0.0413185123138504,0.0001606784251528,-0.0079420371191321,1.23,119.0303,-0.030000000000000027,0.003743262296519667
2023-05-12,2014.5,-9.924612931011544e-05,70.04000091552734,-0.0117116099744291,5.08,0.0413185123138504,0.0001606784251528,-0.0002599245544629,1.28,119.3671,0.050000000000000044,0.0028295316402628945
2023-05-15,2018.0,0.0017374038222883,71.11000061035156,0.0152769800233827,5.08,0.0413185123138504,0.0001606784251528,0.0015767253971354,1.31,119.1608,0.030000000000000027,-0.0017282819135255867
2023-05-16,1988.4000244140625,-0.0146679760088888,70.86000061035156,-0.0035156799023231,5.08,0.0413185123138504,0.0001606784251528,-0.0148286544340416,1.35,119.1743,0.040000000000000036,0.00011329229075340841
2023-05-17,1980.699951171875,-0.0038724970567511,72.83000183105469,0.0278013153222487,5.08,0.0413185123138504,0.0001606784251528,-0.0040331754819039,1.35,119.607,0.0,0.003630816375678192
2023-05-18,1956.5,-0.0122178784108906,71.86000061035156,-0.0133187037802533,5.08,0.0413185123138504,0.0001606784251528,-0.0123785568360434,1.42,120.0886,0.06999999999999984,0.0040265201869456035
2023-05-19,1978.699951171875,0.0113467677852669,71.55000305175781,-0.004313909768449,5.08,0.0413185123138504,0.0001606784251528,0.011186089360114,1.46,119.7751,0.040000000000000036,-0.0026105725272840274
2023-05-22,1974.800048828125,-0.0019709417496271,71.98999786376953,0.006149473001328,5.08,0.0413185123138504,0.0001606784251528,-0.0021316201747799,1.48,120.0875,0.020000000000000018,0.0026082215752689653
2023-05-23,1972.4000244140625,-0.0012153252758357,72.91000366210938,0.0127796336385621,5.08,0.0413185123138504,0.0001606784251528,-0.0013760037009885,1.44,120.3204,-0.040000000000000036,0.0019394191735193633
2023-05-24,1962.800048828125,-0.0048671544651746,74.33999633789062,0.0196131203395399,5.08,0.0413185123138504,0.0001606784251528,-0.0050278328903274,1.48,120.4752,0.040000000000000036,0.0012865648717923506
2023-05-25,1943.0999755859373,-0.0100367193560797,71.83000183105469,-0.0337637157718907,5.08,0.0413185123138504,0.0001606784251528,-0.0101973977812325,1.58,120.8413,0.10000000000000009,0.0030387996865746114
2023-05-26,1944.0999755859373,0.0005146415586252,72.66999816894531,0.0116942268756488,5.08,0.0413185123138504,0.0001606784251528,0.0003539631334723,1.57,120.6304,-0.010000000000000009,-0.00174526424326793
2023-05-30,1958.0,0.0071498506191138,69.45999908447266,-0.0441722741895487,5.08,0.0413185123138504,0.0001606784251528,0.0069891721939609,1.47,120.5546,-0.10000000000000009,-0.0006283656524391779
2023-05-31,1963.9000244140625,0.003013291324853,68.08999633789062,-0.0197236217195443,5.08,0.0413185123138504,0.0001606784251528,0.0028526128997001,1.46,120.9662,-0.010000000000000009,0.0034142206104121886
2023-06-01,1978.0,0.0071795791082309,70.0999984741211,0.0295197862290372,5.08,0.0307061707299709,0.0001200237497893,0.0070595553584415,1.45,120.0491,-0.010000000000000009,-0.0075814566383006765
2023-06-02,1952.4000244140625,-0.012942353683487,71.73999786376953,0.0233951415883963,5.08,0.0307061707299709,0.0001200237497893,-0.0130623774332763,1.51,120.0049,0.06000000000000005,-0.0003681826852511838
2023-06-05,1958.0,0.0028682521593483,72.1500015258789,0.0057151334585756,5.08,0.0307061707299709,0.0001200237497893,0.0027482284095589,1.5,120.0048,-0.010000000000000009,-8.332993070014894e-07
2023-06-06,1965.5,0.0038304392236976,71.73999786376953,-0.0056826563193115,5.08,0.0307061707299709,0.0001200237497893,0.0037104154739082,1.5,119.9718,0.0,-0.00027498900043998464
2023-06-07,1942.699951171875,-0.0116001265978759,72.52999877929688,0.0110120008231322,5.08,0.0307061707299709,0.0001200237497893,-0.0117201503476652,1.58,119.859,0.08000000000000007,-0.0009402209519238092
2023-06-08,1963.5999755859373,0.0107582359290507,71.29000091552734,-0.0170963447489189,5.08,0.0307061707299709,0.0001200237497893,0.0106382121792613,1.53,119.5712,-0.050000000000000044,-0.002401154690094165
2023-06-09,1962.199951171875,-0.0007129886084077,70.16999816894531,-0.0157105166530877,5.08,0.0307061707299709,0.0001200237497893,-0.000833012358197,1.55,119.4322,0.020000000000000018,-0.0011624872879089088
2023-06-12,1955.300048828125,-0.0035164114338241,67.12000274658203,-0.0434658045026584,5.08,0.0307061707299709,0.0001200237497893,-0.0036364351836134,1.56,119.6376,0.010000000000000009,0.0017198042069057617
2023-06-13,1944.5999755859373,-0.0054723433616239,69.41999816894531,0.0342669149023597,5.08,0.0307061707299709,0.0001200237497893,-0.0055923671114132,1.64,119.1899,0.07999999999999985,-0.0037421345797643557
2023-06-14,1955.300048828125,0.0055024546829809,68.2699966430664,-0.0165658535899149,5.08,0.0307061707299709,0.0001200237497893,0.0053824309331915,1.62,118.776,-0.019999999999999796,-0.00347260967581986
2023-06-15,1957.800048828125,0.0012785761456397,70.62000274658203,0.0344222384512786,5.07,0.0307061707299709,0.0001200237497893,0.0011585523958503,1.51,118.5521,-0.1100000000000001,-0.001885060955075124
2023-06-16,1958.4000244140625,0.0003064539641302,71.77999877929688,0.016425884842818,5.08,0.0307061707299709,0.0001200237497893,0.0001864302143408,1.55,118.4184,0.040000000000000036,-0.0011277742022283155
2023-06-20,1935.5,-0.0116932312748075,70.5,-0.0178322485520305,5.07,0.0307061707299709,0.0001200237497893,-0.0118132550245968,1.52,118.938,-0.030000000000000027,0.0043878316207615065
2023-06-21,1933.300048828125,-0.0011366319668689,72.52999877929688,0.0287943089261968,5.07,0.0307061707299709,0.0001200237497893,-0.0012566557166582,1.51,118.727,-0.010000000000000009,-0.001774033530074437
2023-06-22,1912.699951171875,-0.0106554063704373,69.51000213623047,-0.0416378973375695,5.07,0.0307061707299709,0.0001200237497893,-0.0107754301202266,1.56,118.7552,0.050000000000000044,0.00023751968802376844
2023-06-23,1919.0999755859373,0.0033460681640846,69.16000366210938,-0.0050352246204099,5.07,0.0307061707299709,0.0001200237497893,0.0032260444142952,1.53,119.152,-0.030000000000000027,0.0033413273692435297
2023-06-26,1923.699951171875,0.0023969442157556,69.37000274658203,0.0030364238483653,5.07,0.0307061707299709,0.0001200237497893,0.0022769204659662,1.54,119.0761,0.010000000000000009,-0.0006370014771048815
2023-06-27,1914.0,-0.005042341018913,67.69999694824219,-0.0240738897537686,5.07,0.0307061707299709,0.0001200237497893,-0.0051623647687023,1.57,118.8949,0.030000000000000027,-0.0015217159446773154
2023-06-28,1912.300048828125,-0.0008881667564655,69.55999755859375,0.0274741609187008,5.07,0.0307061707299709,0.0001200237497893,-0.0010081905062548,1.53,119.3382,-0.040000000000000036,0.0037285030728819724
2023-06-29,1909.199951171875,-0.0016211355839005,69.86000061035156,0.0043128674854409,5.07,0.0307061707299709,0.0001200237497893,-0.0017411593336898,1.65,119.527,0.11999999999999988,0.001582058385328322
2023-06-30,1921.0999755859373,0.0062329901102071,70.63999938964844,0.011165169946782,5.08,0.0307061707299709,0.0001200237497893,0.0061129663604177,1.59,119.3606,-0.05999999999999983,-0.0013921540739748606
2023-07-03,1921.699951171875,0.000312308361648,69.79000091552734,-0.0120328210852964,5.08,0.0328774926842829,0.0001283756576315,0.0001839327040164,1.61,119.2119,0.020000000000000018,-0.0012458047295339503
2023-07-05,1919.5999755859373,-0.0010927697555785,71.79000091552734,0.028657400397813,5.08,0.0328774926842829,0.0001283756576315,-0.00122114541321,1.69,119.3483,0.07999999999999985,0.0011441810758825444
2023-07-06,1908.699951171875,-0.0056782790960056,71.80000305175781,0.0001393249213388,5.08,0.0328774926842829,0.0001283756576315,-0.0058066547536371,1.78,119.8193,0.09000000000000008,0.003946432416716439
2023-07-07,1926.199951171875,0.0091685442697557,73.86000061035156,0.0286907725771095,5.08,0.0328774926842829,0.0001283756576315,0.0090401686121241,1.79,119.0761,0.010000000000000009,-0.006202673525884439
2023-07-10,1925.0,-0.0006229629333885,72.98999786376953,-0.0117790785187199,5.07,0.0328774926842829,0.0001283756576315,-0.00075133859102,1.76,118.9548,-0.030000000000000027,-0.001018676291883902
2023-07-11,1931.300048828125,0.0032727526379869,74.83000183105469,0.0252089878221313,5.08,0.0328774926842829,0.0001283756576315,0.0031443769803553,1.75,118.7344,-0.010000000000000009,-0.001852804594686508
2023-07-12,1956.199951171875,0.0128928191965089,75.75,0.0122945095073285,5.08,0.0328774926842829,0.0001283756576315,0.0127644435388773,1.6,117.6385,-0.1499999999999999,-0.009229844088991856
2023-07-13,1959.199951171875,0.0015335855612319,76.88999938964844,0.0150494968930485,5.08,0.0328774926842829,0.0001283756576315,0.0014052099036003,1.52,117.1831,-0.08000000000000007,-0.0038711816284634493
2023-07-14,1960.0999755859373,0.0004593836445965,75.41999816894531,-0.0191182368626865,5.08,0.0328774926842829,0.0001283756576315,0.0003310079869649,1.59,117.0463,0.07000000000000006,-0.0011674038321225488
2023-07-17,1952.4000244140625,-0.0039283461393714,74.1500015258789,-0.0168389906377555,5.08,0.0328774926842829,0.0001283756576315,-0.0040567217970029,1.56,117.1267,-0.030000000000000027,0.0006869076596185408
2023-07-18,1977.199951171875,0.0127022774266023,75.75,0.0215778616479553,5.08,0.0328774926842829,0.0001283756576315,0.0125739017689707,1.57,117.0264,0.010000000000000009,-0.0008563376241284004
2023-07-19,1977.5,0.0001517544181341,75.3499984741211,-0.0052805481964212,5.08,0.0328774926842829,0.0001283756576315,2.3378760502525787e-05,1.53,117.3462,-0.040000000000000036,0.0027327167203297087
2023-07-20,1968.300048828125,-0.004652314119785,75.62999725341797,0.0037159759119709,5.08,0.0328774926842829,0.0001283756576315,-0.0047806897774165,1.5,117.5947,-0.030000000000000027,0.002117665505998456
2023-07-21,1964.300048828125,-0.002032210486598,77.06999969482422,0.0190400964392627,5.08,0.0328774926842829,0.0001283756576315,-0.0021605861442295,1.49,117.9418,-0.010000000000000009,0.0029516636379021133
2023-07-24,1960.300048828125,-0.0020363487759348,78.73999786376953,0.0216685892767358,5.08,0.0328774926842829,0.0001283756576315,-0.0021647244335663,1.48,117.8124,-0.010000000000000009,-0.001097151306831079
2023-07-25,1962.0999755859373,0.0009181894164052,79.62999725341797,0.0113030151612176,5.08,0.0328774926842829,0.0001283756576315,0.0007898137587736,1.52,117.8565,0.040000000000000036,0.000374323925155684
2023-07-26,1968.9000244140625,0.0034656994611572,78.77999877929688,-0.0106743501624899,5.08,0.0328774926842829,0.0001283756576315,0.0033373238035256,1.5,117.76,-0.020000000000000018,-0.0008187923449278767
2023-07-27,1945.4000244140625,-0.0119355984095705,80.08999633789062,0.0166285552029992,5.33,0.0328774926842829,0.0001283756576315,-0.012063974067202,1.64,117.8938,0.1399999999999999,0.0011362092391302703
2023-07-28,1960.4000244140625,0.0077104964592142,80.58000183105469,0.0061181859853856,5.33,0.0328774926842829,0.0001283756576315,0.0075821208015826,1.58,117.788,-0.05999999999999983,-0.0008974178455525283
2023-07-31,1970.5,0.0051519972761457,81.80000305175781,0.0151402481134339,5.33,0.0328774926842829,0.0001283756576315,0.0050236216185141,1.6,117.8241,0.020000000000000018,0.0003064828335654912
2023-08-01,1940.699951171875,-0.0151230899914361,81.37000274658203,-0.0052567272510211,5.33,0.0372250480350528,0.0001450459310734,-0.0152681359225095,1.68,118.5738,0.07999999999999985,0.006362874827815501
2023-08-02,1937.4000244140625,-0.0017003796778681,79.48999786376953,-0.0231043974358409,5.33,0.0372250480350528,0.0001450459310734,-0.0018454256089415,1.72,119.1268,0.040000000000000036,0.004663762146443817
2023-08-03,1932.0,-0.0027872531981079,81.55000305175781,0.0259152754226856,5.33,0.0372250480350528,0.0001450459310734,-0.0029322991291813,1.83,119.3963,0.1100000000000001,0.002262295302148498
2023-08-04,1939.5999755859373,0.0039337347753298,82.81999969482422,0.0155732261868877,5.33,0.0372250480350528,0.0001450459310734,0.0037886888442563,1.67,118.821,-0.16000000000000014,-0.00481840727057703
2023-08-07,1933.5,-0.0031449657984733,81.94000244140625,-0.0106254196650639,5.33,0.0372250480350528,0.0001450459310734,-0.0032900117295467,1.68,119.0809,0.010000000000000009,0.002187323789565765
2023-08-08,1924.0999755859373,-0.0048616624846457,82.91999816894531,0.0119599182125951,5.33,0.0372250480350528,0.0001450459310734,-0.0050067084157191,1.66,119.6407,-0.020000000000000018,0.004701005786822199
2023-08-09,1915.4000244140625,-0.0045215691919675,84.4000015258789,0.0178485695805028,5.33,0.0372250480350528,0.0001450459310734,-0.0046666151230409,1.66,119.476,0.0,-0.0013766218352115889
2023-08-10,1914.4000244140625,-0.000522084153312,82.81999969482422,-0.0187204005034316,5.33,0.0372250480350528,0.0001450459310734,-0.0006671300843854,1.76,119.1581,0.10000000000000009,-0.002660785429709711
2023-08-11,1912.9000244140625,-0.0007835353013323,83.19000244140625,0.0044675531024562,5.33,0.0372250480350528,0.0001450459310734,-0.0009285812324057,1.8,119.6268,0.040000000000000036,0.003933429619975559
2023-08-14,1910.5999755859373,-0.0012023884148516,82.51000213623047,-0.0081740628106692,5.33,0.0372250480350528,0.0001450459310734,-0.001347434345925,1.83,120.0725,0.030000000000000027,0.0037257537608630376
2023-08-15,1902.5,-0.004239493190328,80.98999786376953,-0.0184220607575708,5.33,0.0372250480350528,0.0001450459310734,-0.0043845391214014,1.89,120.2127,0.05999999999999983,0.0011676278914822813
2023-08-16,1896.0999755859373,-0.0033640075763797,79.37999725341797,-0.0198790054675601,5.33,0.0372250480350528,0.0001450459310734,-0.0035090535074531,1.96,120.3551,0.07000000000000006,0.0011845670216208415
2023-08-17,1884.0999755859373,-0.0063287802091194,80.38999938964844,0.012723635313391,5.33,0.0372250480350528,0.0001450459310734,-0.0064738261401928,1.97,120.5242,0.010000000000000009,0.0014050090108355118
2023-08-18,1886.0999755859373,0.0010615147953483,81.25,0.0106978556646475,5.33,0.0372250480350528,0.0001450459310734,0.0009164688642748,1.94,120.4321,-0.030000000000000027,-0.0007641618861605748
2023-08-21,1893.300048828125,0.0038174398681865,80.72000122070312,-0.0065230618990385,5.33,0.0372250480350528,0.0001450459310734,0.003672393937113,2.0,120.4627,0.06000000000000005,0.0002540850819672258
2023-08-22,1896.4000244140625,0.00163733983309,80.3499984741211,-0.0045837802401709,5.33,0.0372250480350528,0.0001450459310734,0.0014922939020165,1.99,120.3554,-0.010000000000000009,-0.0008907321519441291
2023-08-23,1918.5,0.0116536465415653,78.88999938964844,-0.018170492995627,5.33,0.0372250480350528,0.0001450459310734,0.0115086006104918,1.84,120.0307,-0.1499999999999999,-0.0026978432209938674
2023-08-24,1918.199951171875,-0.0001563976169532,79.05000305175781,0.0020281868848686,5.33,0.0372250480350528,0.0001450459310734,-0.0003014435480266,1.91,120.2354,0.06999999999999984,0.0017053970359250936
2023-08-25,1911.0999755859373,-0.003701374083343,79.83000183105469,0.0098671568524313,5.33,0.0372250480350528,0.0001450459310734,-0.0038464200144164,1.92,120.5137,0.010000000000000009,0.002314626141718623
2023-08-28,1917.9000244140625,0.0035581858170659,80.0999984741211,0.0033821450190845,5.33,0.0372250480350528,0.0001450459310734,0.0034131398859924,1.9,120.3155,-0.020000000000000018,-0.0016446262955995827
2023-08-29,1936.5,0.0096980944518314,81.16000366210938,0.0132335231982652,5.33,0.0372250480350528,0.0001450459310734,0.0095530485207579,1.83,120.2669,-0.06999999999999984,-0.00040393797972826384
2023-08-30,1944.300048828125,0.0040279105748128,81.62999725341797,0.0057909508391018,5.33,0.0372250480350528,0.0001450459310734,0.0038828646437393,1.86,119.7937,0.030000000000000027,-0.003934582166830625
2023-08-31,1938.199951171875,-0.0031374260675077,83.62999725341797,0.0245007971002504,5.33,0.0372250480350528,0.0001450459310734,-0.0032824719985811,1.85,120.225,-0.010000000000000009,0.0036003562791699917
2023-09-01,1939.800048828125,0.0008255586093077,85.55000305175781,0.0229583386511635,5.33,0.0368720663811925,0.0001436950559623,0.0006818635533453,1.92,120.759,0.06999999999999984,0.004441671865252683
2023-09-05,1926.199951171875,-0.0070110822321435,86.69000244140625,0.0133255330097268,5.33,0.0368720663811925,0.0001436950559623,-0.0071547772881058,1.98,121.4345,0.06000000000000005,0.005593785970403831
2023-09-06,1918.0999755859373,-0.0042051582344863,87.54000091552734,0.0098050346081788,5.33,0.0368720663811925,0.0001436950559623,-0.0043488532904486,2.0,121.8671,0.020000000000000018,0.0035624143056545154
2023-09-07,1917.5,-0.0003127968268464,86.87000274658203,-0.0076536230516131,5.33,0.0368720663811925,0.0001436950559623,-0.0004564918828087,1.95,121.9528,-0.050000000000000044,0.0007032250705891752
2023-09-08,1918.4000244140625,0.0004693738795631,87.51000213623047,0.0073673232348736,5.33,0.0368720663811925,0.0001436950559623,0.0003256788236007,1.93,121.9475,-0.020000000000000018,-4.345943676564712e-05
2023-09-11,1923.300048828125,0.0025542245369596,87.29000091552734,-0.0025140122881112,5.33,0.0368720663811925,0.0001436950559623,0.0024105294809972,1.94,121.3386,0.010000000000000009,-0.004993132290534885
2023-09-12,1911.300048828125,-0.0062392760855549,88.83999633789062,0.017756849651809,5.33,0.0368720663811925,0.0001436950559623,-0.0063829711415172,1.93,121.2913,-0.010000000000000009,-0.00038981824415307287
2023-09-13,1909.0999755859373,-0.0011510873154303,88.5199966430664,-0.003601977802961,5.33,0.0368720663811925,0.0001436950559623,-0.0012947823713926,1.9,121.0549,-0.030000000000000027,-0.0019490268469379846
2023-09-14,1910.0,0.0004714391208278,90.16000366210938,0.0185269665752005,5.33,0.0368720663811925,0.0001436950559623,0.0003277440648654,1.95,121.2395,0.050000000000000044,0.0015249279459155218
2023-09-15,1923.699951171875,0.0071727493046465,90.7699966430664,0.0067656716524002,5.33,0.0368720663811925,0.0001436950559623,0.0070290542486841,1.98,121.199,0.030000000000000027,-0.0003340495465586901
2023-09-18,1931.5,0.0040547117669642,91.4800033569336,0.007822041865432,5.33,0.0368720663811925,0.0001436950559623,0.0039110167110018,1.96,121.1938,-0.020000000000000018,-4.290464442779918e-05
2023-09-19,1932.0,0.0002588661661919,91.1999969482422,-0.0030608482555349,5.33,0.0368720663811925,0.0001436950559623,0.0001151711102295,2.0,121.1645,0.040000000000000036,-0.00024176154225707958
2023-09-20,1945.5999755859373,0.0070393248374418,90.27999877929688,-0.0100876995584487,5.33,0.0368720663811925,0.0001436950559623,0.0068956297814794,2.0,120.9648,0.0,-0.0016481725257810886
2023-09-21,1919.199951171875,-0.0135690916659843,89.62999725341797,-0.0071998397725716,5.33,0.0368720663811925,0.0001436950559623,-0.0137127867219466,2.11,121.5528,0.10999999999999988,0.004860918217531207
2023-09-22,1925.4000244140625,0.0032305509586958,90.02999877929688,0.004462808637023,5.33,0.0368720663811925,0.0001436950559623,0.0030868559027334,2.07,121.5306,-0.040000000000000036,-0.0001826366813434399
2023-09-25,1916.5999755859373,-0.0045705041635714,89.68000030517578,-0.0038875761286978,5.33,0.0368720663811925,0.0001436950559623,-0.0047141992195337,2.18,122.1143,0.11000000000000032,0.00480290560566643
2023-09-26,1900.4000244140625,-0.0084524425431667,90.38999938964844,0.0079170281228431,5.33,0.0368720663811925,0.0001436950559623,-0.008596137599129,2.23,122.4742,0.04999999999999982,0.0029472387754749807
2023-09-27,1871.5999755859373,-0.0151547297716988,93.68000030517578,0.0363978419929507,5.33,0.0368720663811925,0.0001436950559623,-0.0152984248276611,2.27,122.9895,0.040000000000000036,0.004207416745731107
2023-09-28,1860.4000244140625,-0.0059841586439264,91.70999908447266,-0.0210290479748672,5.33,0.0368720663811925,0.0001436950559623,-0.0061278536998887,2.2,122.5342,-0.06999999999999984,-0.003701942035702288
2023-09-29,1848.0999755859373,-0.0066115075611219,90.79000091552734,-0.0100316015497712,5.33,0.0368720663811925,0.0001436950559623,-0.0067552026170842,2.24,122.3077,0.040000000000000036,-0.0018484635309978792
2023-10-02,1830.0,-0.0097938292435716,88.81999969482422,-0.0216984381632074,5.33,0.0325126590986117,0.0001269735620719,-0.0099208028056435,2.34,123.0545,0.09999999999999964,0.006105911565666089
2023-10-03,1824.5999755859373,-0.0029508330131489,89.2300033569336,0.0046161187065763,5.33,0.0325126590986117,0.0001269735620719,-0.0030778065752208,2.45,123.7848,0.11000000000000032,0.0059347687406798855
2023-10-04,1818.5,-0.0033431851734946,84.22000122070312,-0.0561470575787126,5.33,0.0325126590986117,0.0001269735620719,-0.0034701587355665,2.4,123.5946,-0.050000000000000266,-0.0015365376039707668
2023-10-05,1816.5999755859373,-0.0010448305823824,82.30999755859375,-0.0226787418003486,5.33,0.0325126590986117,0.0001269735620719,-0.0011718041444543,2.41,123.8993,0.010000000000000231,0.0024653180640576977
2023-10-06,1830.199951171875,0.0074864999277295,82.79000091552734,0.0058316531547932,5.33,0.0325126590986117,0.0001269735620719,0.0073595263656575,2.47,123.3563,0.06000000000000005,-0.004382591346359432
2023-10-09,1849.5,0.0105453225565694,86.37999725341797,0.043362680253544,5.33,0.0325126590986117,0.0001269735620719,0.0104183489944974,2.47,123.3563,0.0,0.0
2023-10-10,1861.0,0.0062178967288455,85.97000122070312,-0.004746423312703,5.33,0.0325126590986117,0.0001269735620719,0.0060909231667735,2.34,122.9282,-0.13000000000000034,-0.0034704348298384424
2023-10-11,1872.800048828125,0.0063407032929205,83.48999786376953,-0.0288473109424169,5.33,0.0325126590986117,0.0001269735620719,0.0062137297308485,2.26,122.7697,-0.08000000000000007,-0.0012893705431300528
2023-10-12,1869.300048828125,-0.001868859413043,82.91000366210938,-0.006946870481498,5.33,0.0325126590986117,0.0001269735620719,-0.0019958329751149,2.36,123.2101,0.10000000000000009,0.003587204334619898
2023-10-13,1927.4000244140625,0.0310811395005101,87.69000244140625,0.0576528593434544,5.33,0.0325126590986117,0.0001269735620719,0.0309541659384381,2.29,123.5954,-0.06999999999999984,0.0031271786972009163
2023-10-16,1921.0999755859373,-0.0032686773624174,86.66000366210938,-0.0117459088906413,5.33,0.0325126590986117,0.0001269735620719,-0.0033956509244893,2.33,123.3185,0.040000000000000036,-0.002240374641774623
2023-10-17,1922.699951171875,0.0008328434783564,86.66000366210938,0.0,5.33,0.0325126590986117,0.0001269735620719,0.0007058699162844,2.42,123.1202,0.08999999999999986,-0.0016080312361892446
2023-10-18,1955.300048828125,0.0169553744651527,88.31999969482422,0.0191552730506132,5.33,0.0325126590986117,0.0001269735620719,0.0168284009030807,2.47,123.8148,0.050000000000000266,0.005641641257892793
2023-10-19,1968.4000244140625,0.0066997265170574,89.37000274658203,0.0118886215510183,5.33,0.0325126590986117,0.0001269735620719,0.0065727529549854,2.49,123.798,0.020000000000000018,-0.00013568652535889125
2023-10-20,1982.5,0.0071631657239663,88.75,-0.0069374815657118,5.33,0.0325126590986117,0.0001269735620719,0.0070361921618943,2.46,123.612,-0.03000000000000025,-0.0015024475355014388
2023-10-23,1976.300048828125,-0.0031273398092686,85.48999786376953,-0.0367324184363996,5.33,0.0325126590986117,0.0001269735620719,-0.0032543133713405,2.45,123.2846,-0.009999999999999787,-0.0026486101672976714
2023-10-24,1975.0,-0.0006578195597859,83.73999786376953,-0.0204702309478199,5.33,0.0325126590986117,0.0001269735620719,-0.0007847931218578,2.43,123.6416,-0.020000000000000018,0.002895738802737746
2023-10-25,1984.0999755859373,0.0046075825751581,85.38999938964844,0.0197038639595283,5.33,0.0325126590986117,0.0001269735620719,0.0044806090130861,2.52,123.7871,0.08999999999999986,0.0011767883948443636
2023-10-26,1987.199951171875,0.0015624089632992,83.20999908447266,-0.0255299252928681,5.33,0.0325126590986117,0.0001269735620719,0.0014354354012272,2.44,124.0064,-0.08000000000000007,0.0017715900929904382
2023-10-27,1988.5999755859373,0.0007045211596532,85.54000091552734,0.028001464447672,5.33,0.0325126590986117,0.0001269735620719,0.0005775475975812,2.42,123.62,-0.020000000000000018,-0.0031159682080924567
2023-10-30,1996.199951171875,0.0038217719396773,82.30999755859375,-0.037760151068075,5.33,0.0325126590986117,0.0001269735620719,0.0036947983776053,2.44,123.4076,0.020000000000000018,-0.001718168581135715
2023-10-31,1985.199951171875,-0.0055104700275854,81.0199966430664,-0.0156724693693379,5.33,0.0325126590986117,0.0001269735620719,-0.0056374435896573,2.46,123.8364,0.020000000000000018,0.003474664445301645
2023-11-01,1978.800048828125,-0.0032238074255301,80.44000244140625,-0.0071586549702701,5.33,0.0313334627459118,0.0001224384035551,-0.0033462458290852,2.36,123.7922,-0.10000000000000009,-0.0003569225203575721
2023-11-02,1985.5999755859373,0.0034363890186073,82.45999908447266,0.0251118421402063,5.33,0.0313334627459118,0.0001224384035551,0.0033139506150521,2.27,122.8818,-0.08999999999999986,-0.007354259799890461
2023-11-03,1991.5,0.0029714063691612,80.51000213623047,-0.0236477925041521,5.33,0.0313334627459118,0.0001224384035551,0.002848967965606,2.18,121.7564,-0.08999999999999986,-0.009158394489664046
2023-11-06,1981.5999755859373,-0.0049711395501192,80.81999969482422,0.0038504229334039,5.33,0.0313334627459118,0.0001224384035551,-0.0050935779536743,2.25,121.6484,0.06999999999999984,-0.000887017027441761
2023-11-07,1966.800048828125,-0.0074686752826772,77.37000274658203,-0.042687416001848,5.33,0.0313334627459118,0.0001224384035551,-0.0075911136862323,2.19,122.0777,-0.06000000000000005,0.003529022987560859
2023-11-08,1951.5,-0.00777915825111,75.33000183105469,-0.026366819737737,5.33,0.0313334627459118,0.0001224384035551,-0.0079015966546651,2.15,122.0926,-0.040000000000000036,0.00012205341352289345
2023-11-09,1964.199951171875,0.006507789480848,75.73999786376953,0.0054426659066644,5.33,0.0313334627459118,0.0001224384035551,0.0063853510772928,2.29,122.1281,0.14000000000000012,0.00029076291273999466
2023-11-10,1932.5999755859373,-0.0160879627184006,77.16999816894531,0.0188803848099898,5.33,0.0313334627459118,0.0001224384035551,-0.0162104011219557,2.29,122.1281,0.0,0.0
2023-11-13,1945.5,0.0066749583861251,78.26000213623047,0.0141247115867342,5.33,0.0313334627459118,0.0001224384035551,0.0065525199825699,2.32,122.4264,0.029999999999999805,0.002442517324022786
2023-11-14,1961.800048828125,0.0083783340159984,78.26000213623047,0.0,5.33,0.0313334627459118,0.0001224384035551,0.0082558956124432,2.16,121.35,-0.1599999999999997,-0.008792221285605084
2023-11-15,1960.0999755859373,-0.0008665884391241,76.66000366210938,-0.0204446515518349,5.33,0.0313334627459118,0.0001224384035551,-0.0009890268426792,2.22,121.0749,0.06000000000000005,-0.0022669962917181152
2023-11-16,1983.9000244140625,0.0121422627032126,72.9000015258789,-0.0490477688052722,5.33,0.0313334627459118,0.0001224384035551,0.0120198242996574,2.18,121.1754,-0.040000000000000036,0.0008300646954901847
2023-11-17,1981.5999755859373,-0.001159357225576,75.88999938964844,0.041015059001173,5.33,0.0313334627459118,0.0001224384035551,-0.0012817956291311,2.16,120.8477,-0.020000000000000018,-0.0027043442810998908
2023-11-20,1977.699951171875,-0.0019681189251676,77.5999984741211,0.0225326011098361,5.33,0.0313334627459118,0.0001224384035551,-0.0020905573287227,2.12,120.2533,-0.040000000000000036,-0.004918587610686864
2023-11-21,1999.300048828125,0.0109218274710736,77.7699966430664,0.0021906980964954,5.33,0.0313334627459118,0.0001224384035551,0.0107993890675184,2.16,120.2241,0.040000000000000036,-0.00024282077913861944
2023-11-22,1991.4000244140625,-0.0039513950988462,77.0999984741211,-0.0086151240563933,5.33,0.0313334627459118,0.0001224384035551,-0.0040738335024013,2.16,120.6802,0.0,0.003793748507994632
2023-11-24,2002.199951171875,0.0054232834314593,75.54000091552734,-0.0202334317700066,5.33,0.0313334627459118,0.0001224384035551,0.0053008450279041,2.21,120.2105,0.04999999999999982,-0.0038921049186196877
2023-11-27,2011.800048828125,0.0047947746930225,74.86000061035156,-0.0090018572535655,5.33,0.0313334627459118,0.0001224384035551,0.0046723362894673,2.18,120.173,-0.029999999999999805,-0.0003119527828266966
2023-11-28,2039.699951171875,0.0138681288729471,76.41000366210938,0.020705357188355,5.33,0.0313334627459118,0.0001224384035551,0.0137456904693919,2.12,119.5904,-0.06000000000000005,-0.004848010784452406
2023-11-29,2047.0999755859373,0.0036279965638137,77.86000061035156,0.0189765328981552,5.33,0.0313334627459118,0.0001224384035551,0.0035055581602585,2.06,119.8159,-0.06000000000000005,0.0018856028577545203
2023-11-30,2038.0999755859373,-0.0043964633419645,75.95999908447266,-0.0244027936165505,5.33,0.0313334627459118,0.0001224384035551,-0.0045189017455196,2.14,120.2434,0.08000000000000007,0.0035679738665734817
2023-12-01,2071.0,0.0161424978206008,74.06999969482422,-0.0248815088523978,5.33,0.0331590994271029,0.0001294575660046,0.0160130402545961,2.0,119.9424,-0.14000000000000012,-0.002503255895957568
2023-12-04,2024.0999755859373,-0.0226460764915801,73.04000091552734,-0.0139057483939594,5.33,0.0331590994271029,0.0001294575660046,-0.0227755340575847,2.07,120.4727,0.06999999999999984,0.0044212888853316645
2023-12-05,2018.5,-0.0027666496978818,72.31999969482422,-0.0098576288564923,5.33,0.0331590994271029,0.0001294575660046,-0.0028961072638864,2.01,120.7913,-0.06000000000000005,0.0026445825485774677
2023-12-06,2030.5,0.0059450086698042,69.37999725341797,-0.0406526887971856,5.33,0.0331590994271029,0.0001294575660046,0.0058155511037995,1.98,120.5334,-0.029999999999999805,-0.002135087543556624
2023-12-07,2029.9000244140625,-0.0002954816970881,69.33999633789062,-0.0005765482431663,5.33,0.0331590994271029,0.0001294575660046,-0.0004249392630927,1.97,120.6013,-0.010000000000000009,0.0005633293344415868
2023-12-08,1998.300048828125,-0.0155672571091568,71.2300033569336,0.0272570971857721,5.33,0.0331590994271029,0.0001294575660046,-0.0156967146751614,2.02,120.7607,0.050000000000000044,0.001321710462490966
2023-12-11,1978.0,-0.0101586590262207,71.31999969482422,0.001263461092928,5.33,0.0331590994271029,0.0001294575660046,-0.0102881165922253,2.04,120.9279,0.020000000000000018,0.0013845563995571464
2023-12-12,1977.800048828125,-0.0001010875489761,68.61000061035156,-0.0379977439157129,5.33,0.0331590994271029,0.0001294575660046,-0.0002305451149807,2.04,120.6817,0.0,-0.0020359238852241113
2023-12-13,1982.300048828125,0.002275255278038,69.47000122070312,0.0125346247296462,5.33,0.0331590994271029,0.0001294575660046,0.0021457977120333,1.88,121.1571,-0.16000000000000014,0.003939288226798121
2023-12-14,2030.199951171875,0.0241638002138309,71.58000183105469,0.0303728310533375,5.33,0.0331590994271029,0.0001294575660046,0.0240343426478262,1.7,119.5683,-0.17999999999999994,-0.013113552569350095
2023-12-15,2021.0999755859373,-0.0044823050954585,71.43000030517578,-0.0020955786817796,5.33,0.0331590994271029,0.0001294575660046,-0.0046117626614631,1.69,119.7382,-0.010000000000000009,0.0014209451836315612
2023-12-18,2026.300048828125,0.0025728926351997,72.47000122070312,0.0145597215607458,5.33,0.0331590994271029,0.0001294575660046,0.002443435069195,1.74,119.9102,0.050000000000000044,0.001436467225998106
2023-12-19,2038.4000244140625,0.0059714629099156,73.44000244140625,0.0133848655217907,5.33,0.0331590994271029,0.0001294575660046,0.0058420053439109,1.74,119.4632,0.0,-0.003727789629239253
2023-12-20,2034.5,-0.0019132772602784,74.22000122070312,0.0106208980578288,5.33,0.0331590994271029,0.0001294575660046,-0.002042734826283,1.67,119.5435,-0.07000000000000006,0.0006721735228922832
2023-12-21,2039.0999755859373,0.0022609857881237,73.88999938964844,-0.0044462655029253,5.33,0.0331590994271029,0.0001294575660046,0.002131528222119,1.7,119.3168,0.030000000000000027,-0.0018963808153517059
2023-12-22,2057.10009765625,0.0088274838339597,73.55999755859375,-0.0044661230718715,5.33,0.0331590994271029,0.0001294575660046,0.008698026267955,1.71,119.0625,0.010000000000000009,-0.0021313008729700877
2023-12-26,2058.199951171875,0.0005346621279529,75.56999969482422,0.0273246629002321,5.33,0.0331590994271029,0.0001294575660046,0.0004052045619482,1.71,118.8875,0.0,-0.0014698162729658293
2023-12-27,2081.89990234375,0.0115148924954453,74.11000061035156,-0.0193198238767844,5.33,0.0331590994271029,0.0001294575660046,0.0113854349294406,1.64,118.4729,-0.07000000000000006,-0.00348733045946803
2023-12-28,2073.89990234375,-0.0038426439191403,71.7699966430664,-0.0315747395495003,5.33,0.0331590994271029,0.0001294575660046,-0.0039721014851449,1.68,118.4104,0.040000000000000036,-0.0005275468060628175
2023-12-29,2062.39990234375,-0.0055451085112659,71.6500015258789,-0.0016719398467338,5.33,0.0331590994271029,0.0001294575660046,-0.0056745660772705,1.72,118.4208,0.040000000000000036,8.783012302981952e-05
2024-01-02,2064.39990234375,0.0009697440335054,70.37999725341797,-0.0177251115898753,5.33,0.0308834298648557,0.0001207062269736,0.0008490378065317,1.74,119.2686,0.020000000000000018,0.007159215272992681
2024-01-03,2034.199951171875,-0.0146289249178845,72.69999694824219,0.0329639071520644,5.33,0.0308834298648557,0.0001207062269736,-0.0147496311448581,1.71,119.6958,-0.030000000000000027,0.0035818312615389925
2024-01-04,2042.300048828125,0.0039819574528963,72.19000244140625,-0.007015055409136,5.33,0.0308834298648557,0.0001207062269736,0.0038612512259226,1.77,119.6208,0.06000000000000005,-0.0006265884015981271
2024-01-05,2042.4000244140625,4.895244750890981e-05,73.80999755859375,0.0224407128743677,5.33,0.0308834298648557,0.0001207062269736,-7.175377946477823e-05,1.83,119.388,0.06000000000000005,-0.0019461498334737426
2024-01-08,2026.5999755859373,-0.0077360206811875,70.7699966430664,-0.041186844818875,5.33,0.0308834298648557,0.0001207062269736,-0.0078567269081611,1.79,119.2506,-0.040000000000000036,-0.0011508694341140213
2024-01-09,2026.4000244140625,-9.866336439545707e-05,72.23999786376953,0.0207715315872796,5.33,0.0308834298648557,0.0001207062269736,-0.0002193695913691,1.8,119.6666,0.010000000000000009,0.00348845204971715
2024-01-10,2021.699951171875,-0.0023194202455394,71.37000274658203,-0.0120431221333663,5.33,0.0308834298648557,0.0001207062269736,-0.002440126472513,1.82,119.7614,0.020000000000000018,0.0007922009984406841
2024-01-11,2014.300048828125,-0.0036602376823824,72.0199966430664,0.009107382254031,5.33,0.0308834298648557,0.0001207062269736,-0.003780943909356,1.76,119.8916,-0.06000000000000005,0.0010871616397269968
2024-01-12,2046.699951171875,0.0160849434336256,72.68000030517578,0.0091641723531366,5.33,0.0308834298648557,0.0001207062269736,0.0159642372066519,1.69,119.534,-0.07000000000000006,-0.0029826943672449646
2024-01-16,2026.0,-0.0101138181783914,72.4000015258789,-0.0038524873159216,5.33,0.0308834298648557,0.0001207062269736,-0.010234524405365,1.77,120.5759,0.08000000000000007,0.00871634848662306
2024-01-17,2002.5999755859373,-0.0115498639753516,72.55999755859375,0.00220988990805,5.33,0.0308834298648557,0.0001207062269736,-0.0116705702023252,1.8,121.0402,0.030000000000000027,0.003850686579988105
2024-01-18,2018.5999755859373,0.0079896135998496,74.08000183105469,0.0209482404024821,5.33,0.0308834298648557,0.0001207062269736,0.0078689073728759,1.8,120.8895,0.0,-0.0012450409037658705
2024-01-19,2026.5,0.003913615629451,73.41000366210938,-0.0090442515170733,5.33,0.0308834298648557,0.0001207062269736,0.0037929094024773,1.81,120.6442,0.010000000000000009,-0.002029125771882634
2024-01-22,2019.800048828125,-0.0033061688486922,75.19000244140625,0.0242473599032881,5.33,0.0308834298648557,0.0001207062269736,-0.0034268750756658,1.8,120.6178,-0.010000000000000009,-0.0002188252729927731
2024-01-23,2023.699951171875,0.0019308358498222,74.37000274658203,-0.0109057011331157,5.33,0.0308834298648557,0.0001207062269736,0.0018101296228485,1.85,121.1001,0.050000000000000044,0.003998580640668159
2024-01-24,2013.9000244140625,-0.004842578936733,75.08999633789062,0.0096812365835454,5.33,0.0308834298648557,0.0001207062269736,-0.0049632851637066,1.88,120.4916,0.029999999999999805,-0.005024768765673926
2024-01-25,2016.9000244140625,0.0014896469356133,77.36000061035156,0.0302304485706239,5.33,0.0308834298648557,0.0001207062269736,0.0013689407086396,1.85,120.8311,-0.029999999999999805,0.0028176238011612398
2024-01-26,2016.800048828125,-4.956893486407488e-05,78.01000213623047,0.0084022947356585,5.33,0.0308834298648557,0.0001207062269736,-0.0001702751618377,1.85,120.6173,0.0,-0.001769412013960081
2024-01-29,2025.199951171875,0.0041649653611575,76.77999877929688,-0.0157672519324587,5.33,0.0308834298648557,0.0001207062269736,0.0040442591341838,1.78,120.8538,-0.07000000000000006,0.0019607469243632103
2024-01-30,2031.5,0.0031108280564986,77.81999969482422,0.0135452062003389,5.33,0.0308834298648557,0.0001207062269736,0.0029901218295249,1.8,120.6025,0.020000000000000018,-0.0020793719353466855
2024-01-31,2048.39990234375,0.0083189280550086,75.8499984741211,-0.0253148448782909,5.33,0.0308834298648557,0.0001207062269736,0.0081982218280349,1.73,120.4331,-0.07000000000000006,-0.001404614332207177
2024-02-01,2053.0,0.0022457029269462,73.81999969482422,-0.0267633331593207,5.33,0.0315707414164869,0.0001233513860814,0.0021223515408647,1.68,120.3335,-0.050000000000000044,-0.0008270151644356183
2024-02-02,2036.0999755859373,-0.0082318677126461,72.27999877929688,-0.0208615676225113,5.33,0.0315707414164869,0.0001233513860814,-0.0083552190987275,1.82,120.902,0.14000000000000012,0.004724370187852989
2024-02-05,2025.699951171875,-0.0051078161872034,72.77999877929688,0.0069175430055929,5.33,0.0315707414164869,0.0001233513860814,-0.0052311675732848,1.9,121.349,0.07999999999999985,0.0036972093100196
2024-02-06,2034.5,0.0043442015304557,73.30999755859375,0.0072822037398501,5.33,0.0315707414164869,0.0001233513860814,0.0042208501443742,1.85,120.9588,-0.04999999999999982,-0.0032155188753101305
2024-02-07,2035.199951171875,0.0003440408807446,73.86000061035156,0.0075024290011498,5.33,0.0315707414164869,0.0001233513860814,0.0002206894946631,1.86,120.9049,0.010000000000000009,-0.00044560627254897067
2024-02-08,2032.199951171875,-0.0014740566391389,76.22000122070312,0.0319523502687435,5.33,0.0315707414164869,0.0001233513860814,-0.0015974080252203,1.91,121.0798,0.04999999999999982,0.0014465914946375502
2024-02-09,2023.300048828125,-0.0043794422584342,76.83999633789062,0.0081342837478084,5.33,0.0315707414164869,0.0001233513860814,-0.0045027936445156,1.92,121.039,0.010000000000000009,-0.0003369678509544949
2024-02-12,2018.199951171875,-0.0025206828118271,76.91999816894531,0.0010411482934342,5.33,0.0315707414164869,0.0001233513860814,-0.0026440341979085,1.93,120.9378,0.010000000000000009,-0.0008360941514719
2024-02-13,1992.9000244140625,-0.0125358871122368,77.87000274658203,0.0123505538254193,5.33,0.0315707414164869,0.0001233513860814,-0.0126592384983182,2.02,121.5202,0.09000000000000008,0.0048156986483962605
2024-02-14,1990.300048828125,-0.0013046191751149,76.63999938964844,-0.015795599249386,5.33,0.0315707414164869,0.0001233513860814,-0.0014279705611963,1.97,121.4002,-0.050000000000000044,-0.0009874901456713436
2024-02-15,2002.0999755859373,0.0059287175141056,78.02999877929688,0.0181367353955925,5.33,0.0315707414164869,0.0001233513860814,0.0058053661280241,1.94,121.2121,-0.030000000000000027,-0.0015494208411517274
2024-02-16,2011.5,0.0046950824277951,79.19000244140625,0.0148661243144496,5.33,0.0315707414164869,0.0001233513860814,0.0045717310417136,1.97,121.1505,0.030000000000000027,-0.0005082000889351512
2024-02-20,2027.5,0.0079542629878199,78.18000030517578,-0.0127541622059903,5.33,0.0315707414164869,0.0001233513860814,0.0078309116017384,1.95,121.0199,-0.020000000000000018,-0.0010779980272469514
2024-02-21,2022.300048828125,-0.0025647108122688,77.91000366210938,-0.0034535257356417,5.33,0.0315707414164869,0.0001233513860814,-0.0026880621983502,1.98,121.0379,0.030000000000000027,0.00014873586905950198
2024-02-22,2019.699951171875,-0.0012857130957182,78.61000061035156,0.0089846863732419,5.33,0.0315707414164869,0.0001233513860814,-0.0014090644817996,2.02,121.102,0.040000000000000036,0.0005295861874670127
2024-02-23,2038.5999755859373,0.0093578377338159,76.48999786376953,-0.0269686137911423,5.33,0.0315707414164869,0.0001233513860814,0.0092344863477344,1.96,121.0369,-0.06000000000000005,-0.0005375633763273768
2024-02-26,2028.5,-0.004954368540613,77.58000183105469,0.0142502810527787,5.33,0.0315707414164869,0.0001233513860814,-0.0050777199266944,1.97,121.0592,0.010000000000000009,0.0001842413346673233
2024-02-27,2034.0,0.0027113630761645,78.87000274658203,0.0166280083150367,5.33,0.0315707414164869,0.0001233513860814,0.002588011690083,1.99,120.9647,0.020000000000000018,-0.0007806098173456233
2024-02-28,2033.0,-0.0004916420845624,78.54000091552734,-0.0041841234888125,5.33,0.0315707414164869,0.0001233513860814,-0.0006149934706438,1.94,121.128,-0.050000000000000044,0.0013499806141792359
2024-02-29,2045.699951171875,0.0062469017077595,78.26000213623047,-0.0035650468045961,5.33,0.0315707414164869,0.0001233513860814,0.006123550321678,1.92,121.1824,-0.020000000000000018,0.00044911168350836306
2024-03-01,2086.89990234375,0.0201397820576147,79.97000122070312,0.0218502304855037,5.33,0.0348683491208365,0.0001360180579894,0.0200037639996252,1.87,121.0111,-0.04999999999999982,-0.001413571607758235
2024-03-04,2117.699951171875,0.0147587571370979,78.73999786376953,-0.0153808095305513,5.33,0.0348683491208365,0.0001360180579894,0.0146227390791084,1.88,120.872,0.009999999999999787,-0.0011494813285722882
2024-03-05,2133.5,0.0074609478171738,78.1500015258789,-0.0074929686804334,5.33,0.0348683491208365,0.0001360180579894,0.0073249297591843,1.81,120.8846,-0.06999999999999984,0.00010424250446749994
2024-03-06,2150.300048828125,0.007874407700082,79.12999725341797,0.0125399322892469,5.33,0.0348683491208365,0.0001360180579894,0.0077383896420925,1.81,120.4649,0.0,-0.0034719062643215892
2024-03-07,2158.0,0.0035808729000732,78.93000030517578,-0.0025274479361054,5.33,0.0348683491208365,0.0001360180579894,0.0034448548420837,1.81,120.1909,0.0,-0.0022745214581176842
2024-03-08,2178.60009765625,0.009545921064064,78.01000213623047,-0.0116558743872826,5.33,0.0348683491208365,0.0001360180579894,0.0094099030060745,1.81,119.975,0.0,-0.0017963090383714686
2024-03-11,2182.5,0.0017900955517011,77.93000030517578,-0.0010255329940253,5.33,0.0348683491208365,0.0001360180579894,0.0016540774937116,1.83,120.0394,0.020000000000000018,0.0005367784955199184
2024-03-12,2160.39990234375,-0.0101260470360824,77.55999755859375,-0.0047478858608122,5.33,0.0348683491208365,0.0001360180579894,-0.0102620650940718,1.86,120.1668,0.030000000000000027,0.0010613182005241306
2024-03-13,2175.39990234375,0.0069431589881701,79.72000122070312,0.0278494550038834,5.33,0.0348683491208365,0.0001360180579894,0.0068071409301806,1.89,119.9642,0.029999999999999805,-0.0016859898075007873
2024-03-14,2163.0,-0.0057000564955392,81.26000213623047,0.0193176228292306,5.33,0.0348683491208365,0.0001360180579894,-0.0058360745535286,1.99,120.241,0.10000000000000009,0.002307355027583169
2024-03-15,2157.300048828125,-0.0026352062745608,81.04000091552734,-0.0027073740452812,5.33,0.0348683491208365,0.0001360180579894,-0.0027712243325502,1.99,120.4003,0.0,0.0013248392811104903
2024-03-18,2160.699951171875,0.0015759988257531,82.72000122070312,0.0207305069866292,5.33,0.0348683491208365,0.0001360180579894,0.0014399807677636,2.03,120.5752,0.039999999999999813,0.0014526541877386556
2024-03-19,2156.300048828125,-0.0020363319494517,83.47000122070312,0.009066731007401,5.33,0.0348683491208365,0.0001360180579894,-0.0021723500074411,2.0,120.9332,-0.029999999999999805,0.002969101440428945
2024-03-20,2157.89990234375,0.0007419438294287,81.68000030517578,-0.021444841132737,5.33,0.0348683491208365,0.0001360180579894,0.0006059257714392,1.96,120.9289,-0.040000000000000036,-3.555681979805492e-05
2024-03-21,2182.39990234375,0.011353631358614,81.06999969482422,-0.0074681759068616,5.33,0.0348683491208365,0.0001360180579894,0.0112176133006245,1.93,120.8086,-0.030000000000000027,-0.000994799423462922
2024-03-22,2158.10009765625,-0.0111344417956597,80.62999725341797,-0.0054274385477065,5.33,0.0348683491208365,0.0001360180579894,-0.0112704598536491,1.87,121.1842,-0.05999999999999983,0.0031090501835133733
2024-03-25,2174.800048828125,0.0077382653334807,81.94999694824219,0.0163710745353926,5.33,0.0348683491208365,0.0001360180579894,0.0076022472754912,1.92,121.0295,0.04999999999999982,-0.001276569057682475
2024-03-26,2175.60009765625,0.0003678723607516,81.62000274658203,-0.0040267750329334,5.33,0.0348683491208365,0.0001360180579894,0.0002318543027621,1.92,121.0742,0.0,0.00036933144398676454
2024-03-27,2190.60009765625,0.0068946494423121,81.3499984741211,-0.0033080649764158,5.33,0.0348683491208365,0.0001360180579894,0.0067586313843226,1.88,121.0089,-0.040000000000000036,-0.0005393386865245597
2024-03-28,2217.39990234375,0.0122340014118385,83.16999816894531,0.0223724613271283,5.33,0.0348683491208365,0.0001360180579894,0.012097983353849,1.88,121.0635,0.0,0.0004512064815067607
2024-04-01,2236.5,0.0086137361312506,83.70999908447266,0.0064927368933016,5.33,0.0336079512621967,0.0001311814082953,0.0084825547229552,1.98,121.5151,0.10000000000000009,0.003730273781940907
2024-04-02,2261.0,0.0109546165884193,85.1500015258789,0.017202275201952,5.33,0.0336079512621967,0.0001311814082953,0.0108234351801239,2.0,121.3035,0.020000000000000018,-0.0017413473716435535
2024-04-03,2294.39990234375,0.0147721814877266,85.43000030517578,0.0032883003438559,5.33,0.0336079512621967,0.0001311814082953,0.0146410000794312,2.0,121.0198,0.0,-0.00233876186589832
2024-04-04,2288.800048828125,-0.0024406615036484,86.58999633789062,0.0135783217671903,5.33,0.0336079512621967,0.0001311814082953,-0.0025718429119437,1.97,120.7613,-0.030000000000000027,-0.0021360141067825467
2024-04-05,2325.699951171875,0.0161219423088718,86.91000366210938,0.0036956615977903,5.33,0.0336079512621967,0.0001311814082953,0.0159907609005764,2.02,120.9646,0.050000000000000044,0.0016834863486894225
2024-04-08,2331.699951171875,0.0025798684808746,86.43000030517578,-0.0055229931734873,5.33,0.0336079512621967,0.0001311814082953,0.0024486870725792,2.04,120.7359,0.020000000000000018,-0.001890635772779814
2024-04-09,2343.5,0.0050607063838528,85.2300033569336,-0.0138840326738992,5.33,0.0336079512621967,0.0001311814082953,0.0049295249755574,2.0,120.7048,-0.040000000000000036,-0.0002575870143014525
2024-04-10,2329.60009765625,-0.0059312576674844,86.20999908447266,0.0114982481396246,5.33,0.0336079512621967,0.0001311814082953,-0.0060624390757797,2.15,121.5727,0.1499999999999999,0.007190269152510753
2024-04-11,2354.800048828125,0.0108172862789746,85.0199966430664,-0.0138035315397722,5.33,0.0336079512621967,0.0001311814082953,0.0106861048706792,2.16,121.6081,0.010000000000000231,0.0002911837937300543
2024-04-12,2356.199951171875,0.0005944888375752,85.66000366210938,0.0075277234099393,5.33,0.0336079512621967,0.0001311814082953,0.0004633074292798,2.11,122.2885,-0.050000000000000266,0.005595022042117259
2024-04-15,2365.800048828125,0.004074398546471,85.41000366210938,-0.0029185149347662,5.33,0.0336079512621967,0.0001311814082953,0.0039432171381756,2.2,122.425,0.0900000000000003,0.001116212890010182
2024-04-16,2390.800048828125,0.0105672497607662,85.36000061035156,-0.0005854472498986,5.33,0.0336079512621967,0.0001311814082953,0.0104360683524708,2.24,123.1234,0.040000000000000036,0.00570471717377985
2024-04-17,2371.699951171875,-0.0079889983545935,82.69000244140625,-0.0312792660479611,5.33,0.0336079512621967,0.0001311814082953,-0.0081201797628888,2.2,123.0207,-0.040000000000000036,-0.0008341225144854469
2024-04-18,2382.300048828125,0.0044694092315566,82.7300033569336,0.0004837454873178,5.33,0.0336079512621967,0.0001311814082953,0.0043382278232612,2.24,123.0017,0.040000000000000036,-0.00015444555265908821
2024-04-19,2398.39990234375,0.0067581132458711,83.13999938964844,0.0049558324196596,5.33,0.0336079512621967,0.0001311814082953,0.0066269318375757,2.21,123.1075,-0.03000000000000025,0.000860150713364094
2024-04-22,2332.199951171875,-0.0276017152549011,82.8499984741211,-0.003488103411791,5.33,0.0336079512621967,0.0001311814082953,-0.0277328966631964,2.21,123.0609,0.0,-0.0003785309587148733
2024-04-23,2327.699951171875,-0.0019295086588689,83.36000061035156,0.0061557289755385,5.33,0.0336079512621967,0.0001311814082953,-0.0020606900671642,2.2,122.7227,-0.009999999999999787,-0.002748232785555804
2024-04-24,2324.5,-0.0013747266567858,82.80999755859375,-0.0065979252366933,5.33,0.0336079512621967,0.0001311814082953,-0.0015059080650811,2.24,122.89,0.040000000000000036,0.0013632359783479764
2024-04-25,2329.800048828125,0.0022800812338674,83.56999969482422,0.0091776616186072,5.33,0.0336079512621967,0.0001311814082953,0.002148899825572,2.28,122.8384,0.03999999999999959,-0.00041988770445122725
2024-04-26,2334.800048828125,0.0021461069169927,83.8499984741211,0.0033504700289501,5.33,0.0336079512621967,0.0001311814082953,0.0020149255086973,2.24,122.9471,-0.03999999999999959,0.000884902440930535
2024-04-29,2345.39990234375,0.0045399405918915,82.62999725341797,-0.0145498061169274,5.33,0.0336079512621967,0.0001311814082953,0.0044087591835961,2.22,122.5449,-0.020000000000000018,-0.003271325635171629
2024-04-30,2291.39990234375,-0.0230237922096091,81.93000030517578,-0.0084714628041844,5.33,0.0336079512621967,0.0001311814082953,-0.0231549736179044,2.28,122.9853,0.05999999999999961,0.0035937848086700086
2024-05-01,2299.89990234375,0.0037095227207202,79.0,-0.0357622396467961,5.33,0.0324427858400311,0.000126704975158,0.0035828177455621,2.25,123.0168,-0.029999999999999805,0.00025612817141573707
2024-05-02,2299.199951171875,-0.0003043398415564,78.94999694824219,-0.0006329500222508,5.33,0.0324427858400311,0.000126704975158,-0.0004310448167144,2.21,122.4384,-0.040000000000000036,-0.004701796827750404
2024-05-03,2299.0,-8.696554285025915e-05,78.11000061035156,-0.0106395993712489,5.33,0.0324427858400311,0.000126704975158,-0.0002136705180083,2.15,122.1375,-0.06000000000000005,-0.0024575623333855656
2024-05-06,2321.60009765625,0.0098304035042409,78.4800033569336,0.0047369446126082,5.33,0.0324427858400311,0.000126704975158,0.0097036985290828,2.14,121.8913,-0.009999999999999787,-0.002015760925186738
2024-05-07,2315.199951171875,-0.0027567824841308,78.37999725341797,-0.0012742877069052,5.33,0.0324427858400311,0.000126704975158,-0.0028834874592888,2.15,122.093,0.009999999999999787,0.0016547530463617566
2024-05-08,2313.60009765625,-0.0006910217473075,78.98999786376953,0.0077826056612289,5.33,0.0324427858400311,0.000126704975158,-0.0008177267224655,2.17,122.1926,0.020000000000000018,0.0008157715839565149
2024-05-09,2332.10009765625,0.0079961960663561,79.26000213623047,0.0034182083778075,5.33,0.0324427858400311,0.000126704975158,0.007869491091198,2.13,122.1634,-0.040000000000000036,-0.00023896700782211067
2024-05-10,2367.300048828125,0.0150936708108073,78.26000213623047,-0.0126167041767324,5.33,0.0324427858400311,0.000126704975158,0.0149669658356492,2.16,122.014,0.03000000000000025,-0.0012229522099089785
2024-05-13,2336.10009765625,-0.0131795507659959,79.12000274658203,0.0109890184880716,5.33,0.0324427858400311,0.000126704975158,-0.0133062557411539,2.15,122.0261,-0.010000000000000231,9.916894782580066e-05
2024-05-14,2353.39990234375,0.0074054209855376,78.0199966430664,-0.0139030089146848,5.33,0.0324427858400311,0.000126704975158,0.0072787160103795,2.12,121.9256,-0.029999999999999805,-0.0008235942966299259
2024-05-15,2388.699951171875,0.0149995964531866,78.62999725341797,0.0078185162342707,5.33,0.0324427858400311,0.000126704975158,0.0148728914780285,2.05,121.3543,-0.07000000000000028,-0.004685644360167274
2024-05-16,2380.0,-0.0036421280821004,79.2300033569336,0.0076307532045545,5.33,0.0324427858400311,0.000126704975158,-0.0037688330572584,2.07,121.2236,0.020000000000000018,-0.0010770116922101947
2024-05-17,2412.199951171875,0.0135293912486869,80.05999755859375,0.0104757562349329,5.33,0.0324427858400311,0.000126704975158,0.0134026862735288,2.1,121.2354,0.03000000000000025,9.734078182788153e-05
2024-05-20,2433.89990234375,0.0089959172585725,79.80000305175781,-0.0032474958126954,5.33,0.0324427858400311,0.000126704975158,0.0088692122834144,2.11,121.2289,0.009999999999999787,-5.361470329623419e-05
2024-05-21,2421.699951171875,-0.0050125114677587,79.26000213623047,-0.006766928507222,5.33,0.0324427858400311,0.000126704975158,-0.0051392164429167,2.09,121.3793,-0.020000000000000018,0.0012406282660322177
2024-05-22,2389.199951171875,-0.0134203248359785,77.56999969482422,-0.0213222608611782,5.33,0.0324427858400311,0.000126704975158,-0.0135470298111366,2.1,121.5462,0.010000000000000231,0.001375028526280797
2024-05-23,2335.0,-0.0226853977396452,76.87000274658203,-0.0090240679514775,5.33,0.0324427858400311,0.000126704975158,-0.0228121027148032,2.17,121.7477,0.06999999999999984,0.001657805838438442
2024-05-24,2332.5,-0.0010706638115631,77.72000122070312,0.0110576095193244,5.33,0.0324427858400311,0.000126704975158,-0.0011973687867211,2.14,121.6172,-0.029999999999999805,-0.001071888832396839
2024-05-28,2355.199951171875,0.0097320262258842,79.83000183105469,0.0271487464901054,5.33,0.0324427858400311,0.000126704975158,0.0096053212507261,2.2,121.43,0.06000000000000005,-0.0015392559605055256
2024-05-29,2340.300048828125,-0.0063263852974929,79.2300033569336,-0.0075159521528118,5.33,0.0324427858400311,0.000126704975158,-0.0064530902726509,2.25,122.1641,0.04999999999999982,0.006045458288725936
2024-05-30,2342.89990234375,0.0011109060639156,77.91000366210938,-0.0166603513681247,5.33,0.0324427858400311,0.000126704975158,0.0009842010887575,2.19,121.9601,-0.06000000000000005,-0.0016698850153196165
2024-05-31,2322.89990234375,-0.0085364295674743,76.98999786376953,-0.0118085708522085,5.33,0.0324427858400311,0.000126704975158,-0.0086631345426323,2.16,122.098,-0.029999999999999805,0.001130697662596214
2024-06-03,2346.60009765625,0.0102028482969012,74.22000122070312,-0.0359786559283686,5.33,0.0297025794864709,0.0001161575503805,0.0100866907465206,2.08,122.3509,-0.08000000000000007,0.0020712869989680804
2024-06-04,2325.5,-0.0089917739615388,73.25,-0.0130692698026061,5.33,0.0297025794864709,0.0001161575503805,-0.0091079315119193,2.02,122.7256,-0.06000000000000005,0.003062503013872453
2024-06-05,2354.10009765625,0.0122984724387229,74.06999969482422,0.0111945350829245,5.33,0.0297025794864709,0.0001161575503805,0.0121823148883423,1.99,122.5339,-0.030000000000000027,-0.0015620212897716756
2024-06-06,2370.300048828125,0.0068815897794676,75.55000305175781,0.0199811443638633,5.33,0.0297025794864709,0.0001161575503805,0.006765432229087,2.0,122.3713,0.010000000000000009,-0.0013269797174495501
2024-06-07,2305.199951171875,-0.0274649184977384,75.52999877929688,-0.0002647818881917,5.33,0.0297025794864709,0.0001161575503805,-0.0275810760481189,2.13,123.549,0.1299999999999999,0.00962398863132119
2024-06-10,2307.699951171875,0.001084504621271,77.73999786376953,0.0292598850812959,5.33,0.0297025794864709,0.0001161575503805,0.0009683470708904,2.16,123.9125,0.03000000000000025,0.0029421525062929277
2024-06-11,2307.5,-8.664522082846293e-05,77.9000015258789,0.0020581896900713,5.33,0.0297025794864709,0.0001161575503805,-0.0002028027712089,2.12,124.0349,-0.040000000000000036,0.0009877938061131353
2024-06-12,2336.0,0.0123510292524378,78.5,0.0077021625464508,5.33,0.0297025794864709,0.0001161575503805,0.0122348717020572,2.09,123.8295,-0.03000000000000025,-0.0016559855331039763
2024-06-13,2300.199951171875,-0.0153253633682042,78.62000274658203,0.0015286974086883,5.33,0.0297025794864709,0.0001161575503805,-0.0154415209185847,2.03,124.0235,-0.06000000000000005,0.0015666703006957938
2024-06-14,2331.39990234375,0.0135640169699071,78.44999694824219,-0.0021623733452137,5.33,0.0297025794864709,0.0001161575503805,0.0134478594195265,2.03,124.1694,0.0,0.0011763899583545623
2024-06-17,2312.39990234375,-0.008149610017955,80.33000183105469,0.0239643716500441,5.33,0.0297025794864709,0.0001161575503805,-0.0082657675683355,2.06,124.239,0.03000000000000025,0.000560524573687271
2024-06-18,2330.39990234375,0.007784120723131,81.56999969482422,0.0154362982136788,5.33,0.0297025794864709,0.0001161575503805,0.0076679631727504,2.01,123.9776,-0.050000000000000266,-0.0021040092080587547
2024-06-20,2353.800048828125,0.010041257923518,82.16999816894531,0.0073556267790346,5.33,0.0297025794864709,0.0001161575503805,0.0099251003731374,2.0,124.192,-0.009999999999999787,0.0017293446558088732
2024-06-21,2316.39990234375,-0.0158892623453701,80.7300033569336,-0.0175245812839258,5.33,0.0297025794864709,0.0001161575503805,-0.0160054198957506,2.02,124.1086,0.020000000000000018,-0.0006715408399896594
2024-06-24,2330.0,0.0058712218224881,81.62999725341797,0.0111481959502119,5.33,0.0297025794864709,0.0001161575503805,0.0057550642721075,2.03,123.7125,0.009999999999999787,-0.003191559650177256
2024-06-25,2316.60009765625,-0.0057510310488196,80.83000183105469,-0.009800262762226,5.33,0.0297025794864709,0.0001161575503805,-0.0058671885992001,2.01,123.9417,-0.020000000000000018,0.0018526826311002775
2024-06-26,2299.199951171875,-0.0075110704268634,80.9000015258789,0.0008660112982619,5.33,0.0297025794864709,0.0001161575503805,-0.0076272279772439,2.06,124.26,0.050000000000000266,0.0025681429252624177
2024-06-27,2324.5,0.0110038488889276,81.73999786376953,0.0103831436594215,5.33,0.0297025794864709,0.0001161575503805,0.010887691338547,2.03,124.3379,-0.03000000000000025,0.0006269113149846017
2024-06-28,2327.699951171875,0.0013766191318025,81.54000091552734,-0.002446745210044,5.33,0.0297025794864709,0.0001161575503805,0.0012604615814219,2.08,124.2103,0.050000000000000266,-0.001026235765603234
2024-07-01,2327.60009765625,-4.289793260281449e-05,83.37999725341797,0.0225655668044055,5.33,0.029414757935583,0.0001150480642586,-0.0001579459968614,2.16,124.4667,0.08000000000000007,0.0020642410492528462
2024-07-02,2323.0,-0.0019763264578318,82.80999755859375,-0.0068361683089507,5.33,0.029414757935583,0.0001150480642586,-0.0020913745220904,2.13,124.2917,-0.03000000000000025,-0.001405998552223231
2024-07-03,2359.800048828125,0.0158416051778411,83.87999725341797,0.0129211414849652,5.33,0.029414757935583,0.0001150480642586,0.0157265571135824,2.09,123.7768,-0.040000000000000036,-0.004142674048226991
2024-07-05,2388.5,0.0121620266878659,83.16000366210938,-0.0085836148650952,5.33,0.029414757935583,0.0001150480642586,0.0120469786236072,2.0,123.4762,-0.08999999999999986,-0.00242856496532462
2024-07-08,2355.199951171875,-0.0139418249228071,82.33000183105469,-0.0099807815596918,5.33,0.029414757935583,0.0001150480642586,-0.0140568729870657,2.01,123.3576,0.009999999999999787,-0.0009605089887767537
2024-07-09,2360.10009765625,0.0020805649566768,81.41000366210938,-0.0111745189904549,5.33,0.029414757935583,0.0001150480642586,0.0019655168924181,2.04,123.4071,0.03000000000000025,0.00040127239829557126
2024-07-10,2372.199951171875,0.0051268391233241,82.0999984741211,0.0084755531381073,5.33,0.029414757935583,0.0001150480642586,0.0050117910590654,2.01,123.1895,-0.03000000000000025,-0.0017632696984209995
2024-07-11,2415.0,0.0180423445363371,82.62000274658203,0.0063337914997019,5.33,0.029414757935583,0.0001150480642586,0.0179272964720784,1.95,122.769,-0.05999999999999983,-0.00341344026885404
2024-07-12,2414.0,-0.0004140786749482,82.20999908447266,-0.0049625229784483,5.33,0.029414757935583,0.0001150480642586,-0.0005291267392068,1.94,122.4404,-0.010000000000000009,-0.0026765714471894686
2024-07-15,2422.89990234375,0.0036867863892915,81.91000366210938,-0.0036491354543749,5.33,0.029414757935583,0.0001150480642586,0.0035717383250328,1.96,122.6347,0.020000000000000018,0.0015868945217427655
2024-07-16,2462.39990234375,0.0163027783202229,80.76000213623047,-0.0140398177812667,5.33,0.029414757935583,0.0001150480642586,0.0161877302559642,1.91,122.7264,-0.050000000000000044,0.0007477492096445992
2024-07-17,2454.800048828125,-0.0030863603870319,82.8499984741211,0.0258791020629878,5.33,0.029414757935583,0.0001150480642586,-0.0032014084512905,1.9,122.518,-0.010000000000000009,-0.001698086149353295
2024-07-18,2451.800048828125,-0.0012220954620854,82.81999969482422,-0.0003620854538246,5.33,0.029414757935583,0.0001150480642586,-0.001337143526344,1.89,122.7909,-0.010000000000000009,0.0022274278065264053
2024-07-19,2395.5,-0.022962740723916,80.12999725341797,-0.0324801068741655,5.33,0.029414757935583,0.0001150480642586,-0.0230777887881746,1.93,123.147,0.040000000000000036,0.0029000520396871288
2024-07-22,2392.0,-0.0014610728449175,79.77999877929688,-0.0043678832661655,5.33,0.029414757935583,0.0001150480642586,-0.0015761209091761,1.96,123.2172,0.030000000000000027,0.0005700504275378826
2024-07-23,2404.60009765625,0.0052675993546196,76.95999908447266,-0.0353472015288626,5.33,0.029414757935583,0.0001150480642586,0.0051525512903609,1.96,123.3843,0.0,0.0013561418373408962
2024-07-24,2413.300048828125,0.0036180449216294,77.58999633789062,0.0081860350950169,5.33,0.029414757935583,0.0001150480642586,0.0035029968573707,2.0,123.5575,0.040000000000000036,0.001403744236503357
2024-07-25,2351.89990234375,-0.0254424005478267,78.27999877929688,0.0088929304546092,5.33,0.029414757935583,0.0001150480642586,-0.0255574486120853,1.99,123.5286,-0.010000000000000009,-0.0002338991967303361
2024-07-26,2380.0,0.0119478289140821,77.16000366210938,-0.0143075515412975,5.33,0.029414757935583,0.0001150480642586,0.0118327808498234,1.93,123.672,-0.06000000000000005,0.0011608647713969855
2024-07-29,2377.300048828125,-0.0011344332654936,75.80999755859375,-0.0174961902467944,5.33,0.029414757935583,0.0001150480642586,-0.0012494813297522,1.92,124.1392,-0.010000000000000009,0.0037777346529530575
2024-07-30,2405.0,0.0116518531960361,74.7300033569336,-0.0142460656435904,5.33,0.029414757935583,0.0001150480642586,0.0115368051317774,1.9,124.2855,-0.020000000000000018,0.0011785157307280247
2024-07-31,2426.5,0.0089397089397089,77.91000366210938,0.0425531936615486,5.33,0.029414757935583,0.0001150480642586,0.0088246608754502,1.85,123.6373,-0.04999999999999982,-0.005215411290939054
2024-08-01,2435.0,0.0035029878425716,76.30999755859375,-0.0205365938686737,5.33,0.0260714449069203,0.0001021376709999,0.0034008501715716,1.79,123.8693,-0.06000000000000005,0.001876456376837643
2024-08-02,2425.699951171875,-0.0038193219006673,73.5199966430664,-0.0365614074798662,5.33,0.0260714449069203,0.0001021376709999,-0.0039214595716672,1.76,123.4681,-0.030000000000000027,-0.0032388977737016766
2024-08-05,2401.699951171875,-0.0098940514008772,72.94000244140625,-0.0078889312859463,5.33,0.0260714449069203,0.0001021376709999,-0.0099961890718771,1.71,123.5787,-0.050000000000000044,0.0008957779377829489
2024-08-06,2389.10009765625,-0.0052462229969555,73.19999694824219,0.0035644981921243,5.33,0.0260714449069203,0.0001021376709999,-0.0053483606679554,1.78,123.6532,0.07000000000000006,0.0006028546990703987
2024-08-07,2390.5,0.0005859538263479,75.2300033569336,0.0277323291437672,5.33,0.0260714449069203,0.0001021376709999,0.0004838161553479,1.85,123.5698,0.07000000000000006,-0.0006744669769969125
2024-08-08,2422.199951171875,0.013260803669473,76.19000244140625,0.0127608539363992,5.33,0.0260714449069203,0.0001021376709999,0.013158665998473,1.87,123.4466,0.020000000000000018,-0.0009970073594033346
2024-08-09,2432.10009765625,0.0040872540186391,76.83999633789062,0.0085312229381309,5.33,0.0260714449069203,0.0001021376709999,0.0039851163476391,1.84,122.9276,-0.030000000000000027,-0.0042042470185489345
2024-08-12,2462.39990234375,0.01245828850412,80.05999755859375,0.0419052755617495,5.33,0.0260714449069203,0.0001021376709999,0.01235615083312,1.79,123.2204,-0.050000000000000044,0.0023818898278336054
2024-08-13,2466.699951171875,0.0017462837064086,78.3499984741211,-0.021358969980247,5.33,0.0260714449069203,0.0001021376709999,0.0016441460354086,1.76,123.0146,-0.030000000000000027,-0.001670177990008126
2024-08-14,2439.39990234375,-0.011067438021862,76.9800033569336,-0.0174855793729211,5.33,0.0260714449069203,0.0001021376709999,-0.0111695756928619,1.77,122.4297,0.010000000000000009,-0.004754720171426863
2024-08-15,2453.10009765625,0.0056162154058205,78.16000366210938,0.0153286600898738,5.33,0.0260714449069203,0.0001021376709999,0.0055140777348205,1.8,122.5844,0.030000000000000027,0.0012635822843640732
2024-08-16,2498.60009765625,0.0185479589860486,76.6500015258789,-0.0193193713597852,5.33,0.0260714449069203,0.0001021376709999,0.0184458213150486,1.81,122.3972,0.010000000000000009,-0.001527111116912172
2024-08-19,2501.800048828125,0.0012806976093839,74.37000274658203,-0.0297455803510596,5.33,0.0260714449069203,0.0001021376709999,0.0011785599383839,1.79,121.8788,-0.020000000000000018,-0.004235391005676603
2024-08-20,2511.300048828125,0.0037972658943907,74.04000091552734,-0.004437297550992,5.33,0.0260714449069203,0.0001021376709999,0.0036951282233907,1.75,121.7728,-0.040000000000000036,-0.0008697164724299489
2024-08-21,2508.39990234375,-0.0011548387002693,71.93000030517578,-0.02849811702135,5.33,0.0260714449069203,0.0001021376709999,-0.0012569763712692,1.72,121.8535,-0.030000000000000027,0.0006627095706102093
2024-08-22,2478.89990234375,-0.0117604852290243,73.01000213623047,0.0150146229177337,5.33,0.0260714449069203,0.0001021376709999,-0.0118626229000242,1.76,122.3626,0.040000000000000036,0.004177967805602645
2024-08-23,2508.39990234375,0.01190044017998,74.83000183105469,0.0249280871328869,5.33,0.0260714449069203,0.0001021376709999,0.01179830250898,1.68,121.4597,-0.08000000000000007,-0.007378888647348147
2024-08-26,2517.699951171875,0.00370756226686,77.41999816894531,0.0346117369305711,5.33,0.0260714449069203,0.0001021376709999,0.00360542459586,1.67,121.6943,-0.010000000000000009,0.0019315048530499368
2024-08-27,2516.0,-0.0006752000654739,75.52999877929688,-0.0244122892579266,5.33,0.0260714449069203,0.0001021376709999,-0.0007773377364738,1.68,121.8672,0.010000000000000009,0.0014207731997308848
2024-08-28,2501.0,-0.0059618441971383,74.5199966430664,-0.0133721984980001,5.33,0.0260714449069203,0.0001021376709999,-0.0060639818681382,1.69,121.8943,0.010000000000000009,0.00022237320624429735
2024-08-29,2525.699951171875,0.0098760300567273,75.91000366210938,0.0186528057120127,5.33,0.0260714449069203,0.0001021376709999,0.0097738923857273,1.71,122.2333,0.020000000000000018,0.002781098049703612
2024-08-30,2493.800048828125,-0.0126301235144534,73.55000305175781,-0.031089454571184,5.33,0.0260714449069203,0.0001021376709999,-0.0127322611854533,1.76,122.3262,0.050000000000000044,0.0007600220234584842
2024-09-03,2489.89990234375,-0.0015639371272799,70.33999633789062,-0.0436438692138227,5.33,0.0242648303154167,9.514387722076024e-05,-0.0016590810045006,1.73,122.7811,-0.030000000000000027,0.0037187454527320973
2024-09-04,2493.39990234375,0.0014056789980614,69.19999694824219,-0.0162069867642905,5.33,0.0242648303154167,9.514387722076024e-05,0.0013105351208406,1.7,122.5144,-0.030000000000000027,-0.0021721584185188103
2024-09-05,2511.39990234375,0.0072190585966898,69.1500015258789,-0.0007224772336431,5.33,0.0242648303154167,9.514387722076024e-05,0.007123914719469,1.7,122.4533,0.0,-0.0004987168855252744
2024-09-06,2493.5,-0.007127459998324,67.66999816894531,-0.0214027957234348,5.33,0.0242648303154167,9.514387722076024e-05,-0.0072226038755447,1.69,122.4991,-0.010000000000000009,0.0003740201366562168
2024-09-09,2501.800048828125,0.003328674083868,68.70999908447266,0.0153687149943593,5.33,0.0242648303154167,9.514387722076024e-05,0.0032335302066472,1.66,122.7156,-0.030000000000000027,0.0017673599234606652
2024-09-10,2512.300048828125,0.0041969780938002,65.75,-0.0430795972043837,5.33,0.0242648303154167,9.514387722076024e-05,0.0041018342165794,1.63,123.0071,-0.030000000000000027,0.0023754111131755185
2024-09-11,2512.10009765625,-7.95888898574848e-05,67.30999755859375,0.0237261986097909,5.33,0.0242648303154167,9.514387722076024e-05,-0.0001747327670782,1.61,122.7754,-0.019999999999999796,-0.0018836311074725831
2024-09-12,2551.199951171875,0.0155646080950773,68.97000122070312,0.0246620668893107,5.33,0.0242648303154167,9.514387722076024e-05,0.0154694642178565,1.63,122.4423,0.019999999999999796,-0.0027130842171966263
2024-09-13,2581.300048828125,0.0117984078991628,68.6500015258789,-0.0046396939127233,5.33,0.0242648303154167,9.514387722076024e-05,0.011703264021942,1.58,121.6551,-0.04999999999999982,-0.00642915071017125
2024-09-16,2580.39990234375,-0.0003487182688365,70.08999633789062,0.0209758890022586,5.33,0.0242648303154167,9.514387722076024e-05,-0.0004438621460572,1.54,121.4976,-0.040000000000000036,-0.0012946436277641027
2024-09-17,2564.300048828125,-0.0062392862055999,71.19000244140625,0.0156941954770934,5.33,0.0242648303154167,9.514387722076024e-05,-0.0063344300828206,1.53,121.6031,-0.010000000000000009,0.0008683299093972252
2024-09-18,2570.699951171875,0.0024957696922693,70.91000366210938,-0.0039331193945011,5.33,0.0242648303154167,9.514387722076024e-05,0.0024006258150485,1.58,121.5618,0.050000000000000044,-0.0003396294995768878
2024-09-19,2588.0,0.0067297036436471,71.94999694824219,0.0146663831959232,4.83,0.0242648303154167,9.514387722076024e-05,0.0066345597664263,1.56,121.3059,-0.020000000000000018,-0.002105102096217837
2024-09-20,2619.89990234375,0.01232608282216,71.91999816894531,-0.0004169392712893,4.83,0.0242648303154167,9.514387722076024e-05,0.0122309389449392,1.58,121.4052,0.020000000000000018,0.0008185916760850009
2024-09-23,2626.5,0.0025192174900825,70.37000274658203,-0.0215516610376188,4.83,0.0242648303154167,9.514387722076024e-05,0.0024240736128617,1.58,121.4303,0.0,0.0002067456748147123
2024-09-24,2651.199951171875,0.009404131418951,71.55999755859375,0.0169105409345677,4.83,0.0242648303154167,9.514387722076024e-05,0.0093089875417302,1.55,121.1291,-0.030000000000000027,-0.0024804352785096073
2024-09-25,2659.199951171875,0.0030175015643252,69.69000244140625,-0.0261318499299323,4.83,0.0242648303154167,9.514387722076024e-05,0.0029223576871044,1.61,121.4447,0.06000000000000005,0.002605484561513327
2024-09-26,2669.89990234375,0.0040237482582532,67.66999816894531,-0.0289855675376007,4.83,0.0242648303154167,9.514387722076024e-05,0.0039286043810324,1.63,121.0785,0.019999999999999796,-0.0030153641945674936
2024-09-27,2644.300048828125,-0.0095883195820009,68.18000030517578,0.0075366063252608,4.83,0.0242648303154167,9.514387722076024e-05,-0.0096834634592216,1.6,121.1111,-0.029999999999999805,0.0002692468109530832
2024-09-30,2636.10009765625,-0.0031009911963315,68.16999816894531,-0.0001467019094412,4.83,0.0242648303154167,9.514387722076024e-05,-0.0031961350735522,1.63,121.2864,0.029999999999999805,0.0014474313254524418
2024-10-01,2667.300048828125,0.0118356473639278,69.83000183105469,0.0243509418614826,4.83,0.0257884405387134,0.0001010429107666,0.0117346044531611,1.55,121.6881,-0.07999999999999985,0.003311995409213342
2024-10-02,2647.10009765625,-0.0075731829198405,70.0999984741211,0.0038664848344072,4.83,0.0257884405387134,0.0001010429107666,-0.0076742258306071,1.58,121.5724,0.030000000000000027,-0.000950791408527274
2024-10-03,2657.10009765625,0.0037777188738929,73.70999908447266,0.0514978700275474,4.83,0.0257884405387134,0.0001010429107666,0.0036766759631262,1.64,122.1197,0.05999999999999983,0.004501844168577573
2024-10-04,2645.800048828125,-0.0042527749850644,74.37999725341797,0.0090896510279085,4.83,0.0257884405387134,0.0001010429107666,-0.004353817895831,1.75,122.2197,0.1100000000000001,0.0008188687001360329
2024-10-07,2644.800048828125,-0.0003779575105998,77.13999938964844,0.0371067792168229,4.83,0.0257884405387134,0.0001010429107666,-0.0004790004213664,1.76,122.4241,0.010000000000000009,0.001672398148580001
2024-10-08,2615.0,-0.0112674108733962,73.56999969482422,-0.0462794882430772,4.83,0.0257884405387134,0.0001010429107666,-0.0113684537841628,1.77,122.6625,0.010000000000000009,0.0019473289981302155
2024-10-09,2606.0,-0.0034416826003823,73.23999786376953,-0.0044855488979688,4.83,0.0257884405387134,0.0001010429107666,-0.0035427255111489,1.77,122.8821,0.0,0.001790278202384643
2024-10-10,2620.60009765625,0.0056024933446854,75.8499984741211,0.0356362737094326,4.83,0.0257884405387134,0.0001010429107666,0.0055014504339187,1.76,123.0951,-0.010000000000000009,0.0017333688144978154
2024-10-11,2657.60009765625,0.014118903541632,75.55999755859375,-0.0038233476778023,4.83,0.0257884405387134,0.0001010429107666,0.0140178606308653,1.75,122.9805,-0.010000000000000009,-0.0009309875047828209
2024-10-14,2647.800048828125,-0.0036875558654471,73.83000183105469,-0.0228956562127667,4.83,0.0257884405387134,0.0001010429107666,-0.0037885987762137,1.75,122.9805,0.0,0.0
2024-10-15,2661.39990234375,0.0051362841849194,70.58000183105469,-0.0440200449600012,4.83,0.0257884405387134,0.0001010429107666,0.0050352412741527,1.75,123.5124,0.0,0.004325075926671307
2024-10-16,2674.0,0.0047343872092104,70.38999938964844,-0.0026920152518705,4.83,0.0257884405387134,0.0001010429107666,0.0046333442984437,1.75,123.9235,0.0,0.0033284107506614813
2024-10-17,2691.0,0.006357516828721,70.66999816894531,0.003977820453541,4.83,0.0257884405387134,0.0001010429107666,0.0062564739179543,1.79,124.1122,0.040000000000000036,0.0015227136096058747
2024-10-18,2713.699951171875,0.008435507681856,69.22000122070312,-0.020517857447453,4.83,0.0257884405387134,0.0001010429107666,0.0083344647710893,1.77,123.9185,-0.020000000000000018,-0.0015606846063481727
2024-10-21,2723.10009765625,0.0034639594109568,70.55999755859375,0.0193585136414278,4.83,0.0257884405387134,0.0001010429107666,0.0033629165001901,1.88,124.4757,0.10999999999999988,0.004496503750448966
2024-10-22,2744.199951171875,0.0077484678340635,72.08999633789062,0.0216836569194371,4.83,0.0257884405387134,0.0001010429107666,0.0076474249232968,1.87,124.4107,-0.009999999999999787,-0.0005221902748889784
2024-10-23,2714.39990234375,-0.0108592848037182,70.7699966430664,-0.0183104419736309,4.83,0.0257884405387134,0.0001010429107666,-0.0109603277144848,1.93,124.6931,0.05999999999999983,0.0022699012223224013
2024-10-24,2734.89990234375,0.0075523138585067,70.19000244140625,-0.0081954815482809,4.83,0.0257884405387134,0.0001010429107666,0.00745127094774,1.91,124.5127,-0.020000000000000018,-0.001446752065671686
2024-10-25,2740.89990234375,0.0021938645706405,71.77999877929688,0.0226527465819357,4.83,0.0257884405387134,0.0001010429107666,0.0020928216598738,1.96,124.6105,0.050000000000000044,0.0007854620452372174
2024-10-28,2742.89990234375,0.0007296873549778,67.37999725341797,-0.0612984341140442,4.83,0.0257884405387134,0.0001010429107666,0.0006286444442111,1.99,124.8076,0.030000000000000027,0.0015817286665247288
2024-10-29,2768.39990234375,0.0092967300695918,67.20999908447266,-0.0025229767865074,4.83,0.0257884405387134,0.0001010429107666,0.0091956871588251,1.98,124.8612,-0.010000000000000009,0.00042946102641194805
2024-10-30,2788.5,0.0072605470182371,68.61000061035156,0.0208302565830913,4.83,0.0257884405387134,0.0001010429107666,0.0071595041074704,1.95,124.8153,-0.030000000000000027,-0.00036760819213654816
2024-10-31,2738.300048828125,-0.0180024927996682,69.26000213623047,0.0094738597886099,4.83,0.0257884405387134,0.0001010429107666,-0.0181035357104348,1.95,124.7988,0.0,-0.00013219533182229348
2024-11-01,2738.60009765625,0.0001095748540242,69.48999786376953,0.0033207583084775,4.83,0.0271947246128483,0.0001064799473338,3.094906690384835e-06,2.04,124.8076,0.09000000000000008,7.051349852726929e-05
2024-11-04,2736.10009765625,-0.0009128751591513,71.47000122070312,0.02849335757378,4.83,0.0271947246128483,0.0001064799473338,-0.0010193551064851,2.03,124.5903,-0.010000000000000231,-0.001741079870136053
2024-11-05,2740.300048828125,0.0015350137136695,71.98999786376953,0.0072757329534756,4.83,0.0271947246128483,0.0001064799473338,0.0014285337663356,1.99,124.5532,-0.039999999999999813,-0.00029777599058666837
2024-11-06,2667.60009765625,-0.0265299236858987,71.69000244140625,-0.0041671819872947,4.83,0.0271947246128483,0.0001064799473338,-0.0266364036332325,2.04,125.7035,0.050000000000000044,0.00923541105326886
2024-11-07,2698.39990234375,0.0115458852751433,72.36000061035156,0.0093457685329683,4.83,0.0271947246128483,0.0001064799473338,0.0114394053278094,1.98,124.775,-0.06000000000000005,-0.007386429176594156
2024-11-08,2687.5,-0.0040393947295516,70.37999725341797,-0.0273632302409121,4.58,0.0271947246128483,0.0001064799473338,-0.0041458746768854,1.95,125.5811,-0.030000000000000027,0.006460428771789317
2024-11-11,2611.199951171875,-0.0283907158430232,68.04000091552734,-0.0332480311055565,4.58,0.0271947246128483,0.0001064799473338,-0.028497195790357,1.95,125.5811,0.0,0.0
2024-11-12,2600.0,-0.0042891970669839,68.12000274658203,0.0011758058491799,4.58,0.0271947246128483,0.0001064799473338,-0.0043956770143177,2.08,126.7762,0.13000000000000012,0.009516559418574877
2024-11-13,2580.800048828125,-0.0073845966045673,68.43000030517578,0.0045507566954599,4.58,0.0271947246128483,0.0001064799473338,-0.0074910765519011,2.09,126.9572,0.009999999999999787,0.0014277127725865757
2024-11-14,2568.199951171875,-0.0048822448147315,68.69999694824219,0.0039455888040671,4.58,0.0271947246128483,0.0001064799473338,-0.0049887247620653,2.1,127.0015,0.010000000000000231,0.0003489364919830873
2024-11-15,2565.699951171875,-0.0009734444542992,67.0199966430664,-0.0244541540000573,4.58,0.0271947246128483,0.0001064799473338,-0.001079924401633,2.1,126.8848,0.0,-0.0009188867848016757
2024-11-18,2610.60009765625,0.0175001548656799,69.16000366210938,0.0319308732651864,4.58,0.0271947246128483,0.0001064799473338,0.017393674918346,2.08,126.6045,-0.020000000000000018,-0.0022090904505503994
2024-11-19,2627.10009765625,0.0063203858817033,69.38999938964844,0.0033255597941077,4.58,0.0271947246128483,0.0001064799473338,0.0062139059343694,2.05,126.3994,-0.03000000000000025,-0.0016200056080155623
2024-11-20,2648.199951171875,0.008031613844653,68.87000274658203,-0.0074938268862988,4.58,0.0271947246128483,0.0001064799473338,0.0079251338973191,2.06,126.88,0.010000000000000231,0.00380223323844886
2024-11-21,2672.10009765625,0.009025053593026,70.0999984741211,0.0178596729851314,4.58,0.0271947246128483,0.0001064799473338,0.0089185736456921,2.09,127.1047,0.029999999999999805,0.0017709646910466503
2024-11-22,2709.89990234375,0.0141461035537759,71.23999786376953,0.0162624738154493,4.58,0.0271947246128483,0.0001064799473338,0.014039623606442,2.07,127.4712,-0.020000000000000018,0.0028834496285345956
2024-11-25,2616.800048828125,-0.0343554584562715,68.94000244140625,-0.0322851697267243,4.58,0.0271947246128483,0.0001064799473338,-0.0344619384036053,1.98,126.9948,-0.08999999999999986,-0.003737314781691814
2024-11-26,2620.300048828125,0.0013375114394267,68.7699966430664,-0.0024659964073011,4.58,0.0271947246128483,0.0001064799473338,0.0012310314920928,2.02,127.4301,0.040000000000000036,0.0034276994018651585
2024-11-27,2639.89990234375,0.0074800034921156,68.72000122070312,-0.0007269946895994,4.58,0.0271947246128483,0.0001064799473338,0.0073735235447817,1.99,126.8205,-0.030000000000000027,-0.004783799118104781
2024-11-29,2657.0,0.0064775553198317,68.0,-0.0104773167624189,4.58,0.0271947246128483,0.0001064799473338,0.0063710753724978,1.92,126.5798,-0.07000000000000006,-0.001897958137682676
2024-12-02,2634.89990234375,-0.0083176882409672,68.0999984741211,0.0014705657958984,4.58,0.0287069096750998,0.0001123181565465,-0.0084300063975137,1.93,127.1272,0.010000000000000009,0.004324544674584763
2024-12-03,2644.699951171875,0.0037193249046796,69.94000244140625,0.0270191484363158,4.58,0.0287069096750998,0.0001123181565465,0.003607006748133,1.95,126.9565,0.020000000000000018,-0.001342749623998607
2024-12-04,2653.800048828125,0.0034408809408483,68.54000091552734,-0.0200171786818535,4.58,0.0287069096750998,0.0001123181565465,0.0033285627843017,1.9,126.7574,-0.050000000000000044,-0.0015682536931941327
2024-12-05,2626.60009765625,-0.0102494350257797,68.30000305175781,-0.0035015736878282,4.58,0.0287069096750998,0.0001123181565465,-0.0103617531823262,1.92,126.4286,0.020000000000000018,-0.0025939313996657942
2024-12-06,2638.60009765625,0.004568643704349,67.19999694824219,-0.0161055059204322,4.58,0.0287069096750998,0.0001123181565465,0.0044563255478024,1.91,126.688,-0.010000000000000009,0.0020517509487567587
2024-12-09,2664.89990234375,0.0099673325680769,68.37000274658203,0.017410801361211,4.58,0.0287069096750998,0.0001123181565465,0.0098550144115303,1.93,126.5981,0.020000000000000018,-0.000709617327607992
2024-12-10,2697.60009765625,0.012270703032313,68.58999633789062,0.0032176917137771,4.58,0.0287069096750998,0.0001123181565465,0.0121583848757664,1.93,126.957,0.0,0.0028349556588920244
2024-12-11,2733.800048828125,0.0134193171194376,70.29000091552734,0.0247850221373695,4.58,0.0287069096750998,0.0001123181565465,0.013306998962891,1.96,126.8483,0.030000000000000027,-0.000856195404743354
2024-12-12,2687.5,-0.01693615041377,70.0199966430664,-0.0038412899266486,4.58,0.0287069096750998,0.0001123181565465,-0.0170484685703165,2.0,126.9556,0.040000000000000036,0.000845892298123152
2024-12-13,2656.0,-0.0117209302325581,71.29000091552734,0.0181377368373052,4.58,0.0287069096750998,0.0001123181565465,-0.0118332483891046,2.07,127.3096,0.06999999999999984,0.0027883764087601737
2024-12-16,2651.39990234375,-0.0017319644790098,70.70999908447266,-0.0081358089999457,4.58,0.0287069096750998,0.0001123181565465,-0.0018442826355563,2.07,127.2687,0.0,-0.0003212640680672063
2024-12-17,2644.39990234375,-0.0026401147536485,70.08000183105469,-0.0089095921591704,4.58,0.0287069096750998,0.0001123181565465,-0.002752432910195,2.09,127.5043,0.020000000000000018,0.001851201434445393
2024-12-18,2636.5,-0.0029874083480143,70.58000183105469,0.0071347030099311,4.58,0.0287069096750998,0.0001123181565465,-0.0030997265045608,2.18,127.6418,0.0900000000000003,0.0010783950031489908
2024-12-19,2592.199951171875,-0.0168025976969941,69.91000366210938,-0.0094927479677467,4.33,0.0287069096750998,0.0001123181565465,-0.0169149158535406,2.28,128.6366,0.09999999999999964,0.007793685140760953
2024-12-20,2628.699951171875,0.0140807039146417,69.45999908447266,-0.0064369125170081,4.33,0.0287069096750998,0.0001123181565465,0.0139683857580951,2.23,127.893,-0.04999999999999982,-0.005780625420758856
2024-12-23,2612.300048828125,-0.0062387882407191,69.23999786376953,-0.0031673081428574,4.33,0.0287069096750998,0.0001123181565465,-0.0063511063972656,2.27,128.3021,0.040000000000000036,0.003198767719890805
2024-12-24,2620.0,0.0029475753274701,70.0999984741211,0.0124205753449562,4.33,0.0287069096750998,0.0001123181565465,0.0028352571709235,2.24,128.3377,-0.029999999999999805,0.0002774701271452962
2024-12-26,2638.800048828125,0.0071755911557729,69.62000274658203,-0.0068473001139403,4.33,0.0287069096750998,0.0001123181565465,0.0070632729992263,2.23,128.3329,-0.010000000000000231,-3.7401324786245915e-05
2024-12-27,2617.199951171875,-0.0081855757376699,70.5999984741211,0.0140763528997012,4.33,0.0287069096750998,0.0001123181565465,-0.0082978938942164,2.28,128.45,0.04999999999999982,0.0009124706135370531
2024-12-30,2606.10009765625,-0.0042411178827413,70.98999786376953,0.0055240707942989,4.33,0.0287069096750998,0.0001123181565465,-0.0043534360392878,2.24,128.8205,-0.03999999999999959,0.0028843908135463003
2024-12-31,2629.199951171875,0.0088637629599874,71.72000122070312,0.0102831860670635,4.33,0.0287069096750998,0.0001123181565465,0.0087514448034408,2.24,129.2775,0.0,0.0035475720091133756
2025-01-02,2658.89990234375,0.0112961934137558,73.12999725341797,0.0196597324137779,4.33,0.0299097830789996,0.0001169560815343,0.0111792373322214,2.23,129.4598,-0.010000000000000231,0.0014101448434569175
2025-01-03,2645.0,-0.0052276892151892,73.95999908447266,0.0113496767705114,4.33,0.0299097830789996,0.0001169560815343,-0.0053446452967235,2.26,129.4535,0.029999999999999805,-4.8663755080835536e-05
2025-01-06,2638.39990234375,-0.0024953110231569,73.55999755859375,-0.0054083495244781,4.33,0.0299097830789996,0.0001169560815343,-0.0026122671046912,2.28,128.538,0.020000000000000018,-0.007072037449740498
2025-01-07,2656.699951171875,0.0069360405948577,74.25,0.0093801313799206,4.33,0.0299097830789996,0.0001169560815343,0.0068190845133233,2.29,128.613,0.010000000000000231,0.0005834850394434987
2025-01-08,2664.5,0.0029359916330349,73.31999969482422,-0.012525256635364,4.33,0.0299097830789996,0.0001169560815343,0.0028190355515005,2.27,129.0785,-0.020000000000000018,0.0036193852876458266
2025-01-09,2683.800048828125,0.0072434035759523,73.91999816894531,0.0081832852784837,4.33,0.0299097830789996,0.0001169560815343,0.0071264474944179,2.29,129.2827,0.020000000000000018,0.0015819830568222226
2025-01-10,2708.5,0.0092033499972026,76.56999969482422,0.0358495886298899,4.33,0.0299097830789996,0.0001169560815343,0.0090863939156682,2.34,129.8664,0.04999999999999982,0.004514911894630824
2025-01-13,2673.5,-0.0129222817057411,78.81999969482422,0.0293848767006341,4.33,0.0299097830789996,0.0001169560815343,-0.0130392377872754,2.34,130.0413,0.0,0.001346768679196586
2025-01-14,2677.5,0.0014961660744343,77.5,-0.0167470147162522,4.33,0.0299097830789996,0.0001169560815343,0.0013792099928999,2.34,129.3812,0.0,-0.00507607967622592
2025-01-15,2712.5,0.0130718954248365,80.04000091552734,0.0327742053616431,4.33,0.0299097830789996,0.0001169560815343,0.0129549393433021,2.24,129.2092,-0.09999999999999964,-0.001329404890354935
2025-01-16,2746.39990234375,0.0124976598502304,78.68000030517578,-0.0169915116791025,4.33,0.0299097830789996,0.0001169560815343,0.012380703768696,2.19,129.436,-0.050000000000000266,0.0017552929667545847
2025-01-17,2744.300048828125,-0.0007645840337501,77.87999725341797,-0.0101678069224052,4.33,0.0299097830789996,0.0001169560815343,-0.0008815401152844,2.2,129.4859,0.010000000000000231,0.0003855187119501391
2025-01-21,2755.0,0.003898972773201,75.88999938964844,-0.0255521049557072,4.33,0.0299097830789996,0.0001169560815343,0.0037820166916666,2.19,128.4151,-0.010000000000000231,-0.008269626268188168
2025-01-22,2767.60009765625,0.0045735381692377,75.44000244140625,-0.0059295948328017,4.33,0.0299097830789996,0.0001169560815343,0.0044565820877033,2.2,128.3402,0.010000000000000231,-0.0005832647406729397
2025-01-23,2763.10009765625,-0.0016259574509376,74.62000274658203,-0.01086956082035,4.33,0.0299097830789996,0.0001169560815343,-0.0017429135324719,2.23,128.2162,0.029999999999999805,-0.0009661820692193901
2025-01-24,2777.300048828125,0.0051391374434535,74.66000366210938,0.000536061566001,4.33,0.0299097830789996,0.0001169560815343,0.0050221813619191,2.2,127.4611,-0.029999999999999805,-0.005889271402521601
2025-01-27,2737.5,-0.0143304821691551,73.16999816894531,-0.0199572116270904,4.33,0.0299097830789996,0.0001169560815343,-0.0144474382506894,2.13,128.0912,-0.07000000000000028,0.004943469027020697
2025-01-28,2766.800048828125,0.0107032141837899,73.7699966430664,0.0082000613521369,4.33,0.0299097830789996,0.0001169560815343,0.0105862581022555,2.13,128.2817,0.0,0.0014872216046069031
2025-01-29,2769.10009765625,0.0008313028724642,72.62000274658203,-0.0155889107877905,4.33,0.0299097830789996,0.0001169560815343,0.0007143467909298,2.15,128.3418,0.020000000000000018,0.00046850018358046697
2025-01-30,2823.0,0.0194647721075054,72.7300033569336,0.0015147425804351,4.33,0.0299097830789996,0.0001169560815343,0.019347816025971,2.14,128.1004,-0.009999999999999787,-0.0018809148695124733
2025-01-31,2812.5,-0.0037194473963868,72.52999877929688,-0.0027499596920842,4.33,0.0299097830789996,0.0001169560815343,-0.0038364034779211,2.16,128.4828,0.020000000000000018,0.0029851585162887773
2025-02-03,2833.89990234375,0.0076088541666665,73.16000366210938,0.0086861284077717,4.33,0.0280158344776133,0.0001096511307008,0.0074992030359656,2.09,129.109,-0.07000000000000028,0.004873804120084646
2025-02-04,2853.300048828125,0.0068457416115264,72.69999694824219,-0.0062876803012713,4.33,0.0280158344776133,0.0001096511307008,0.0067360904808255,2.08,128.1083,-0.009999999999999787,-0.00775081520265819
2025-02-05,2871.60009765625,0.006413643330515,71.02999877929688,-0.0229710899456329,4.33,0.0280158344776133,0.0001096511307008,0.0063039921998141,2.01,127.9751,-0.07000000000000028,-0.0010397452780187555
2025-02-06,2856.0,-0.0054325453147123,70.61000061035156,-0.0059129688323706,4.33,0.0280158344776133,0.0001096511307008,-0.0055421964454131,2.03,128.2017,0.020000000000000018,0.0017706569481092949
2025-02-07,2867.300048828125,0.0039565997297357,71.0,0.0055232882917048,4.33,0.0280158344776133,0.0001096511307008,0.0038469485990348,2.07,128.4292,0.040000000000000036,0.0017745474513990445
2025-02-10,2914.300048828125,0.0163917271299209,72.31999969482422,0.0185915449975242,4.33,0.0280158344776133,0.0001096511307008,0.01628207599922,2.07,128.6382,0.0,0.001627355772674699
2025-02-11,2912.5,-0.0006176607754746,73.31999969482422,0.0138274336866675,4.33,0.0280158344776133,0.0001096511307008,-0.0007273119061754,2.08,128.4322,0.010000000000000231,-0.0016013905667213724
2025-02-12,2909.0,-0.0012017167381974,71.37000274658203,-0.0265957031691018,4.33,0.0280158344776133,0.0001096511307008,-0.0013113678688982,2.16,128.3288,0.08000000000000007,-0.0008050940496230341
2025-02-13,2925.89990234375,0.005809522978257,71.29000091552734,-0.0011209447663713,4.33,0.0280158344776133,0.0001096511307008,0.0056998718475561,2.08,127.8931,-0.08000000000000007,-0.0033951848688680286
2025-02-14,2883.60009765625,-0.0144570238556747,70.73999786376953,-0.0077150097446276,4.33,0.0280158344776133,0.0001096511307008,-0.0145666749863755,2.04,127.1491,-0.040000000000000036,-0.005817358403228945
2025-02-18,2931.60009765625,0.0166458587787583,71.8499984741211,0.0156912728848139,4.33,0.0280158344776133,0.0001096511307008,0.0165362076480574,2.1,127.2906,0.06000000000000005,0.001112866705308857
2025-02-19,2919.39990234375,-0.0041616164913672,72.25,0.00556717514786,4.33,0.0280158344776133,0.0001096511307008,-0.004271267622068,2.08,127.7317,-0.020000000000000018,0.003465299087285434
2025-02-20,2940.0,0.0070562781206204,72.56999969482422,0.0044290615200583,4.33,0.0280158344776133,0.0001096511307008,0.0069466269899195,2.05,127.1126,-0.03000000000000025,-0.004846878261230425
2025-02-21,2937.60009765625,-0.0008162933142006,70.4000015258789,-0.029902138322595,4.33,0.0280158344776133,0.0001096511307008,-0.0009259444449014,2.0,127.1408,-0.04999999999999982,0.00022185054825407668
2025-02-24,2947.89990234375,0.0035061970129008,70.69999694824219,0.0042612985207537,4.33,0.0280158344776133,0.0001096511307008,0.0033965458821999,1.98,127.1921,-0.020000000000000018,0.0004034896744395944
2025-02-25,2904.5,-0.0147223120802861,68.93000030517578,-0.0250353142781912,4.33,0.0280158344776133,0.0001096511307008,-0.0148319632109869,1.92,127.3752,-0.06000000000000005,0.0014395548151182602
2025-02-26,2916.800048828125,0.0042348248676622,68.62000274658203,-0.0044972806792584,4.33,0.0280158344776133,0.0001096511307008,0.0041251737369613,1.89,127.2822,-0.030000000000000027,-0.0007301264296346588
2025-02-27,2883.199951171875,-0.0115195066832741,70.3499984741211,0.0252112453846444,4.33,0.0280158344776133,0.0001096511307008,-0.0116291578139749,1.92,127.9704,0.030000000000000027,0.005406883287686792
2025-02-28,2836.800048828125,-0.0160931961464867,69.76000213623047,-0.0083865863637176,4.33,0.0280158344776133,0.0001096511307008,-0.0162028472771875,1.86,128.2805,-0.05999999999999983,0.002423216618843149
2025-03-03,2890.199951171875,0.0188239923239599,68.37000274658203,-0.0199254493561221,4.33,0.0238198146280554,9.34192397215039e-05,0.0187305730842383,1.8,127.75,-0.06000000000000005,-0.004135468757917149
2025-03-04,2909.60009765625,0.0067123890430171,68.26000213623047,-0.0016089016517856,4.33,0.0238198146280554,9.34192397215039e-05,0.0066189698032955,1.87,127.9966,0.07000000000000006,0.0019303326810176102
2025-03-05,2915.300048828125,0.0019590153218878,66.30999755859375,-0.0285673090625602,4.33,0.0238198146280554,9.34192397215039e-05,0.0018655960821662,1.94,126.504,0.06999999999999984,-0.011661247251880114
2025-03-06,2916.60009765625,0.0004459399740508,66.36000061035156,0.0007540801326924,4.33,0.0238198146280554,9.34192397215039e-05,0.0003525207343292,1.95,126.1099,0.010000000000000009,-0.0031153165117309145
2025-03-07,2904.699951171875,-0.0040801433470216,67.04000091552734,0.0102471413339575,4.33,0.0238198146280554,9.34192397215039e-05,-0.0041735625867431,1.99,125.9814,0.040000000000000036,-0.0010189525168127211
2025-03-10,2891.0,-0.0047164772273115,66.02999877929688,-0.0150656641175036,4.33,0.0238198146280554,9.34192397215039e-05,-0.004809896467033,1.91,126.268,-0.08000000000000007,0.0022749389989316082
2025-03-11,2912.89990234375,0.0075751997038222,66.25,0.003331837418905,4.33,0.0238198146280554,9.34192397215039e-05,0.0074817804641006,1.97,126.0457,0.06000000000000005,-0.0017605410713720238
2025-03-12,2939.10009765625,0.0089945402145192,67.68000030517578,0.0215849102668042,4.33,0.0238198146280554,9.34192397215039e-05,0.0089011209747976,1.99,125.8664,0.020000000000000018,-0.001422499934547572
2025-03-13,2984.300048828125,0.0153788403490984,66.55000305175781,-0.0166961768369193,4.33,0.0238198146280554,9.34192397215039e-05,0.0152854211093768,1.98,126.0031,-0.010000000000000009,0.0010860722162546743
2025-03-14,2994.5,0.0034178705240714,67.18000030517578,0.0094665247863023,4.33,0.0238198146280554,9.34192397215039e-05,0.0033244512843498,2.01,125.6942,0.029999999999999805,-0.0024515269862408484
2025-03-17,3000.0,0.0018367006177992,67.58000183105469,0.0059541757079761,4.33,0.0238198146280554,9.34192397215039e-05,0.0017432813780776,2.02,125.3688,0.010000000000000231,-0.002588822714174599
2025-03-18,3035.10009765625,0.0117000325520832,66.9000015258789,-0.0100621528078045,4.33,0.0238198146280554,9.34192397215039e-05,0.0116066133123616,1.99,125.488,-0.030000000000000027,0.0009507947750955204
2025-03-19,3035.89990234375,0.0002635183887733,67.16000366210938,0.0038864294514238,4.33,0.0238198146280554,9.34192397215039e-05,0.0001700991490517,1.94,125.8006,-0.050000000000000044,0.0024910748438098373
2025-03-20,3040.0,0.0013505378267197,68.26000213623047,0.0163787732897593,4.33,0.0238198146280554,9.34192397215039e-05,0.0012571185869981,1.93,125.985,-0.010000000000000009,0.0014658117687833538
2025-03-21,3018.199951171875,-0.0071710686934621,68.27999877929688,0.0002929481752211,4.33,0.0238198146280554,9.34192397215039e-05,-0.0072644879331836,1.92,126.2679,-0.010000000000000009,0.0022455054173116107
2025-03-24,3013.10009765625,-0.0016897003505831,69.11000061035156,0.0121558559738339,4.33,0.0238198146280554,9.34192397215039e-05,-0.0017831195903046,1.98,126.1956,0.06000000000000005,-0.0005725920839738663
2025-03-25,3023.699951171875,0.0035179227944899,69.0,-0.0015916742783979,4.33,0.0238198146280554,9.34192397215039e-05,0.0034245035547683,1.96,126.0535,-0.020000000000000018,-0.0011260297506410222
2025-03-26,3020.89990234375,-0.0009260339561932,69.6500015258789,0.0094203119692595,4.33,0.0238198146280554,9.34192397215039e-05,-0.0010194531959147,1.98,126.2364,0.020000000000000018,0.0014509712146033582
2025-03-27,3060.199951171875,0.0130093846531076,69.91999816894531,0.0038764772024604,4.33,0.0238198146280554,9.34192397215039e-05,0.012915965413386,1.99,126.3626,0.010000000000000009,0.0009997116521065497
2025-03-28,3086.5,0.0085942256217779,69.36000061035156,-0.0080091186106819,4.33,0.0238198146280554,9.34192397215039e-05,0.0085008063820563,1.9,126.4187,-0.09000000000000008,0.00044396047564698726
2025-03-31,3122.800048828125,0.0117609100366515,71.4800033569336,0.0305652065733348,4.33,0.0238198146280554,9.34192397215039e-05,0.0116674907969299,1.85,126.7075,-0.04999999999999982,0.0022844721548314073
2025-04-01,3118.89990234375,-0.0012489260994595,71.19999694824219,-0.0039172691038247,4.33,0.0232538823025783,9.122491658564158e-05,-0.0013401510160451,1.84,126.4338,-0.010000000000000009,-0.0021600931278731306
2025-04-02,3139.89990234375,0.0067331433061443,71.70999908447266,0.0071629516585682,4.33,0.0232538823025783,9.122491658564158e-05,0.0066419183895586,1.88,126.3811,0.039999999999999813,-0.00041681892025713374
2025-04-03,3097.0,-0.0136628248281824,66.94999694824219,-0.0663784994701129,4.33,0.0232538823025783,9.122491658564158e-05,-0.013754049744768,1.78,124.7316,-0.09999999999999987,-0.013051793345682294
2025-04-04,3012.0,-0.0274459154020019,61.9900016784668,-0.0740850708867078,4.33,0.0232538823025783,9.122491658564158e-05,-0.0275371403185875,1.83,125.8129,0.050000000000000044,0.008669014107090645
2025-04-07,2951.300048828125,-0.0201527062323622,60.70000076293945,-0.0208098222390505,4.33,0.0232538823025783,9.122491658564158e-05,-0.0202439311489478,1.96,126.8282,0.1299999999999999,0.008069919698218575
2025-04-08,2968.39990234375,0.0057940071265931,59.58000183105469,-0.0184513825009469,4.33,0.0232538823025783,9.122491658564158e-05,0.0057027822100074,2.04,126.8668,0.08000000000000007,0.00030434871739881686
2025-04-09,3056.5,0.0296793223806162,62.34999847412109,0.0464920536746713,4.33,0.0232538823025783,9.122491658564158e-05,0.0295880974640305,2.07,126.628,0.029999999999999805,-0.0018822891410518183
2025-04-10,3155.199951171875,0.0322918210933667,60.06999969482422,-0.0365677439469899,4.33,0.0232538823025783,9.122491658564158e-05,0.032200596176781,2.21,125.089,0.14000000000000012,-0.012153710079919167
2025-04-11,3222.199951171875,0.0212347873468734,61.5,0.0238055653810664,4.33,0.0232538823025783,9.122491658564158e-05,0.0211435624302877,2.28,124.0163,0.06999999999999984,-0.008575494248095339
2025-04-14,3204.800048828125,-0.0054000070161449,61.52999877929688,0.0004877850292175,4.33,0.0232538823025783,9.122491658564158e-05,-0.0054912319327305,2.15,123.6598,-0.1299999999999999,-0.002874622126284976
2025-04-15,3218.699951171875,0.0043372135958474,61.33000183105469,-0.0032503974030547,4.33,0.0232538823025783,9.122491658564158e-05,0.0042459886792617,2.16,123.776,0.010000000000000231,0.0009396748175234393
2025-04-16,3326.60009765625,0.0335228968593641,62.470001220703125,0.0185879562304398,4.33,0.0232538823025783,9.122491658564158e-05,0.0334316719427784,2.12,123.2724,-0.040000000000000036,-0.004068640124095024
2025-04-17,3308.699951171875,-0.0053809132323979,64.68000030517578,0.035376965604096,4.33,0.0232538823025783,9.122491658564158e-05,-0.0054721381489835,2.11,123.1298,-0.010000000000000231,-0.0011567877318848785
2025-04-21,3406.199951171875,0.0294677672314975,63.08000183105469,-0.0247371438863932,4.33,0.0232538823025783,9.122491658564158e-05,0.0293765423149118,2.2,122.3145,0.0900000000000003,-0.006621467751917187
2025-04-22,3400.800048828125,-0.0015853157246075,64.30999755859375,0.0194989805300469,4.33,0.0232538823025783,9.122491658564158e-05,-0.0016765406411931,2.14,122.4175,-0.06000000000000005,0.0008420914936495549
2025-04-23,3276.300048828125,-0.0366090326430397,62.27000045776367,-0.0317213058354015,4.33,0.0232538823025783,9.122491658564158e-05,-0.0367002575596253,2.11,123.0252,-0.03000000000000025,0.0049641595360139235
2025-04-24,3332.0,0.0170008699880213,62.790000915527344,0.0083507379788181,4.33,0.0232538823025783,9.122491658564158e-05,0.0169096450714356,2.02,122.9251,-0.08999999999999986,-0.0008136544382776334
2025-04-25,3282.39990234375,-0.0148859836903511,63.02000045776367,0.0036629963192029,4.33,0.0232538823025783,9.122491658564158e-05,-0.0149772086069367,2.02,122.8858,0.0,-0.0003197068784162038
2025-04-28,3332.5,0.0152632522382409,62.04999923706055,-0.0153919583252498,4.33,0.0232538823025783,9.122491658564158e-05,0.0151720273216552,1.98,122.7176,-0.040000000000000036,-0.0013687504984302157
2025-04-29,3318.800048828125,-0.0041110131048387,60.41999816894531,-0.02626915532888,4.33,0.0232538823025783,9.122491658564158e-05,-0.0042022380214243,1.96,122.5944,-0.020000000000000018,-0.0010039309764859894
2025-04-30,3305.0,-0.0041581440957848,58.209999084472656,-0.0365772782430925,4.33,0.0232538823025783,9.122491658564158e-05,-0.0042493690123704,1.94,122.5921,-0.020000000000000018,-1.8761052707039205e-05
2025-05-01,3210.0,-0.0287443267776096,59.2400016784668,0.0176945990412993,4.33,0.0237726510736808,9.32364158130472e-05,-0.0288375631934226,2.0,123.1405,0.06000000000000005,0.004473371448894259
2025-05-02,3231.89990234375,0.0068223994840341,58.290000915527344,-0.0160364742745233,4.33,0.0237726510736808,9.32364158130472e-05,0.006729163068221,2.06,122.4962,0.06000000000000005,-0.005232234723750562
2025-05-05,3311.300048828125,0.0245676378859365,57.130001068115234,-0.0199004945821352,4.33,0.0237726510736808,9.32364158130472e-05,0.0244744014701234,2.08,122.2613,0.020000000000000018,-0.001917610505468681
2025-05-06,3411.39990234375,0.03022977442079,59.09000015258789,0.0343077025700695,4.33,0.0237726510736808,9.32364158130472e-05,0.0301365380049769,2.04,122.0417,-0.040000000000000036,-0.0017961529936292298
2025-05-07,3381.39990234375,-0.008794043752944,58.06999969482422,-0.0172618117300681,4.33,0.0237726510736808,9.32364158130472e-05,-0.008887280168757,2.01,122.117,-0.03000000000000025,0.0006170022213718429
2025-05-08,3296.60009765625,-0.0250783128693895,59.90999984741211,0.0316858991261865,4.33,0.0237726510736808,9.32364158130472e-05,-0.0251715492852025,2.08,122.7568,0.07000000000000028,0.005239237780161554
2025-05-09,3335.39990234375,0.011769642522029,61.02000045776367,0.0185278019225285,4.33,0.0237726510736808,9.32364158130472e-05,0.0116764061062159,2.08,122.5191,0.0,-0.001936348943602395
2025-05-12,3220.0,-0.0345985206339605,61.95000076293945,0.0152409095083423,4.33,0.0237726510736808,9.32364158130472e-05,-0.0346917570497735,2.16,123.4863,0.08000000000000007,0.007894279340935562
2025-05-13,3240.300048828125,0.0063043629901009,63.66999816894531,0.0277642838550991,4.33,0.0237726510736808,9.32364158130472e-05,0.0062111265742878,2.17,122.9583,0.009999999999999787,-0.004275777960794036
2025-05-14,3181.39990234375,-0.0181773741927623,63.150001525878906,-0.0081670591804733,4.33,0.0237726510736808,9.32364158130472e-05,-0.0182706106085753,2.16,122.6746,-0.009999999999999787,-0.002307286291368671
2025-05-15,3220.699951171875,0.01235306784261,61.619998931884766,-0.0242280689948541,4.33,0.0237726510736808,9.32364158130472e-05,0.0122598314267969,2.11,122.8174,-0.050000000000000266,0.001164055150780996
2025-05-16,3182.0,-0.0120160063832688,62.4900016784668,0.0141188374174388,4.33,0.0237726510736808,9.32364158130472e-05,-0.0121092427990818,2.09,123.0737,-0.020000000000000018,0.0020868378584792957
2025-05-19,3228.89990234375,0.014739127072203,62.68999862670898,0.0032004631600306,4.33,0.0237726510736808,9.32364158130472e-05,0.0146458906563899,2.1,122.4186,0.010000000000000231,-0.0053228268915292976
2025-05-20,3280.300048828125,0.0159187797822613,62.560001373291016,-0.0020736521975704,4.33,0.0237726510736808,9.32364158130472e-05,0.0158255433664482,2.13,122.3199,0.029999999999999805,-0.0008062500306325049
2025-05-21,3309.300048828125,0.0088406546865613,61.56999969482422,-0.0158248346664753,4.33,0.0237726510736808,9.32364158130472e-05,0.0087474182707482,2.23,121.7496,0.10000000000000009,-0.004662364831887533
2025-05-22,3292.300048828125,-0.0051370379685032,61.20000076293945,-0.006009402853966,4.33,0.0237726510736808,9.32364158130472e-05,-0.0052302743843162,2.2,122.0429,-0.029999999999999805,0.0024090428223173532
2025-05-23,3363.60009765625,0.0216566071654082,61.52999877929688,0.0053921243830645,4.33,0.0237726510736808,9.32364158130472e-05,0.0215633707495951,2.18,121.3837,-0.020000000000000018,-0.005401379351031466
2025-05-27,3299.10009765625,-0.0191758824257805,60.88999938964844,-0.0104014204834306,4.33,0.0237726510736808,9.32364158130472e-05,-0.0192691188415935,2.11,121.6099,-0.07000000000000028,0.001863512151961011
2025-05-28,3293.60009765625,-0.0016671212867737,61.84000015258789,0.0156019177609147,4.33,0.0237726510736808,9.32364158130472e-05,-0.0017603577025867,2.15,121.9888,0.040000000000000036,0.0031157002842696624
2025-05-29,3317.10009765625,0.0071350495819826,60.93999862670898,-0.0145537115727391,4.33,0.0237726510736808,9.32364158130472e-05,0.0070418131661695,2.11,121.5617,-0.040000000000000036,-0.003501141088362192
2025-05-30,3288.89990234375,-0.0085014604571098,60.790000915527344,-0.0024613999764007,4.33,0.0237726510736808,9.32364158130472e-05,-0.0085946968729228,2.07,121.7674,-0.040000000000000036,0.0016921448120583715
2025-06-02,3370.60009765625,0.0248411924164302,62.52000045776367,0.0284586201049792,4.33,0.0268045386591022,0.0001049721369783,0.0247362202794518,2.13,121.1881,0.06000000000000005,-0.004757430970850907
2025-06-03,3350.199951171875,-0.0060523781799449,63.40999984741211,0.0142354347909785,4.33,0.0268045386591022,0.0001049721369783,-0.0061573503169232,2.14,121.4592,0.010000000000000231,0.002237018321105788
2025-06-04,3373.5,0.0069548233441931,62.84999847412109,-0.0088314362819521,4.33,0.0268045386591022,0.0001049721369783,0.0068498512072147,2.06,121.0539,-0.08000000000000007,-0.0033369230161238717
2025-06-05,3350.699951171875,-0.0067585738337409,63.369998931884766,0.0082736749465122,4.33,0.0268045386591022,0.0001049721369783,-0.0068635459707192,2.11,120.9596,0.04999999999999982,-0.000778991837520393
2025-06-06,3322.699951171875,-0.0083564629504373,64.58000183105469,0.0190942546877825,4.33,0.0268045386591022,0.0001049721369783,-0.0084614350874156,2.2,121.161,0.0900000000000003,0.0016650187335276456
2025-06-09,3332.10009765625,0.0028290687159577,65.29000091552734,0.0109941013369752,4.33,0.0268045386591022,0.0001049721369783,0.0027240965789793,2.18,120.9103,-0.020000000000000018,-0.0020691476630267935
2025-06-10,3320.89990234375,-0.0033613021770798,64.9800033569336,-0.0047480097143025,4.33,0.0268045386591022,0.0001049721369783,-0.0034662743140581,2.18,121.0485,0.0,0.0011429960888360569
2025-06-11,3321.300048828125,0.0001204933891842,68.1500015258789,0.0487842106060318,4.33,0.0268045386591022,0.0001049721369783,1.5521252205845945e-05,2.14,120.587,-0.040000000000000036,-0.0038125214273617702
2025-06-12,3380.89990234375,0.0179447362898315,68.04000091552734,-0.0016140954935971,4.33,0.0268045386591022,0.0001049721369783,0.0178397641528531,2.11,120.1723,-0.03000000000000025,-0.003439010838647616
2025-06-13,3431.199951171875,0.0148777101603201,72.9800033569336,0.0726043852871098,4.33,0.0268045386591022,0.0001049721369783,0.0147727380233417,2.13,120.3245,0.020000000000000018,0.0012665148291244321
2025-06-16,3396.39990234375,-0.0101422386696641,71.7699966430664,-0.0165799761333147,4.33,0.0268045386591022,0.0001049721369783,-0.0102472108066424,2.16,120.1565,0.03000000000000025,-0.0013962243765817117
2025-06-17,3386.60009765625,-0.0028853506563634,74.83999633789062,0.0427755307011123,4.33,0.0268045386591022,0.0001049721369783,-0.0029903227933417,2.08,120.5048,-0.08000000000000007,0.002898719586539311
2025-06-18,3389.800048828125,0.000944886044883,75.13999938964844,0.0040085925499426,4.33,0.0268045386591022,0.0001049721369783,0.0008399139079046,2.07,120.7305,-0.010000000000000231,0.001872954438329355
2025-06-20,3368.10009765625,-0.0064015431173815,74.93000030517578,-0.002794770910014,4.33,0.0268045386591022,0.0001049721369783,-0.0065065152543598,2.05,121.0408,-0.020000000000000018,0.0025701873180348223
2025-06-23,3377.699951171875,0.0028502280921831,68.51000213623047,-0.0856799431842769,4.33,0.0268045386591022,0.0001049721369783,0.0027452559552047,2.04,121.1694,-0.009999999999999787,0.0010624516691890573
2025-06-24,3317.39990234375,-0.0178523994729621,64.37000274658203,-0.0604291236397299,4.33,0.0268045386591022,0.0001049721369783,-0.0179573716099404,2.01,120.3645,-0.03000000000000025,-0.006642766242962228
2025-06-25,3327.10009765625,0.0029240355694371,64.91999816894531,0.0085442814804366,4.33,0.0268045386591022,0.0001049721369783,0.0028190634324587,2.01,120.3336,0.0,-0.0002567202123550105
2025-06-26,3333.5,0.0019235677184039,65.23999786376953,0.0049291389995338,4.33,0.0268045386591022,0.0001049721369783,0.0018185955814255,1.98,119.6451,-0.029999999999999805,-0.005721593968766814
2025-06-27,3273.699951171875,-0.0179391176925528,65.5199966430664,0.0042918269231331,4.33,0.0268045386591022,0.0001049721369783,-0.0180440898295311,2.0,119.659,0.020000000000000018,0.00011617692659382506
2025-06-30,3294.39990234375,0.0063231058070747,65.11000061035156,-0.0062575710274892,4.33,0.0268045386591022,0.0001049721369783,0.0062181336700963,1.95,119.4088,-0.050000000000000044,-0.0020909417594999757
2025-07-01,3336.699951171875,0.0128399860618109,65.44999694824219,0.0052218758209714,4.33,0.0274261805216713,0.0001073741016182,0.0127326119601926,1.97,119.3436,0.020000000000000018,-0.0005460234086600568
2025-07-02,3348.0,0.0033865942378654,67.44999694824219,0.0305576790413237,4.33,0.0274261805216713,0.0001073741016182,0.0032792201362471,2.0,119.3037,0.030000000000000027,-0.00033432877841788056
2025-07-03,3331.60009765625,-0.0048984176653972,67.0,-0.0066715636560739,4.33,0.0274261805216713,0.0001073741016182,-0.0050057917670154,2.02,119.2382,0.020000000000000018,-0.0005490190161746566
2025-07-04,3332.5,0.0002701111530112,66.5,-0.0074626865671642,4.33,0.0274261805216713,0.0001073741016182,0.0001627370513929,2.02,119.2382,0.0,0.0
2025-07-07,3332.199951171875,-9.003715772692988e-05,67.93000030517578,0.0215037639876056,4.33,0.0274261805216713,0.0001073741016182,-0.0001974112593451,2.05,119.6201,0.029999999999999805,0.00320283264926835
2025-07-08,3307.0,-0.0075625567316308,68.33000183105469,0.005888436980449,4.33,0.0274261805216713,0.0001073741016182,-0.007669930833249,2.07,119.8371,0.020000000000000018,0.0018140763968599316
2025-07-09,3311.60009765625,0.0013910183417751,68.37999725341797,0.0007316759991737,4.33,0.0274261805216713,0.0001073741016182,0.0012836442401568,2.01,119.7311,-0.06000000000000005,-0.000884534088358313
2025-07-10,3317.39990234375,0.0017513602235985,66.56999969482422,-0.0264696933503207,4.33,0.0274261805216713,0.0001073741016182,0.0016439861219802,2.01,119.8343,0.0,0.0008619314447124715
2025-07-11,3356.0,0.0116356480353723,68.44999694824219,0.028240908247505,4.33,0.0274261805216713,0.0001073741016182,0.011528273933754,2.06,119.9214,0.050000000000000266,0.0007268369740549563
2025-07-14,3351.5,-0.0013408820023838,66.9800033569336,-0.0214754369152143,4.33,0.0274261805216713,0.0001073741016182,-0.001448256104002,2.04,120.2209,-0.020000000000000018,0.0024974691756434186
2025-07-15,3329.800048828125,-0.0064746982461211,66.5199966430664,-0.0068678216006623,4.33,0.0274261805216713,0.0001073741016182,-0.0065820723477393,2.09,120.5105,0.04999999999999982,0.002408898951846039
2025-07-16,3352.5,0.0068172114958866,66.37999725341797,-0.0021046211171603,4.33,0.0274261805216713,0.0001073741016182,0.0067098373942683,2.05,120.4175,-0.040000000000000036,-0.0007717169873163732
2025-07-17,3340.10009765625,-0.0036987031599552,67.54000091552734,0.017475199007328,4.33,0.0274261805216713,0.0001073741016182,-0.0038060772615734,2.04,120.6384,-0.009999999999999787,0.001834450972657553
2025-07-18,3353.0,0.0038621304651325,67.33999633789062,-0.0029612759094698,4.33,0.0274261805216713,0.0001073741016182,0.0037547563635142,2.03,120.356,-0.010000000000000231,-0.002340879852518074
2025-07-21,3401.89990234375,0.0145839255424247,67.19999694824219,-0.0020789931283329,4.33,0.0274261805216713,0.0001073741016182,0.0144765514408064,1.98,119.9961,-0.04999999999999982,-0.002990295456811398
2025-07-22,3439.199951171875,0.0109644757044224,66.20999908447266,-0.0147321117370292,4.33,0.0274261805216713,0.0001073741016182,0.0108571016028041,1.96,119.681,-0.020000000000000018,-0.0026259186756902864
2025-07-23,3394.10009765625,-0.0131134723644833,65.25,-0.0144993067172204,4.33,0.0274261805216713,0.0001073741016182,-0.0132208464661015,2.03,119.5697,0.06999999999999984,-0.0009299721760346324
2025-07-24,3371.0,-0.006805956510299,66.02999877929688,0.0119540042804118,4.33,0.0274261805216713,0.0001073741016182,-0.0069133306119172,1.98,119.5664,-0.04999999999999982,-2.7598965289699073e-05
2025-07-25,3334.0,-0.0109759715218036,65.16000366210938,-0.0131757554637466,4.33,0.0274261805216713,0.0001073741016182,-0.0110833456234218,1.96,119.9857,-0.020000000000000018,0.0035068380414564615
2025-07-28,3309.10009765625,-0.0074684770077234,66.70999908447266,0.023787528165297,4.33,0.0274261805216713,0.0001073741016182,-0.0075758511093416,1.98,120.6149,0.020000000000000018,0.005243958238356772
2025-07-29,3323.39990234375,0.004321357549029,69.20999908447266,0.0374756413477734,4.33,0.0274261805216713,0.0001073741016182,0.0042139834474107,1.91,120.9674,-0.07000000000000006,0.002922524497387835
2025-07-30,3295.800048828125,-0.0083047043168535,70.0,0.0114145488509995,4.33,0.0274261805216713,0.0001073741016182,-0.0084120784184717,1.96,121.4042,0.050000000000000044,0.0036108902067830684
2025-07-31,3293.199951171875,-0.0007889124393861,69.26000213623047,-0.0105713980538504,4.33,0.0274261805216713,0.0001073741016182,-0.0008962865410043,1.98,121.721,0.020000000000000018,0.0026094649114281054
2025-08-01,3347.699951171875,0.0165492532515696,67.33000183105469,-0.0278660156749573,4.33,0.0293859174303161,0.000114936873689,0.0164343163778805,1.9,121.2122,-0.08000000000000007,-0.004180051100467486
2025-08-04,3374.39990234375,0.0079756105867638,66.29000091552734,-0.0154463224007764,4.33,0.0293859174303161,0.000114936873689,0.0078606737130747,1.85,120.9859,-0.04999999999999982,-0.0018669737864669411
2025-08-05,3381.89990234375,0.0022226174185195,65.16000366210938,-0.017046269992633,4.33,0.0293859174303161,0.000114936873689,0.0021076805448304,1.86,120.9082,0.010000000000000009,-0.000642223597956515
2025-08-06,3380.0,-0.0005617855047789,64.3499984741211,-0.0124310181470922,4.33,0.0293859174303161,0.000114936873689,-0.0006767223784679,1.88,120.5082,0.019999999999999796,-0.003308295053602528
2025-08-07,3400.300048828125,0.0060059316059541,63.880001068115234,-0.0073037671662863,4.33,0.0293859174303161,0.000114936873689,0.005890994732265,1.88,120.5043,0.0,-3.236294293662567e-05
2025-08-08,3439.10009765625,0.0114107720703933,63.880001068115234,0.0,4.33,0.0293859174303161,0.000114936873689,0.0112958351967042,1.88,120.3329,0.0,-0.0014223558827362037
2025-08-11,3353.10009765625,-0.0250065416992686,63.959999084472656,0.001252317079208,4.33,0.0293859174303161,0.000114936873689,-0.0251214785729576,1.87,120.6892,-0.009999999999999787,0.002960952490964619
2025-08-12,3348.89990234375,-0.0012526304584333,63.16999816894531,-0.0123514841594037,4.33,0.0293859174303161,0.000114936873689,-0.0013675673321223,1.91,120.2736,0.039999999999999813,-0.0034435558442676983
2025-08-13,3358.699951171875,0.0029263486858075,62.650001525878906,-0.0082317026775226,4.33,0.0293859174303161,0.000114936873689,0.0028114118121184,1.87,120.13,-0.039999999999999813,-0.0011939444732677051
2025-08-14,3335.199951171875,-0.0069967547984751,63.959999084472656,0.0209097769622979,4.33,0.0293859174303161,0.000114936873689,-0.0071116916721641,1.9,120.6446,0.029999999999999805,0.004283692666278149
2025-08-15,3336.0,0.0002398803189727,62.79999923706055,-0.0181363330834336,4.33,0.0293859174303161,0.000114936873689,0.0001249434452836,1.95,120.3377,0.050000000000000044,-0.0025438353643677525
2025-08-18,3331.699951171875,-0.0012889834616681,63.41999816894531,0.009872594576703,4.33,0.0293859174303161,0.000114936873689,-0.0014039203353571,1.96,120.5622,0.010000000000000009,0.0018655832710781084
2025-08-19,3313.39990234375,-0.0054927061549129,62.34999847412109,-0.0168716449971164,4.33,0.0293859174303161,0.000114936873689,-0.0056076430286019,1.95,120.7224,-0.010000000000000009,0.0013287746905745745
2025-08-20,3343.39990234375,0.0090541440466571,63.209999084472656,0.0137931135749507,4.33,0.0293859174303161,0.000114936873689,0.008939207172968,1.94,120.7757,-0.010000000000000009,0.0004415087837883469
2025-08-21,3336.89990234375,-0.001944128788017,63.52000045776367,0.0049043090931979,4.33,0.0293859174303161,0.000114936873689,-0.002059065661706,1.94,121.0843,0.0,0.0025551497528062406
2025-08-22,3374.39990234375,0.0112379756952436,63.65999984741211,0.0022040206020075,4.33,0.0293859174303161,0.000114936873689,0.0111230388215545,1.85,120.2774,-0.08999999999999986,-0.006663952304303722
2025-08-25,3373.800048828125,-0.0001777659829851,64.80000305175781,0.0179076846854884,4.33,0.0293859174303161,0.000114936873689,-0.0002927028566741,1.87,120.4214,0.020000000000000018,0.0011972323977738064
2025-08-26,3388.60009765625,0.0043867593259612,63.25,-0.0239197990549441,4.33,0.0293859174303161,0.000114936873689,0.0042718224522721,1.84,120.5274,-0.030000000000000027,0.0008802422160845147
2025-08-27,3404.60009765625,0.0047217138461002,64.1500015258789,0.0142292731364253,4.33,0.0293859174303161,0.000114936873689,0.0046067769724111,1.81,120.7274,-0.030000000000000027,0.00165937371917102
2025-08-28,3431.800048828125,0.0079891765234336,64.5999984741211,0.0070147613022371,4.33,0.0293859174303161,0.000114936873689,0.0078742396497445,1.81,120.2595,0.0,-0.003875673625042819
2025-08-29,3473.699951171875,0.0122093075784115,64.01000213623047,-0.0091330704617118,4.33,0.0293859174303161,0.000114936873689,0.0120943707047224,1.82,120.2082,0.010000000000000009,-0.0004265775260997584
2025-09-02,3549.39990234375,0.021792311436207,65.58999633789062,0.0246835517720731,4.33,0.0302257158471332,0.0001181733304604,0.0216741381057465,1.87,120.6837,0.050000000000000044,0.003955636969857235
2025-09-03,3593.199951171875,0.0123401279183004,63.970001220703125,-0.024698813960013,4.33,0.0302257158471332,0.0001181733304604,0.0122219545878399,1.82,120.5052,-0.050000000000000044,-0.0014790729816868131
2025-09-04,3565.800048828125,-0.0076254877869554,63.47999954223633,-0.007659866642432,4.33,0.0302257158471332,0.0001181733304604,-0.0077436611174158,1.79,120.7629,-0.030000000000000027,0.002138496927933442
2025-09-05,3613.199951171875,0.0132929221197715,61.869998931884766,-0.025362328638335,4.33,0.0302257158471332,0.0001181733304604,0.013174748789311,1.73,120.1282,-0.06000000000000005,-0.005255753215598458
2025-09-08,3638.10009765625,0.0068914388411576,62.2599983215332,0.0063035299237326,4.33,0.0302257158471332,0.0001181733304604,0.0067732655106971,1.7,120.0971,-0.030000000000000027,-0.000258890085758412
2025-09-09,3643.300048828125,0.0014293040412012,62.630001068115234,0.0059428647053796,4.33,0.0302257158471332,0.0001181733304604,0.0013111307107407,1.72,120.1569,0.020000000000000018,0.0004979304246313099
2025-09-10,3643.60009765625,8.235633192543723e-05,63.66999816894531,0.0166054140682354,4.33,0.0302257158471332,0.0001181733304604,-3.581699853505427e-05,1.69,120.1223,-0.030000000000000027,-0.00028795682977833525
2025-09-11,3636.89990234375,-0.0018388942619718,62.369998931884766,-0.0204177677783351,4.33,0.0302257158471332,0.0001181733304604,-0.0019570675924322,1.67,119.9534,-0.020000000000000018,-0.001406066983399401
2025-09-12,3649.39990234375,0.0034369931358144,62.68999862670898,0.0051306669922135,4.33,0.0302257158471332,0.0001181733304604,0.0033188198053539,1.7,120.0611,0.030000000000000027,0.000897848664564771
2025-09-15,3682.199951171875,0.0089877924332326,63.29999923706055,0.0097304294738278,4.33,0.0302257158471332,0.0001181733304604,0.0088696191027721,1.68,119.5644,-0.020000000000000018,-0.004137060213507904
2025-09-16,3688.89990234375,0.0018195511543968,64.5199966430664,0.0192732609906822,4.33,0.0302257158471332,0.0001181733304604,0.0017013778239363,1.67,119.1348,-0.010000000000000009,-0.0035930427451650315
2025-09-17,3681.800048828125,-0.0019246533393638,64.05000305175781,-0.0072844639764733,4.33,0.0302257158471332,0.0001181733304604,-0.0020428266698242,1.68,119.1582,0.010000000000000009,0.0001964161605172432
2025-09-18,3643.699951171875,-0.0103482256371789,63.56999969482422,-0.0074941972531322,4.08,0.0302257158471332,0.0001181733304604,-0.0104663989676393,1.73,119.6616,0.050000000000000044,0.004224635820279321
2025-09-19,3671.5,0.0076296207702788,62.68000030517578,-0.0140003050797702,4.08,0.0302257158471332,0.0001181733304604,0.0075114474398183,1.75,119.7858,0.020000000000000018,0.001037926954010171
2025-09-22,3740.699951171875,0.0188478690376889,62.63999938964844,-0.0006381766964356,4.09,0.0302257158471332,0.0001181733304604,0.0187296957072284,1.78,119.8152,0.030000000000000027,0.0002454381070211564
2025-09-23,3780.60009765625,0.0106664921017991,63.40999984741211,0.0122924723062962,4.09,0.0302257158471332,0.0001181733304604,0.0105483187713386,1.75,119.6202,-0.030000000000000027,-0.0016275063597941397
2025-09-24,3732.10009765625,-0.0128286512054176,64.98999786376953,0.0249171742652496,4.09,0.0302257158471332,0.0001181733304604,-0.012946824535878,1.78,120.1707,0.030000000000000027,0.004602065537425926
2025-09-25,3736.89990234375,0.0012860868041868,64.9800033569336,-0.0001537853079621,4.09,0.0302257158471332,0.0001181733304604,0.0011679134737263,1.8,120.5419,0.020000000000000018,0.003088939317154704
2025-09-26,3775.300048828125,0.0102759366019653,65.72000122070312,0.0113880859578405,4.09,0.0302257158471332,0.0001181733304604,0.0101577632715048,1.82,120.4349,0.020000000000000018,-0.0008876581504024816
2025-09-29,3820.89990234375,0.0120784713601187,63.45000076293945,-0.0345404810651247,4.09,0.0302257158471332,0.0001181733304604,0.0119602980296582,1.8,120.115,-0.020000000000000018,-0.0026562067971991343
2025-09-30,3840.800048828125,0.0052082354924209,62.369998931884766,-0.0170213052493058,4.09,0.0302257158471332,0.0001181733304604,0.0050900621619604,1.8,120.1368,0.0,0.0001814927361278862
2025-10-01,3867.5,0.0069516639326281,61.77999877929688,-0.0094596787348391,4.09,0.0272913623820221,0.0001068533001822,0.0068448106324458,1.77,120.1502,-0.030000000000000027,0.00011153951162334863
2025-10-02,3839.699951171875,-0.0071881186368778,60.47999954223633,-0.021042396612934,4.09,0.0272913623820221,0.0001068533001822,-0.00729497193706,1.76,120.4296,-0.010000000000000009,0.0023254226792797095
2025-10-03,3880.800048828125,0.0107039868163933,60.880001068115234,0.0066137818932945,4.09,0.0272913623820221,0.0001068533001822,0.010597133516211,1.8,120.0881,0.040000000000000036,-0.0028356815932295554
2025-10-06,3948.5,0.0174448439291063,61.68999862670898,0.0133048216882829,4.09,0.0272913623820221,0.0001068533001822,0.017337990628924,1.84,120.2722,0.040000000000000036,0.0015330411589491444
2025-10-07,3976.60009765625,0.0071166512995441,61.72999954223633,0.0006484181620654,4.09,0.0272913623820221,0.0001068533001822,0.0070097979993618,1.79,120.4884,-0.050000000000000044,0.0017975891353114726
2025-10-08,4043.300048828125,0.0167731100774219,62.54999923706055,0.0132836497797665,4.1,0.0272913623820221,0.0001068533001822,0.0166662567772396,1.78,120.7766,-0.010000000000000009,0.002391931505439482
2025-10-09,3946.300048828125,-0.0239903046592135,61.5099983215332,-0.0166267134806158,4.1,0.0272913623820221,0.0001068533001822,-0.0240971579593957,1.8,121.0902,0.020000000000000018,0.002596529460176855
2025-10-10,3975.89990234375,0.0075006596430533,58.900001525878906,-0.0424320739209092,4.1,0.0272913623820221,0.0001068533001822,0.007393806342871,1.75,121.1163,-0.050000000000000044,0.00021554180272231882
2025-10-13,4108.60009765625,0.0333761408918455,59.4900016784668,0.0100169802598164,4.1,0.0272913623820221,0.0001068533001822,0.0332692875916632,1.75,121.1163,0.0,0.0
2025-10-14,4138.7001953125,0.0073261200751615,58.70000076293945,-0.0132795577952268,4.1,0.0272913623820221,0.0001068533001822,0.0072192667749792,1.73,121.1822,-0.020000000000000018,0.0005441051287069509
2025-10-15,4176.89990234375,0.0092298802108243,58.27000045776367,-0.0073253884086363,4.1,0.0272913623820221,0.0001068533001822,0.009123026910642,1.76,120.8642,0.030000000000000027,-0.002624147770877272
2025-10-16,4280.2001953125,0.0247313307438337,57.459999084472656,-0.0139008300485279,4.11,0.0272913623820221,0.0001068533001822,0.0246244774436514,1.71,120.6698,-0.050000000000000044,-0.0016084167189291954
2025-10-17,4189.89990234375,-0.0210972124779684,57.540000915527344,0.0013923047742669,4.11,0.0272913623820221,0.0001068533001822,-0.0212040657781506,1.75,120.7028,0.040000000000000036,0.00027347356173623716
2025-10-20,4336.39990234375,0.0349650357799837,57.52000045776367,-0.0003475922392325,4.11,0.0272913623820221,0.0001068533001822,0.0348581824798014,1.74,120.6209,-0.010000000000000009,-0.0006785260988145803
2025-10-21,4087.699951171875,-0.0573517103525108,57.81999969482422,0.0052155638851365,4.11,0.0272913623820221,0.0001068533001822,-0.057458563652693,1.7,120.8895,-0.040000000000000036,0.002226811439808518
2025-10-22,4044.39990234375,-0.0105927659430363,58.5,0.0117606417980775,4.11,0.0272913623820221,0.0001068533001822,-0.0106996192432185,1.68,120.8958,-0.020000000000000018,5.211370714564012e-05
2025-10-23,4125.5,0.0200524427886699,61.790000915527344,0.0562393318893563,4.11,0.0272913623820221,0.0001068533001822,0.0199455894884876,1.71,120.9531,0.030000000000000027,0.0004739618746061325
2025-10-24,4118.39990234375,-0.0017210271860986,61.5,-0.0046933308177774,4.11,0.0272913623820221,0.0001068533001822,-0.0018278804862808,1.73,120.9345,0.020000000000000018,-0.00015377861336340892
2025-10-27,4001.89990234375,-0.0282876852084472,61.310001373291016,-0.0030894085643736,4.12,0.0272913623820221,0.0001068533001822,-0.0283945385086294,1.73,120.7988,0.0,-0.0011220950183776779
2025-10-28,3966.199951171875,-0.0089207506541997,60.150001525878906,-0.0189202384835934,4.12,0.0272913623820221,0.0001068533001822,-0.0090276039543819,1.71,120.6361,-0.020000000000000018,-0.001346867684116071
2025-10-29,3983.699951171875,0.0044122838524138,60.47999954223633,0.005486251171838,4.12,0.0272913623820221,0.0001068533001822,0.0043054305522315,1.78,120.5312,0.07000000000000006,-0.0008695572884069858
2025-10-30,4001.300048828125,0.0044180279318155,60.56999969482422,0.0014880977723064,3.87,0.0272913623820221,0.0001068533001822,0.0043111746316332,1.82,121.2832,0.040000000000000036,0.006239048478734022
2025-10-31,3982.199951171875,-0.0047734729770749,60.97999954223633,0.0067690250863108,3.86,0.0272913623820221,0.0001068533001822,-0.0048803262772571,1.81,121.3859,-0.010000000000000009,0.0008467784491175134
2025-11-03,4000.300048828125,0.0045452508357657,61.04999923706055,0.0011479123540454,3.87,0.0269644391649395,0.0001055901155617,0.0044396607202039,1.82,121.4512,0.010000000000000009,0.0005379537491585484
2025-11-04,3947.699951171875,-0.0131490380756961,60.560001373291016,-0.0080261731350207,3.87,0.0269644391649395,0.0001055901155617,-0.0132546281912578,1.81,121.8271,-0.010000000000000009,0.0030950702833731913
2025-11-05,3980.300048828125,0.0082579978365815,59.59999847412109,-0.015852095069359,3.87,0.0269644391649395,0.0001055901155617,0.0081524077210197,1.87,121.8482,0.06000000000000005,0.00017319627570544505
2025-11-06,3979.89990234375,-0.0001005317386795,59.43000030517578,-0.0028523183439195,3.87,0.0269644391649395,0.0001055901155617,-0.0002061218542412,1.83,121.6948,-0.040000000000000036,-0.0012589435051154618
2025-11-07,3999.39990234375,0.0048996207137059,59.75,0.0053844807871614,3.87,0.0269644391649395,0.0001055901155617,0.0047940305981441,1.83,121.388,0.0,-0.002521060883455939
2025-11-10,4111.7998046875,0.0281041919008602,60.130001068115234,0.0063598505123889,3.87,0.0269644391649395,0.0001055901155617,0.0279986017852984,1.84,121.2984,0.010000000000000009,-0.0007381289748574771
2025-11-11,4106.7998046875,-0.0012160125097286,61.040000915527344,0.0151338737942356,3.87,0.0269644391649395,0.0001055901155617,-0.0013216026252903,1.84,121.2984,0.0,0.0
2025-11-12,4204.39990234375,0.023765487069725,58.4900016784668,-0.0417758715401964,3.87,0.0269644391649395,0.0001055901155617,0.0236598969541632,1.81,121.0458,-0.030000000000000027,-0.002082467699491497
2025-11-13,4186.89990234375,-0.0041623062521347,58.68999862670898,0.0034193356557179,3.88,0.0269644391649395,0.0001055901155617,-0.0042678963676964,1.83,120.7725,0.020000000000000018,-0.0022578230719282333
2025-11-14,4087.60009765625,-0.023716784973033,60.09000015258789,0.0238541754751684,3.88,0.0269644391649395,0.0001055901155617,-0.0238223750885947,1.86,120.9666,0.030000000000000027,0.0016071539464697082
2025-11-17,4068.300048828125,-0.0047216088577723,59.90999984741211,-0.0029955118109286,3.88,0.0269644391649395,0.0001055901155617,-0.004827198973334,1.85,121.1146,-0.010000000000000009,0.0012234782163009772
2025-11-18,4061.300048828125,-0.0017206203859069,60.7400016784668,0.0138541451038001,3.88,0.0269644391649395,0.0001055901155617,-0.0018262105014686,1.85,121.2127,0.0,0.00080997666672733
2025-11-19,4077.699951171875,0.0040380917801141,59.43999862670898,-0.0214027496844584,3.88,0.0269644391649395,0.0001055901155617,0.0039325016645523,1.86,121.4978,0.010000000000000009,0.002352063768895407
2025-11-20,4056.5,-0.005198997333235,59.13999938964844,-0.0050470936068586,3.88,0.0269644391649395,0.0001055901155617,-0.0053045874487967,1.86,121.6889,0.0,0.0015728679860871342
2025-11-21,4076.699951171875,0.0049796502334216,58.060001373291016,-0.0182617184224466,3.88,0.0269644391649395,0.0001055901155617,0.0048740601178598,1.82,121.8653,-0.040000000000000036,0.0014495981145363768
2025-11-24,4091.89990234375,0.0037284939666717,58.84000015258789,0.0134343568867998,3.88,0.0269644391649395,0.0001055901155617,0.0036229038511099,1.81,121.9171,-0.010000000000000009,0.0004250594713999245
2025-11-25,4139.2001953125,0.0115594941463883,57.95000076293945,-0.0151257543735626,3.88,0.0269644391649395,0.0001055901155617,0.0114539040308265,1.79,121.6335,-0.020000000000000018,-0.002326170816071005
2025-11-26,4165.2001953125,0.006281406738781,58.650001525878906,0.0120793917812529,3.88,0.0269644391649395,0.0001055901155617,0.0061758166232192,1.77,121.2437,-0.020000000000000018,-0.0032047092289541057
2025-11-28,4218.2998046875,0.0127483930867855,58.54999923706055,-0.0017050688186979,3.89,0.0269644391649395,0.0001055901155617,0.0126428029712237,1.79,121.0527,0.020000000000000018,-0.0015753395846547225
2025-12-01,4239.2998046875,0.0049783090278847,59.31999969482422,0.0131511608505074,3.89,0.0265330411455775,0.0001039226421162,0.0048743863857684,1.85,120.9862,0.06000000000000005,-0.0005493475155862182
2025-12-02,4186.60009765625,-0.0124312290848075,58.63999938964844,-0.0114632553721187,3.89,0.0265330411455775,0.0001039226421162,-0.0125351517269237,1.85,121.1467,0.0,0.001326597578897415
2025-12-03,4199.2998046875,0.0030334177459079,58.95000076293945,0.0052865173348848,3.89,0.0265330411455775,0.0001039226421162,0.0029294951037916,1.82,120.7336,-0.030000000000000027,-0.003409915416598186
2025-12-04,4211.7998046875,0.0029766867290701,59.66999816894531,0.0122136962966505,3.89,0.0265330411455775,0.0001039226421162,0.0028727640869538,1.85,120.6766,0.030000000000000027,-0.0004721138109027301
2025-12-05,4212.89990234375,0.0002611941942316,60.08000183105469,0.0068711861017412,3.89,0.0265330411455775,0.0001039226421162,0.0001572715521153,1.88,120.6863,0.029999999999999805,8.038012340438883e-05
2025-12-08,4187.2001953125,-0.006100241550233,58.880001068115234,-0.0199733809315429,3.89,0.0265330411455775,0.0001039226421162,-0.0062041641923492,1.91,120.776,0.030000000000000027,0.0007432492337571261
2025-12-09,4206.7001953125,0.0046570498400888,58.25,-0.0106997462073143,3.89,0.0265330411455775,0.0001039226421162,0.0045531271979725,1.92,120.6832,0.010000000000000009,-0.0007683645757434743
2025-12-10,4196.39990234375,-0.0024485445813865,58.459999084472656,0.0036051344973846,3.89,0.0265330411455775,0.0001039226421162,-0.0025524672235027,1.88,120.6752,-0.040000000000000036,-6.628925981411182e-05
2025-12-11,4285.5,0.0212325087526779,57.59999847412109,-0.0147109241159736,3.64,0.0265330411455775,0.0001039226421162,0.0211285861105616,1.89,119.98,0.010000000000000009,-0.005760918564874928
2025-12-12,4300.10009765625,0.0034068597961147,57.43999862670898,-0.0027777752022684,3.64,0.0265330411455775,0.0001039226421162,0.0033029371539984,1.93,120.1442,0.040000000000000036,0.0013685614269043356
2025-12-15,4306.7001953125,0.0015348707021605,56.81999969482422,-0.0107938535290367,3.64,0.0265330411455775,0.0001039226421162,0.0014309480600442,1.93,119.9561,0.0,-0.0015656186482576606
2025-12-16,4304.5,-0.0005108772871849,55.27000045776367,-0.027279113787143,3.64,0.0265330411455775,0.0001039226421162,-0.0006147999293011,1.92,119.8902,-0.010000000000000009,-0.0005493676436630901
2025-12-17,4347.5,0.0099895458241374,55.93999862670898,0.0121222754368766,3.64,0.0265330411455775,0.0001039226421162,0.0098856231820211,1.92,120.155,0.0,0.0022086876158351476
2025-12-18,4339.5,-0.0018401380103507,56.150001525878906,0.0037540740851869,3.64,0.0265330411455775,0.0001039226421162,-0.0019440606524669,1.88,120.0528,-0.040000000000000036,-0.0008505680163122253
2025-12-19,4361.39990234375,0.0050466418582209,56.65999984741211,0.0090827837519853,3.64,0.0265330411455775,0.0001039226421162,0.0049427192161046,1.92,120.1652,0.040000000000000036,0.0009362547145921329
2025-12-22,4444.60009765625,0.019076488553088,58.0099983215332,0.0238263056434291,3.64,0.0265330411455775,0.0001039226421162,0.0189725659109717,1.94,119.9912,0.020000000000000018,-0.0014480065776114603
2025-12-23,4482.7998046875,0.0085946330810264,58.380001068115234,0.0063782581845841,3.64,0.0265330411455775,0.0001039226421162,0.0084907104389101,1.94,119.7057,0.0,-0.0023793411516845886
2025-12-24,4480.60009765625,-0.0004906993680489,58.34999847412109,-0.000513919038116,3.64,0.0265330411455775,0.0001039226421162,-0.0005946220101651,1.91,119.4372,-0.030000000000000027,-0.002243000959853969
2025-12-26,4529.10009765625,0.010824442919012,56.7400016784668,-0.0275920623437265,3.64,0.0265330411455775,0.0001039226421162,0.0107205202768957,1.91,119.4723,0.0,0.00029387828917615266
2025-12-29,4325.10009765625,-0.0450420603654945,58.08000183105469,0.0236164982895379,3.64,0.0265330411455775,0.0001039226421162,-0.0451459830076107,1.9,119.5899,-0.010000000000000009,0.000984328584952232
2025-12-30,4370.10009765625,0.0104043834787512,57.95000076293945,-0.0022383103308671,3.64,0.0265330411455775,0.0001039226421162,0.0103004608366349,1.9,119.4939,0.0,-0.0008027433754858038
2025-12-31,4325.60009765625,-0.0101828331172244,57.41999816894531,-0.009145860000283,3.64,0.0265330411455775,0.0001039226421162,-0.0102867557593406,1.93,119.7456,0.030000000000000027,0.002106383673141421
2026-01-02,4314.39990234375,-0.0025892812695673,57.31999969482422,-0.0017415269472296,3.64,0.0239120143215001,9.377661663911852e-05,-0.0026830578862064,1.94,119.6059,0.010000000000000009,-0.0011666399433465369
2026-01-05,4436.89990234375,0.0283932882377113,58.31999969482422,0.017445917748152,3.64,0.0239120143215001,9.377661663911852e-05,0.0282995116210721,1.91,119.6192,-0.030000000000000027,0.00011119852783192385
2026-01-06,4482.2001953125,0.0102098974432172,57.130001068115234,-0.0204046404824415,3.64,0.0239120143215001,9.377661663911852e-05,0.010116120826578,1.91,119.7807,0.0,0.0013501177068564463
2026-01-07,4449.2998046875,-0.0073402322947125,55.9900016784668,-0.0199544787035664,3.64,0.0239120143215001,9.377661663911852e-05,-0.0074340089113516,1.88,119.8719,-0.030000000000000027,0.000761391442861914
2026-01-08,4449.7001953125,8.998958096251286e-05,57.7599983215332,0.0316127270942221,3.64,0.0239120143215001,9.377661663911852e-05,-3.7870356766056554e-06,1.92,120.0904,0.040000000000000036,0.0018227791500760038
2026-01-09,4490.2998046875,0.0091241224336349,59.119998931884766,0.0235457176224422,3.64,0.0239120143215001,9.377661663911852e-05,0.0090303458169957,1.9,120.2215,-0.020000000000000018,0.0010916776028724318
2026-01-12,4604.2998046875,0.0253880598086109,59.5,0.0064276230544768,3.64,0.0239120143215001,9.377661663911852e-05,0.0252942831919717,1.9,119.9958,0.0,-0.0018773680248541647
2026-01-13,4589.2001953125,-0.003279458335799,61.150001525878906,0.0277311180819983,3.64,0.0239120143215001,9.377661663911852e-05,-0.0033732349524381,1.88,120.1401,-0.020000000000000018,0.0012025420889731908
2026-01-14,4626.2998046875,0.0080841122191388,62.02000045776367,0.0142272920715558,3.64,0.0239120143215001,9.377661663911852e-05,0.0079903356024996,1.86,119.9537,-0.019999999999999796,-0.001551521931478339
2026-01-15,4616.2998046875,-0.0021615546813174,59.18999862670898,-0.0456304709797922,3.64,0.0239120143215001,9.377661663911852e-05,-0.0022553312979565,1.88,119.9951,0.019999999999999796,0.00034513316387907444
2026-01-16,4588.39990234375,-0.0060437804137893,59.43999862670898,0.0042236865315146,3.64,0.0239120143215001,9.377661663911852e-05,-0.0061375570304284,1.91,120.0838,0.030000000000000027,0.0007391968505381374
2026-01-20,4759.60009765625,0.0373115244870114,60.34000015258789,0.015141344997853,3.64,0.0239120143215001,9.377661663911852e-05,0.0372177478703722,1.97,119.4455,0.06000000000000005,-0.005315454707462641
2026-01-21,4831.7998046875,0.0151692800970406,60.619998931884766,0.0046403509875507,3.64,0.0239120143215001,9.377661663911852e-05,0.0150755034804014,1.92,119.3431,-0.050000000000000044,-0.0008572947494881467
2026-01-22,4908.7998046875,0.0159360907141268,59.36000061035156,-0.0207851920774362,3.64,0.0239120143215001,9.377661663911852e-05,0.0158423140974876,1.95,119.1962,0.030000000000000027,-0.0012309048449387072
2026-01-23,4976.2001953125,0.0137305234083162,61.06999969482422,0.028807261908526,3.64,0.0239120143215001,9.377661663911852e-05,0.013636746791677,1.92,118.8976,-0.030000000000000027,-0.0025051134180452683
2026-01-26,5079.7001953125,0.0207990024391493,60.630001068115234,-0.0072048244458444,3.64,0.0239120143215001,9.377661663911852e-05,0.0207052258225101,1.9,118.0525,-0.020000000000000018,-0.007107796961418944
2026-01-27,5079.89990234375,3.931472795071223e-05,62.38999938964844,0.0290285055340164,3.64,0.0239120143215001,9.377661663911852e-05,-5.446188868840628e-05,1.9,117.4523,0.0,-0.005084178649329751
2026-01-28,5301.60009765625,0.0436426306766817,63.209999084472656,0.0131431271493211,3.64,0.0239120143215001,9.377661663911852e-05,0.0435488540600425,1.9,117.5117,0.0,0.0005057372226853207
2026-01-29,5318.39990234375,0.0031688177867144,65.41999816894531,0.0349628083607349,3.64,0.0239120143215001,9.377661663911852e-05,0.0030750411700752,1.89,117.4396,-0.010000000000000009,-0.0006135559267715918
2026-01-30,4713.89990234375,-0.1136620056971655,65.20999908447266,-0.0032100136097579,3.64,0.0239120143215001,9.377661663911852e-05,-0.1137557823138046,1.9,117.8996,0.010000000000000009,0.003916907073934217
2026-02-02,4622.5,-0.019389444883695,62.13999938964844,-0.0470786648968873,3.64,0.0243400411037322,9.543527938737915e-05,-0.0194848801630823,1.94,118.3609,0.040000000000000036,0.003912651103141984
2026-02-03,4903.7001953125,0.0608329248918333,63.209999084472656,0.0172191777491788,3.64,0.0243400411037322,9.543527938737915e-05,0.0607374896124459,1.92,117.9764,-0.020000000000000018,-0.0032485390023225813
2026-02-04,4920.39990234375,0.0034055318159975,65.13999938964844,0.0305331487601601,3.64,0.0243400411037322,9.543527938737915e-05,0.0033100965366101,1.94,118.2602,0.020000000000000018,0.0024055658589345885
2026-02-05,4861.39990234375,-0.0119908952871689,63.290000915527344,-0.0284003452787118,3.64,0.0243400411037322,9.543527938737915e-05,-0.0120863305665562,1.89,118.5034,-0.050000000000000044,0.002056482231553858
2026-02-06,4951.2001953125,0.0184721057252368,63.54999923706055,0.0041080473656529,3.64,0.0243400411037322,9.543527938737915e-05,0.0183766704458494,1.88,118.2407,-0.010000000000000009,-0.0022168140323399754
2026-02-09,5050.89990234375,0.0201364725921686,64.36000061035156,0.0127458911568112,3.64,0.0243400411037322,9.543527938737915e-05,0.0200410373127812,1.87,117.6392,-0.009999999999999787,-0.005087080844413117
2026-02-10,5003.7998046875,-0.0093250902941858,63.959999084472656,-0.0062150640473203,3.64,0.0243400411037322,9.543527938737915e-05,-0.0094205255735731,1.84,117.5216,-0.030000000000000027,-0.0009996667777407708
2026-02-11,5071.60009765625,0.0135497613044461,64.62999725341797,0.0104752685824844,3.64,0.0243400411037322,9.543527938737915e-05,0.0134543260250587,1.86,117.4601,0.020000000000000018,-0.0005233080557106584
2026-02-12,4923.7001953125,-0.0291623746935605,62.84000015258789,-0.027696072673675,3.64,0.0243400411037322,9.543527938737915e-05,-0.0292578099729478,1.8,117.5376,-0.06000000000000005,0.0006597985188161459
2026-02-13,5022.0,0.0199646202628429,62.88999938964844,0.0007956594038691,3.64,0.0243400411037322,9.543527938737915e-05,0.0198691849834555,1.77,117.5258,-0.030000000000000027,-0.00010039340602496782
2026-02-17,4882.89990234375,-0.0276981476814516,62.33000183105469,-0.0089043975835357,3.64,0.0243400411037322,9.543527938737915e-05,-0.0277935829608389,1.79,117.7375,0.020000000000000018,0.0018013066067195105
2026-02-18,4986.5,0.0212169202171281,65.19000244140625,0.0458848151184654,3.64,0.0243400411037322,9.543527938737915e-05,0.0211214849377407,1.8,117.8426,0.010000000000000009,0.00089266376473085
2026-02-19,4975.89990234375,-0.002125759080768,66.43000030517578,0.0190212888070384,3.64,0.0243400411037322,9.543527938737915e-05,-0.0022211943601553,1.79,118.2354,-0.010000000000000009,0.003333259788904863
2026-02-20,5059.2998046875,0.0167607676964054,66.38999938964844,-0.0006021513675084,3.64,0.0243400411037322,9.543527938737915e-05,0.016665332417018,1.8,117.9917,0.010000000000000009,-0.002061142432807861
2026-02-23,5204.7001953125,0.0287392319566206,66.30999755859375,-0.0012050283444823,3.64,0.0243400411037322,9.543527938737915e-05,0.0286437966772332,1.77,117.9395,-0.030000000000000027,-0.00044240399960338017
2026-02-24,5155.7998046875,-0.0093954288988712,65.62999725341797,-0.0102548684996544,3.64,0.0243400411037322,9.543527938737915e-05,-0.0094908641782585,1.78,117.9463,0.010000000000000009,5.765667990798029e-05
2026-02-25,5206.39990234375,0.0098142091572768,65.41999816894531,-0.0031997423931283,3.64,0.0243400411037322,9.543527938737915e-05,0.0097187738778894,1.77,117.769,-0.010000000000000009,-0.0015032264683164653
2026-02-26,5176.5,-0.0057429131270323,65.20999908447266,-0.0032100136097579,3.64,0.0243400411037322,9.543527938737915e-05,-0.0058383484064196,1.74,117.9042,-0.030000000000000027,0.0011480100875442822
2026-02-27,5230.5,0.0104317589104607,67.0199966430664,0.0277564420181801,3.64,0.0243400411037322,9.543527938737915e-05,0.0103363236310733,1.72,117.8223,-0.020000000000000018,-0.000694631743398455
2026-03-02,5294.39990234375,0.0122167866062039,71.2300033569336,0.0628171728549726,3.64,0.0328595775286519,0.0001283068192372,0.0120884797869666,1.76,118.667,0.040000000000000036,0.007169271012363643
2026-03-03,5107.39990234375,-0.0353203391223276,74.55999755859375,0.0467498812961379,3.64,0.0328595775286519,0.0001283068192372,-0.0354486459415648,1.77,119.4341,0.010000000000000009,0.0064643076845289915
2026-03-04,5120.2001953125,0.002506224931178,74.66000366210938,0.0013412836211137,3.64,0.0328595775286519,0.0001283068192372,0.0023779181119407,1.8,119.0705,0.030000000000000027,-0.0030443566787040632
2026-03-05,5065.2998046875,-0.0107223132945584,81.01000213623047,0.0850522121973023,3.64,0.0328595775286519,0.0001283068192372,-0.0108506201137956,1.82,119.5683,0.020000000000000018,0.004180716466295253
2026-03-06,5146.10009765625,0.0159517296279236,90.9000015258789,0.1220836826175726,3.64,0.0328595775286519,0.0001283068192372,0.0158234228086863,1.8,119.491,-0.020000000000000018,-0.0006464924231589508
2026-03-09,5091.5,-0.0106099952624546,94.7699966430664,0.0425742029947682,3.64,0.0328595775286519,0.0001283068192372,-0.0107383020816918,1.78,119.5151,-0.020000000000000018,0.00020168883012106065
2026-03-10,5229.7001953125,0.0271433163728762,83.44999694824219,-0.1194470834209153,3.64,0.0328595775286519,0.0001283068192372,0.0270150095536389,1.82,118.7255,0.040000000000000036,-0.006606696559681602
2026-03-11,5167.39990234375,-0.0119127847949278,87.25,0.0455362874862017,3.64,0.0328595775286519,0.0001283068192372,-0.012041091614165,1.85,119.2885,0.030000000000000027,0.0047420309874457445
2026-03-12,5115.7998046875,-0.009985698539191,95.7300033569336,0.0971920155522474,3.64,0.0328595775286519,0.0001283068192372,-0.0101140053584282,1.89,119.8227,0.039999999999999813,0.004478218772136389
2026-03-13,5052.5,-0.0123733936244924,98.70999908447266,0.0311291718692208,3.64,0.0328595775286519,0.0001283068192372,-0.0125017004437296,1.92,120.5518,0.030000000000000027,0.006084823660291505
2026-03-16,4994.0,-0.0115784265215239,93.5,-0.0527808644797384,3.64,0.0328595775286519,0.0001283068192372,-0.0117067333407611,1.87,120.097,-0.04999999999999982,-0.003772652088148032
2026-03-17,5001.0,0.0014016820184221,96.20999908447266,0.028983947427515,3.64,0.0328595775286519,0.0001283068192372,0.0012733751991848,1.83,119.8328,-0.040000000000000036,-0.0021998884235242544
2026-03-18,4889.89990234375,-0.0222155764159668,96.31999969482422,0.0011433386487715,3.64,0.0328595775286519,0.0001283068192372,-0.022343883235204,1.86,119.9276,0.030000000000000027,0.0007911022691615699
2026-03-19,4600.7001953125,-0.059142255016843,96.13999938964844,-0.0018687739383937,3.64,0.0328595775286519,0.0001283068192372,-0.0592705618360802,1.88,120.1802,0.019999999999999796,0.0021062707833725547
2026-03-20,4570.39990234375,-0.006586017710874,98.31999969482422,0.022675268556435,3.64,0.0328595775286519,0.0001283068192372,-0.0067143245301112,2.01,120.2757,0.1299999999999999,0.0007946400488598737
2026-03-23,4404.10009765625,-0.0363862699634269,88.12999725341797,-0.1036411968372155,3.64,0.0328595775286519,0.0001283068192372,-0.0365145767826641,2.01,119.9371,0.0,-0.002815198747544212
2026-03-24,4399.2998046875,-0.0010899600059736,92.3499984741211,0.0478838233543625,3.64,0.0328595775286519,0.0001283068192372,-0.0012182668252108,2.06,120.1295,0.050000000000000266,0.0016041741879702087
2026-03-25,4549.7998046875,0.0342099894714247,90.31999969482422,-0.0219815789154098,3.64,0.0328595775286519,0.0001283068192372,0.0340816826521874,2.02,120.1282,-0.040000000000000036,-1.0821654963910632e-05
2026-03-26,4375.5,-0.038309334953139,94.4800033569336,0.0460584995146735,3.64,0.0328595775286519,0.0001283068192372,-0.0384376417723762,2.08,120.389,0.06000000000000005,0.002171013966745461
2026-03-27,4492.0,0.0266255285110272,99.63999938964844,0.0546146893456493,3.64,0.0328595775286519,0.0001283068192372,0.0264972216917899,2.13,120.8851,0.04999999999999982,0.004120808379503016
2026-03-30,4526.0,0.0075690115761353,102.87999725341795,0.0325170401808145,3.64,0.0328595775286519,0.0001283068192372,0.007440704756898,2.04,121.2851,-0.08999999999999986,0.0033089272375173007
2026-03-31,4647.60009765625,0.0268670122970062,101.37999725341795,-0.0145800937018412,3.64,0.0328595775286519,0.0001283068192372,0.0267387054777689,2.0,121.035,-0.040000000000000036,-0.002062083471094156
2026-04-01,4783.2001953125,0.0291763694825275,100.12000274658205,-0.0124284330338493,3.64,0.0377924583674156,0.0001472164741027,0.0290291530084247,2.02,120.1198,0.020000000000000018,-0.007561449167596157
2026-04-02,4651.5,-0.0275339082486166,111.54000091552734,0.1140631028332166,3.64,0.0377924583674156,0.0001472164741027,-0.0276811247227193,1.97,120.503,-0.050000000000000044,0.0031901485017458153
2026-04-06,4656.7998046875,0.0011393754030957,112.41000366210938,0.0077999169754436,3.64,0.0377924583674156,0.0001472164741027,0.0009921589289929,1.98,120.4302,0.010000000000000009,-0.0006041343369044272
2026-04-07,4657.10009765625,6.44848353685834e-05,112.9499969482422,0.0048037831913605,3.64,0.0377924583674156,0.0001472164741027,-8.273163873417921e-05,1.96,120.32,-0.020000000000000018,-0.0009150528687987824
2026-04-08,4749.5,0.0198406519950584,94.41000366210938,-0.1641433712886997,3.64,0.0377924583674156,0.0001472164741027,0.0196934355209556,1.96,119.0596,0.0,-0.01047539893617011
2026-04-09,4792.2001953125,0.0089904611669648,97.87000274658205,0.0366486489806301,3.64,0.0377924583674156,0.0001472164741027,0.008843244692862,1.95,118.8998,-0.010000000000000009,-0.0013421849225094817
2026-04-10,4761.89990234375,-0.0063228353853806,96.56999969482422,-0.0132829571398291,3.64,0.0377924583674156,0.0001472164741027,-0.0064700518594833,1.95,118.8552,0.0,-0.0003751057613217146
2026-04-13,4742.39990234375,-0.0040950041789837,99.08000183105467,0.0259915309533236,3.64,0.0377924583674156,0.0001472164741027,-0.0042422206530864,1.92,118.9916,-0.030000000000000027,0.0011476149129361346
2026-04-14,4825.0,0.0174173623813183,91.27999877929688,-0.0787242925677162,3.64,0.0377924583674156,0.0001472164741027,0.0172701459072155,1.89,118.3581,-0.030000000000000027,-0.005323905216838898
2026-04-15,4800.0,-0.005181347150259,91.29000091552734,0.0001095764281795,3.64,0.0377924583674156,0.0001472164741027,-0.0053285636243617,1.9,118.3623,0.010000000000000009,3.548553077492578e-05
2026-04-16,4785.39990234375,-0.0030416870117186,94.69000244140624,0.0372439641995951,3.64,0.0377924583674156,0.0001472164741027,-0.0031889034858213,1.93,118.3616,0.030000000000000027,-5.9140452661754495e-06
2026-04-17,4857.60009765625,0.0150875991110248,83.8499984741211,-0.1144788645875566,3.64,0.0377924583674156,0.0001472164741027,0.014940382636922,1.9,118.0795,-0.030000000000000027,-0.0023833743376230343
2026-04-20,4806.60009765625,-0.0104990116466373,89.61000061035156,0.0686941233279592,3.64,0.0377924583674156,0.0001472164741027,-0.01064622812074,1.91,118.2374,0.010000000000000009,0.0013372346596995932
2026-04-21,4698.39990234375,-0.022510754611198,92.12999725341795,0.0281218237462583,3.64,0.0377924583674156,0.0001472164741027,-0.0226579710853007,1.92,118.4331,0.010000000000000009,0.0016551446496624322
2026-04-22,4732.5,0.0072578108217735,92.95999908447266,0.009009029152271,3.64,0.0377924583674156,0.0001472164741027,0.0071105943476707,1.92,118.6004,0.0,0.0014126118458437364
2026-04-23,4705.10009765625,-0.0057897310816165,95.8499984741211,0.0310886340158231,3.64,0.0377924583674156,0.0001472164741027,-0.0059369475557192,1.92,118.7155,0.0,0.0009704857656467336
2026-04-24,4722.2998046875,0.003655545402704,94.4000015258789,-0.0151277722621318,3.64,0.0377924583674156,0.0001472164741027,0.0035083289286012,1.89,118.7294,-0.030000000000000027,0.00011708664833154359
2026-04-27,4675.39990234375,-0.0099315808575295,96.37000274658205,0.0208686566616533,3.64,0.0377924583674156,0.0001472164741027,-0.0100787973316322,1.91,118.5458,0.020000000000000018,-0.0015463735182692506
2026-04-28,4591.5,-0.0179449681516422,99.93000030517578,0.036940930342767,3.64,0.0377924583674156,0.0001472164741027,-0.0180921846257449,1.92,118.7717,0.010000000000000009,0.0019055926064017736
2026-04-29,4545.2001953125,-0.0100838080556463,106.87999725341795,0.0695486533275053,3.64,0.0377924583674156,0.0001472164741027,-0.010231024529749,1.96,119.0975,0.040000000000000036,0.00274307768601445
2026-04-30,4614.7001953125,0.0152908556308863,105.06999969482422,-0.0169348578322111,3.64,0.0377924583674156,0.0001472164741027,0.0151436391567835,1.94,118.671,-0.020000000000000018,-0.0035810995193013007
2026-05-01,4629.89990234375,0.0032937582915331,101.94000244140624,-0.0297896379795283,3.64,0.0416661468404964,0.0001620031825548,0.0031317551089782,1.91,118.3926,-0.030000000000000027,-0.002345981747857606
2026-05-04,4519.5,-0.0238449868619974,106.41999816894533,0.0439473770869693,3.64,0.0416661468404964,0.0001620031825548,-0.0240069900445522,1.95,118.8264,0.040000000000000036,0.003664080356373667
2026-05-05,4555.7998046875,0.008031818716119,102.2699966430664,-0.0389964442518655,3.64,0.0416661468404964,0.0001620031825548,0.0078698155335641,1.96,118.6207,0.010000000000000009,-0.0017310967933052979
2026-05-06,4681.89990234375,0.0276790252123249,95.08000183105467,-0.0703040485774688,3.64,0.0416661468404964,0.0001620031825548,0.02751702202977,1.94,118.0982,-0.020000000000000018,-0.004404796127488675
2026-05-07,4699.7998046875,0.0038232133785665,94.80999755859376,-0.0028397588058601,3.63,0.0416661468404964,0.0001620031825548,0.0036612101960116,1.96,118.0116,0.020000000000000018,-0.0007332880602752834
2026-05-08,4720.39990234375,0.0043831862020387,95.41999816894533,0.0064339270758295,3.63,0.0416661468404964,0.0001620031825548,0.0042211830194838,1.93,118.0392,-0.030000000000000027,0.00023387531395213657
2026-05-11,4718.7001953125,-0.0003600769143322,98.06999969482422,0.0277719720889846,3.63,0.0416661468404964,0.0001620031825548,-0.000522080096887,1.95,118.0562,0.020000000000000018,0.00014401995269386347
2026-05-12,4677.60009765625,-0.0087100464015659,102.18000030517578,0.0419088469780883,3.63,0.0416661468404964,0.0001620031825548,-0.0088720495841207,1.99,118.5238,0.040000000000000036,0.003960825437376414
2026-05-13,4697.7001953125,0.004297096211008,101.0199966430664,-0.0113525509751893,3.63,0.0416661468404964,0.0001620031825548,0.0041350930284531,1.99,118.4737,0.0,-0.0004226999134351317
2026-05-14,4678.10009765625,-0.004172275122156,101.16999816894533,0.0014848696383242,3.63,0.0416661468404964,0.0001620031825548,-0.0043342783047108,2.0,118.6696,0.010000000000000009,0.001653531543287734
2026-05-15,4555.7998046875,-0.0261431543608959,105.41999816894533,0.0420085013039424,3.63,0.0416661468404964,0.0001620031825548,-0.0263051575434507,2.1,119.2825,0.10000000000000009,0.005164759972225319
2026-05-18,4552.5,-0.0007243085361443,108.66000366210938,0.0307342586742569,3.63,0.0416661468404964,0.0001620031825548,-0.0008863117186991,2.13,119.0574,0.029999999999999805,-0.0018871167187139992
2026-05-19,4506.2998046875,-0.0101483130834706,107.7699966430664,-0.0081907508655212,3.62,0.0416661468404964,0.0001620031825548,-0.0103103162660254,2.18,119.451,0.050000000000000266,0.0033059683816376584
2026-05-20,4531.2998046875,0.0055477888918964,98.26000213623048,-0.0882434332658743,3.62,0.0416661468404964,0.0001620031825548,0.0053857857093415,2.13,119.1624,-0.050000000000000266,-0.00241605344450857
2026-05-21,4539.7998046875,0.0018758414508805,96.3499984741211,-0.0194382619640216,3.62,0.0416661468404964,0.0001620031825548,0.0017138382683256,2.18,119.369,0.050000000000000266,0.0017337683698883666
2026-05-22,4521.0,-0.0041411087484714,96.5999984741211,0.0025947068392238,3.62,0.0416661468404964,0.0001620031825548,-0.0043031119310262,2.16,119.2868,-0.020000000000000018,-0.0006886209987517766
2026-05-26,4500.39990234375,-0.0045565356461513,93.88999938964844,-0.0280538211933684,3.62,0.0416661468404964,0.0001620031825548,-0.0047185388287061,2.1,119.1696,-0.06000000000000005,-0.0009825060274900599
2026-05-27,4447.5,-0.0117544892657651,88.68000030517578,-0.055490458178095,3.62,0.0416661468404964,0.0001620031825548,-0.0119164924483199,2.09,119.1829,-0.010000000000000231,0.00011160564439260945
2026-05-28,4499.2998046875,0.0116469487774031,88.9000015258789,0.0024808437071044,3.62,0.0416661468404964,0.0001620031825548,0.0114849455948482,2.06,119.0318,-0.029999999999999805,-0.0012677993235606921
2026-05-29,4560.5,0.0136021598846869,87.36000061035156,-0.0173228446467353,3.62,0.0416661468404964,0.0001620031825548,0.013440156702132,2.07,118.8783,0.009999999999999787,-0.0012895713582421475
2026-06-01,4475.2001953125,-0.0187040466368819,92.16000366210938,0.0549450894942993,3.62,0.0416661468404964,0.0001620031825548,-0.0188660498194367,2.07,119.1653,0.0,0.0024142337163302052
2026-06-02,4489.10009765625,0.0031059844782608,93.76000213623048,0.0173610938643975,3.62,0.0416661468404964,0.0001620031825548,0.0029439812957059,2.07,119.0359,0.0,-0.001085886579398565
2026-06-03,4436.7001953125,-0.0116726963542442,96.0199966430664,0.0241040364264522,3.62,0.0416661468404964,0.0001620031825548,-0.011834699536799,2.11,119.3848,0.040000000000000036,0.002931048532417435
2026-06-04,4475.7998046875,0.0088127679702834,93.04000091552734,-0.0310351575892733,3.62,0.0416661468404964,0.0001620031825548,0.0086507647877285,2.11,119.3615,0.0,-0.00019516722396817343
2026-06-05,4337.10009765625,-0.0309888093935725,90.54000091552734,-0.0268701631061869,3.62,0.0416661468404964,0.0001620031825548,-0.0311508125761273,2.19,120.0831,0.08000000000000007,0.006045500433556894
2026-06-08,4335.89990234375,-0.0002767276026551,91.3000030517578,0.0083941034741046,3.62,0.0416661468404964,0.0001620031825548,-0.0004387307852099,2.21,120.034,0.020000000000000018,-0.000408883514832592
2026-06-09,4260.0,-0.0175049941311428,88.19999694824219,-0.0339540635256959,3.62,0.0416661468404964,0.0001620031825548,-0.0176669973136976,2.2,119.9617,-0.009999999999999787,-0.0006023293400204688
2026-06-10,4108.2001953125,-0.0356337569688967,90.02999877929688,0.020748320797886,3.62,0.0416661468404964,0.0001620031825548,-0.0357957601514515,2.21,119.9134,0.009999999999999787,-0.0004026285055980239
2026-06-11,4090.300048828125,-0.0043571748292109,87.70999908447266,-0.0257691850081166,3.62,0.0416661468404964,0.0001620031825548,-0.0045191780117657,2.16,120.1174,-0.04999999999999982,0.0017012277193375613
2026-06-12,4215.0,0.0304867490607692,84.87999725341797,-0.032265441347561,3.62,0.0416661468404964,0.0001620031825548,0.0303247458782143,2.17,119.5073,0.009999999999999787,-0.0050791975184277804
2026-06-15,4328.0,0.0268090154211151,80.75,-0.0486568966430034,3.63,0.0416661468404964,0.0001620031825548,0.0266470122385602,2.15,119.3158,-0.020000000000000018,-0.001602412572286438
2026-06-16,4330.89990234375,0.0006700328890365,76.05000305175781,-0.0582042965726586,3.63,0.0416661468404964,0.0001620031825548,0.0005080297064816,2.14,119.256,-0.009999999999999787,-0.0005011909571071005
2026-06-17,4358.89990234375,0.0064651690483188,76.79000091552734,0.0097304120193908,3.63,0.0416661468404964,0.0001620031825548,0.0063031658657639,2.23,119.3871,0.08999999999999986,0.0010993157576977275
2026-06-18,4224.10009765625,-0.0309251893155469,76.5999984741211,-0.0024743122690578,3.63,0.0416661468404964,0.0001620031825548,-0.0310871924981017,2.21,120.3958,-0.020000000000000018,0.008448986532045621
2026-06-22,4181.89990234375,-0.0099903397970882,74.81999969482422,-0.0232375824380497,3.63,0.0416661468404964,0.0001620031825548,-0.010152342979643,2.28,120.5463,0.06999999999999984,0.001250043606172424
2026-06-23,4129.89990234375,-0.0124345396146035,73.20999908447266,-0.0215183188575037,3.63,0.0416661468404964,0.0001620031825548,-0.0125965427971583,2.29,121.0552,0.010000000000000231,0.004221614433624232
2026-06-24,3990.300048828125,-0.0338022365714968,70.33999633789062,-0.0392023327752061,3.63,0.0416661468404964,0.0001620031825548,-0.0339642397540516,2.23,121.412,-0.06000000000000005,0.00294741572439694
2026-06-25,4030.5,0.0100744181339649,71.91999816894531,0.0224623530468337,3.63,0.0416661468404964,0.0001620031825548,0.00991241495141,2.19,121.0559,-0.040000000000000036,-0.002932988501960332
2026-06-26,4078.699951171875,0.0119588019282657,69.2300033569336,-0.0374025984496374,3.63,0.0416661468404964,0.0001620031825548,0.0117967987457108,2.18,120.8866,-0.009999999999999787,-0.0013985274571498563
2026-06-29,4022.300048828125,-0.0138279115941208,70.75,0.0219557499546787,3.63,0.0416661468404964,0.0001620031825548,-0.0139899147766756,2.16,120.9525,-0.020000000000000018,0.0005451389980362098
2026-06-30,4022.89990234375,0.0001491319663733,69.5,-0.0176678445229682,3.63,0.0416661468404964,0.0001620031825548,-1.287121618158177e-05,2.2,120.9248,0.040000000000000036,-0.0002290155226224444
2026-07-01,4068.300048828125,0.0112854278223339,68.58000183105469,-0.0132373837258318,3.63,0.0416661468404964,0.0001620031825548,0.011123424639779,2.25,121.1455,0.04999999999999982,0.0018251012199317351
2026-07-02,4112.7001953125,0.0109136853111815,68.69000244140625,0.0016039750279177,3.63,0.0416661468404964,0.0001620031825548,0.0107516821286266,2.26,120.6902,0.009999999999999787,-0.003758290650498708
2026-07-06,4155.10009765625,0.0103095047852201,68.55000305175781,-0.0020381334207676,3.63,0.0416661468404964,0.0001620031825548,0.0101475016026652,2.24,120.6902,-0.019999999999999574,0.0
2026-07-07,4145.2998046875,-0.0023586177801776,70.44000244140625,0.0275711058425689,3.63,0.0416661468404964,0.0001620031825548,-0.0025206209627324,2.3,120.6902,0.05999999999999961,0.0
2026-07-08,4070.89990234375,-0.0179480148238297,73.5199966430664,0.043725072329777,3.62,0.0416661468404964,0.0001620031825548,-0.0181100180063845,2.31,120.6902,0.010000000000000231,0.0
2026-07-09,4130.60009765625,0.0146651101094694,72.08000183105469,-0.0195864374015517,3.62,0.0416661468404964,0.0001620031825548,0.0145031069269145,2.31,120.6902,0.0,0.0
2026-07-10,4104.10009765625,-0.0064155327006931,71.41000366210938,-0.0092952018857559,3.62,0.0416661468404964,0.0001620031825548,-0.0065775358832479,2.31,120.6902,0.0,0.0
