date,gold_close,gold_return,oil_close,oil_return,fed_funds_rate,inflation_annual_rate,inflation_daily_rate,real_gold_return
2016-08-01,1351.4000244140625,0.0017791137242864,40.060001373291016,-0.0370191624355008,0.4,0.010553158595656864,4.165905306385831e-05,0.0017374546712225418
2016-08-02,1364.4000244140625,0.0096196535186807,39.5099983215332,-0.0137294816001807,0.4,0.010553158595656864,4.165905306385831e-05,0.009577994465616841
2016-08-03,1356.0999755859375,-0.0060832957194423,40.83000183105469,0.0334093537230568,0.4,0.010553158595656864,4.165905306385831e-05,-0.006124954772506158
2016-08-04,1358.800048828125,0.0019910576585777,41.93000030517578,0.0269409361937489,0.4,0.010553158595656864,4.165905306385831e-05,0.0019493986055138415
2016-08-05,1336.4000244140625,-0.0164851513166937,41.79999923706055,-0.0031004308888399,0.4,0.010553158595656864,4.165905306385831e-05,-0.016526810369757557
2016-08-08,1333.4000244140625,-0.0022448368341771,43.02000045776367,0.0291866326069558,0.4,0.010553158595656864,4.165905306385831e-05,-0.002286495887240958
2016-08-09,1339.0,0.0041997716239718,42.77000045776367,-0.0058112505192892,0.4,0.010553158595656864,4.165905306385831e-05,0.004158112570907942
2016-08-10,1344.300048828125,0.0039582142106981,41.709999084472656,-0.0247837587548728,0.4,0.010553158595656864,4.165905306385831e-05,0.003916555157634242
2016-08-11,1342.5,-0.0013390231070021,43.4900016784668,0.0426756804858521,0.4,0.010553158595656864,4.165905306385831e-05,-0.0013806821600659584
2016-08-12,1335.800048828125,-0.0049906526419924,44.4900016784668,0.0229937907888178,0.4,0.010553158595656864,4.165905306385831e-05,-0.0050323116950562585
2016-08-15,1340.300048828125,0.0033687676564675,45.7400016784668,0.0280962003335909,0.4,0.010553158595656864,4.165905306385831e-05,0.003327108603403642
2016-08-16,1350.5,0.0076101998062247,46.58000183105469,0.0183646725352732,0.4,0.010553158595656864,4.165905306385831e-05,0.007568540753160841
2016-08-17,1342.699951171875,-0.0057756748079415,46.790000915527344,0.0045083528599745,0.4,0.010553158595656864,4.165905306385831e-05,-0.005817333861005358
2016-08-18,1351.199951171875,0.0063305282707291,48.220001220703125,0.0305620918400373,0.4,0.010553158595656864,4.165905306385831e-05,0.006288869217665242
2016-08-19,1340.4000244140625,-0.0079928412878093,48.52000045776367,0.0062214688815009,0.4,0.010553158595656864,4.165905306385831e-05,-0.008034500340873158
2016-08-22,1337.699951171875,-0.0020143786877113,47.04999923706055,-0.030296809703923,0.4,0.010553158595656864,4.165905306385831e-05,-0.0020560377407751584
2016-08-23,1340.5999755859375,0.0021679184569918,48.09999847412109,0.0223166685246931,0.4,0.010553158595656864,4.165905306385831e-05,0.0021262594039279416
2016-08-24,1324.4000244140625,-0.0120841052266873,46.77000045776367,-0.0276506872879214,0.4,0.010553158595656864,4.165905306385831e-05,-0.012125764279751159
2016-08-25,1320.0999755859375,-0.0032467900550118,47.33000183105469,0.0119735165236256,0.4,0.010553158595656864,4.165905306385831e-05,-0.0032884491080756584
2016-08-26,1321.5,0.0010605442314632,47.63999938964844,0.0065497051891163,0.4,0.010553158595656864,4.165905306385831e-05,0.0010188851783993417
2016-08-29,1322.9000244140625,0.001059420668984,46.97999954223633,-0.013853901256672,0.4,0.010553158595656864,4.165905306385831e-05,0.0010177616159201418
2016-08-30,1311.699951171875,-0.008466303602306,46.34999847412109,-0.0134099845520186,0.4,0.010553158595656864,4.165905306385831e-05,-0.008507962655369858
2016-08-31,1306.9000244140625,-0.0036593176309294,44.70000076293945,-0.0355986572923598,0.3,0.010553158595656864,4.165905306385831e-05,-0.0037009766839932582
2016-09-01,1312.199951171875,0.0040553421522726,43.15999984741211,-0.0344519214595663,0.4,0.015486446201652182,6.0985014384007386e-05,0.0039943571378885925
2016-09-02,1322.0999755859375,0.00754460050484,44.43999862670898,0.0296570617196985,0.4,0.015486446201652182,6.0985014384007386e-05,0.0074836154904559925
2016-09-06,1349.4000244140625,0.0206490048651775,44.83000183105469,0.0087759499639432,0.4,0.015486446201652182,6.0985014384007386e-05,0.020588019850793494
2016-09-07,1344.300048828125,-0.0037794393757715,45.5,0.0149453076417496,0.4,0.015486446201652182,6.0985014384007386e-05,-0.0038404243901555076
2016-09-08,1336.800048828125,-0.0055791116027541,47.619998931884766,0.0465933831183464,0.4,0.015486446201652182,6.0985014384007386e-05,-0.005640096617138108
2016-09-09,1330.0999755859375,-0.0050120234870285,45.880001068115234,-0.0365392251742467,0.4,0.015486446201652182,6.0985014384007386e-05,-0.005073008501412507
2016-09-12,1321.0,-0.0068415726283498,46.290000915527344,0.0089363521767011,0.4,0.015486446201652182,6.0985014384007386e-05,-0.006902557642733807
2016-09-13,1319.0,-0.0015140045420136,44.900001525878906,-0.0300280700401148,0.4,0.015486446201652182,6.0985014384007386e-05,-0.0015749895563976074
2016-09-14,1321.5,0.0018953752843062,43.58000183105469,-0.0293986559012344,0.4,0.015486446201652182,6.0985014384007386e-05,0.0018343902699221926
2016-09-15,1313.5,-0.006053726825577,43.90999984741211,0.0075722350273577,0.4,0.015486446201652182,6.0985014384007386e-05,-0.006114711839961007
2016-09-16,1305.800048828125,-0.0058621630543395,43.02999877929688,-0.0200410173348497,0.4,0.015486446201652182,6.0985014384007386e-05,-0.005923148068723507
2016-09-19,1313.5,0.0058967306509025,43.29999923706055,0.0062747028915459,0.4,0.015486446201652182,6.0985014384007386e-05,0.005835745636518492
2016-09-20,1313.699951171875,0.0001522277669394,43.43999862670898,0.0032332423121295,0.4,0.015486446201652182,6.0985014384007386e-05,9.124275255539263e-05
2016-09-21,1326.9000244140625,0.0100480122804393,45.34000015258789,0.0437385263799408,0.4,0.015486446201652182,6.0985014384007386e-05,0.009987027266055293
2016-09-22,1340.4000244140625,0.0101740897969773,46.31999969482422,0.0216144582915356,0.4,0.015486446201652182,6.0985014384007386e-05,0.010113104782593292
2016-09-23,1337.199951171875,-0.0023874016591325,44.47999954223633,-0.0397236650412476,0.4,0.015486446201652182,6.0985014384007386e-05,-0.002448386673516507
2016-09-26,1339.699951171875,0.0018695782914208,45.93000030517578,0.0325989383512155,0.4,0.015486446201652182,6.0985014384007386e-05,0.0018085932770367926
2016-09-27,1325.9000244140625,-0.0103007593198322,44.66999816894531,-0.0274330966222197,0.4,0.015486446201652182,6.0985014384007386e-05,-0.010361744334216208
2016-09-28,1319.4000244140625,-0.004902330402228,47.04999923706055,0.053279632094765,0.4,0.015486446201652182,6.0985014384007386e-05,-0.004963315416612007
2016-09-29,1321.699951171875,0.0017431610696185,47.83000183105469,0.0165781637968602,0.4,0.015486446201652182,6.0985014384007386e-05,0.0016821760552344926
2016-09-30,1313.300048828125,-0.0063553776606425,48.2400016784668,0.0085720224067795,0.29,0.015486446201652182,6.0985014384007386e-05,-0.006416362675026507
2016-10-03,1309.0,-0.0032742318345011,48.810001373291016,0.0118159136606881,0.4,0.01685924966243646,6.634628776147622e-05,-0.0033405781222625762
2016-10-04,1266.300048828125,-0.0326202835537624,48.68999862670898,-0.0024585688015918,0.4,0.01685924966243646,6.634628776147622e-05,-0.03268662984152387
2016-10-05,1265.199951171875,-0.0008687495963283,49.83000183105469,0.0234134983877438,0.4,0.01685924966243646,6.634628776147622e-05,-0.0009350958840897763
2016-10-06,1249.800048828125,-0.0121719119017401,50.43999862670898,0.0122415567577631,0.4,0.01685924966243646,6.634628776147622e-05,-0.012238258189501576
2016-10-07,1248.9000244140625,-0.0007201347246756,49.810001373291016,-0.0124900331199527,0.4,0.01685924966243646,6.634628776147622e-05,-0.0007864810124370762
2016-10-11,1253.0,0.0032828693296416,50.790000915527344,0.019674754370953,0.41,0.01685924966243646,6.634628776147622e-05,0.0032165230418801237
2016-10-12,1251.0999755859375,-0.001516380218725,50.18000030517578,-0.0120102500365396,0.41,0.01685924966243646,6.634628776147622e-05,-0.0015827265064864763
2016-10-13,1255.0,0.003117276388912,50.43999862670898,0.0051813136698284,0.41,0.01685924966243646,6.634628776147622e-05,0.0030509301011505236
2016-10-14,1253.0999755859375,-0.0015139636765437,50.34999847412109,-0.0017843012497671,0.41,0.01685924966243646,6.634628776147622e-05,-0.0015803099643051763
2016-10-17,1254.4000244140625,0.0010374661666696,49.93999862670898,-0.0081429962231843,0.41,0.01685924966243646,6.634628776147622e-05,0.0009711198789081237
2016-10-18,1260.800048828125,0.0051020601797675,50.290000915527344,0.0070084561161996,0.41,0.01685924966243646,6.634628776147622e-05,0.0050357138920060236
2016-10-19,1267.9000244140625,0.0056313255956301,51.59999847412109,0.0260488672647702,0.41,0.01685924966243646,6.634628776147622e-05,0.005564979307868624
2016-10-20,1265.5999755859375,-0.00181406166404,50.43000030517578,-0.0226743837896061,0.41,0.01685924966243646,6.634628776147622e-05,-0.0018804079518014761
2016-10-21,1265.9000244140625,0.0002370803049249,50.84999847412109,0.00832833960745,0.41,0.01685924966243646,6.634628776147622e-05,0.00017073401716342378
2016-10-24,1262.0,-0.0030808312969798,50.52000045776367,-0.0064896367012747,0.41,0.01685924966243646,6.634628776147622e-05,-0.0031471775847412764
2016-10-25,1271.9000244140625,0.0078447103122523,49.959999084472656,-0.0110847460058752,0.41,0.01685924966243646,6.634628776147622e-05,0.007778364024490824
2016-10-26,1264.800048828125,-0.0055821805563753,49.18000030517578,-0.0156124658444858,0.41,0.01685924966243646,6.634628776147622e-05,-0.005648526844136776
2016-10-27,1267.9000244140625,0.0024509609948304,49.720001220703125,0.0109800917482001,0.41,0.01685924966243646,6.634628776147622e-05,0.002384614707068924
2016-10-28,1275.5,0.0059941442066377,48.70000076293945,-0.0205148920499009,0.41,0.01685924966243646,6.634628776147622e-05,0.005927797918876224
2016-10-31,1271.5,-0.0031360250882006,46.86000061035156,-0.0377823434037423,0.31,0.01685924966243646,6.634628776147622e-05,-0.003202371375962076
2016-11-01,1286.4000244140625,0.011718461985106,46.66999816894531,-0.0040546828623873,0.41,0.016843334719788938,6.628417570753165e-05,0.011652177809398468
2016-11-02,1306.800048828125,0.0158582276328504,45.34000015258789,-0.0284979230456112,0.41,0.016843334719788938,6.628417570753165e-05,0.015791943457142868
2016-11-03,1302.0999755859375,-0.0035966276909786,44.65999984741211,-0.0149978011223488,0.41,0.016843334719788938,6.628417570753165e-05,-0.0036629118666861317
2016-11-04,1303.300048828125,0.0009216444702315,44.06999969482422,-0.0132109304658244,0.41,0.016843334719788938,6.628417570753165e-05,0.0008553602945239684
2016-11-07,1278.300048828125,-0.0191820755492788,44.88999938964844,0.0186067551736452,0.41,0.016843334719788938,6.628417570753165e-05,-0.01924835972498633
2016-11-08,1273.4000244140625,-0.0038332349424179,44.97999954223633,0.0020049042952012,0.41,0.016843334719788938,6.628417570753165e-05,-0.0038995191181254315
2016-11-09,1272.5999755859375,-0.0006282776918377,45.27000045776367,0.0064473303352312,0.41,0.016843334719788938,6.628417570753165e-05,-0.0006945618675452316
2016-11-10,1265.5,-0.0055791102641413,44.65999984741211,-0.0134747206579042,0.41,0.016843334719788938,6.628417570753165e-05,-0.005645394439848832
2016-11-14,1221.199951171875,-0.035005965095318,43.31999969482422,-0.030004481799512,0.41,0.016843334719788938,6.628417570753165e-05,-0.03507224927102553
2016-11-15,1224.0,0.0022928668032111,45.810001373291016,0.0574792635274254,0.41,0.016843334719788938,6.628417570753165e-05,0.002226582627503568
2016-11-16,1223.4000244140625,-0.0004901761323018,45.56999969482422,-0.0052390672619959,0.41,0.016843334719788938,6.628417570753165e-05,-0.0005564603080093316
2016-11-17,1216.5,-0.0056400394608192,45.41999816894531,-0.0032916727426693,0.41,0.016843334719788938,6.628417570753165e-05,-0.005706323636526732
2016-11-18,1208.5,-0.0065762433210029,45.68999862670898,0.0059445281516605,0.41,0.016843334719788938,6.628417570753165e-05,-0.006642527496710432
2016-11-21,1209.5999755859375,0.0009101990781443,47.4900016784668,0.0393959970641273,0.41,0.016843334719788938,6.628417570753165e-05,0.0008439149024367684
2016-11-22,1211.0,0.0011574276143517,48.02999877929688,0.0113707534585101,0.41,0.016843334719788938,6.628417570753165e-05,0.0010911434386441684
2016-11-23,1189.0999755859375,-0.0180842480710673,47.959999084472656,-0.0014574161274888,0.41,0.016843334719788938,6.628417570753165e-05,-0.01815053224677483
2016-11-25,1178.199951171875,-0.0091666173054048,46.060001373291016,-0.0396162999885623,0.41,0.016843334719788938,6.628417570753165e-05,-0.009232901481112332
2016-11-28,1190.5999755859375,0.0105245501001158,47.08000183105469,0.0221450375022165,0.41,0.016843334719788938,6.628417570753165e-05,0.010458265924408268
2016-11-29,1187.9000244140625,-0.0022677231876695,45.22999954223633,-0.0392948644194416,0.41,0.016843334719788938,6.628417570753165e-05,-0.0023340073633770315
2016-11-30,1170.800048828125,-0.014395130258855,49.43999862670898,0.0930797949830024,0.31,0.016843334719788938,6.628417570753165e-05,-0.014461414434562532
2016-12-01,1166.9000244140625,-0.0033310764019578,51.060001373291016,0.0327670467552734,0.41,0.020507989115119862,8.056091098840312e-05,-0.003411637312946203
2016-12-02,1175.0999755859375,0.00702712400404,51.68000030517578,0.0121425561145613,0.41,0.020507989115119862,8.056091098840312e-05,0.006946563093051597
2016-12-05,1174.0,-0.000936069788776,51.790000915527344,0.0021284947697755,0.41,0.020507989115119862,8.056091098840312e-05,-0.0010166306997644032
2016-12-06,1167.5999755859375,-0.0054514688365098,50.93000030517578,-0.016605533793179,0.41,0.020507989115119862,8.056091098840312e-05,-0.005532029747498203
2016-12-07,1175.0,0.0063378079554592,49.77000045776367,-0.022776356576896,0.41,0.020507989115119862,8.056091098840312e-05,0.0062572470444707965
2016-12-08,1169.800048828125,-0.0044254903590426,50.84000015258789,0.0214988885871569,0.41,0.020507989115119862,8.056091098840312e-05,-0.004506051270031003
2016-12-09,1159.4000244140625,-0.0088904291160536,51.5,0.01298190097229,0.41,0.020507989115119862,8.056091098840312e-05,-0.008970990027042004
2016-12-12,1163.5,0.003536290753495,52.83000183105469,0.0258252782729064,0.41,0.020507989115119862,8.056091098840312e-05,0.003455729842506597
2016-12-13,1156.699951171875,-0.005844476861302,52.97999954223633,0.0028392524320048,0.41,0.020507989115119862,8.056091098840312e-05,-0.005925037772290403
2016-12-14,1161.300048828125,0.0039769152333668,51.040000915527344,-0.0366175659394333,0.41,0.020507989115119862,8.056091098840312e-05,0.003896354322378397
2016-12-15,1127.800048828125,-0.0288469806178042,50.900001525878906,-0.002742934700964,0.66,0.020507989115119862,8.056091098840312e-05,-0.028927541528792605
2016-12-16,1135.300048828125,0.0066501149807478,51.900001525878906,0.0196463648334386,0.66,0.020507989115119862,8.056091098840312e-05,0.006569554069759397
2016-12-19,1140.5,0.0045802439427731,52.119998931884766,0.0042388708966831,0.66,0.020507989115119862,8.056091098840312e-05,0.004499683031784697
2016-12-20,1131.5,-0.0078912757562472,52.22999954223633,0.0021105259517621,0.66,0.020507989115119862,8.056091098840312e-05,-0.007971836667235603
2016-12-21,1131.0999755859375,-0.0003535346125165,52.4900016784668,0.004978022946759,0.66,0.020507989115119862,8.056091098840312e-05,-0.0004340955235049031
2016-12-22,1128.800048828125,-0.0020333540866899,52.95000076293945,0.0087635562919283,0.66,0.020507989115119862,8.056091098840312e-05,-0.002113914997678303
2016-12-23,1131.9000244140625,0.0027462574874583,53.02000045776367,0.0013219961060551,0.66,0.020507989115119862,8.056091098840312e-05,0.002665696576469897
2016-12-27,1137.300048828125,0.0047707609308145,53.900001525878906,0.0165975303756598,0.66,0.020507989115119862,8.056091098840312e-05,0.004690200019826097
2016-12-28,1139.4000244140625,0.0018464569557534,54.060001373291016,0.0029684571963377,0.66,0.020507989115119862,8.056091098840312e-05,0.001765896044764997
2016-12-29,1156.4000244140625,0.0149201330838502,53.77000045776367,-0.0053644267140293,0.66,0.020507989115119862,8.056091098840312e-05,0.014839572172861797
2016-12-30,1150.0,-0.0055344381519754,53.720001220703125,-0.0009298723569812,0.55,0.020507989115119862,8.056091098840312e-05,-0.005614999062963803
2017-01-03,1160.4000244140625,0.0090434994904891,52.33000183105469,-0.0258748949751093,0.66,0.025103933482571117,9.839375292508556e-05,0.008945105737564015
2017-01-04,1163.800048828125,0.0029300451073148,53.2599983215332,0.0177717649137671,0.66,0.025103933482571117,9.839375292508556e-05,0.0028316513543897143
2017-01-05,1179.699951171875,0.0136620567766432,53.7599983215332,0.0093879086698702,0.66,0.025103933482571117,9.839375292508556e-05,0.013563663023718114
2017-01-06,1171.9000244140625,-0.0066117886586876,53.9900016784668,0.004278336386061,0.66,0.025103933482571117,9.839375292508556e-05,-0.006710182411612685
2017-01-09,1183.5,0.0098984344605141,51.959999084472656,-0.0375996023501473,0.66,0.025103933482571117,9.839375292508556e-05,0.009800040707589015
2017-01-10,1184.199951171875,0.0005914247333123,50.81999969482422,-0.0219399424506361,0.66,0.025103933482571117,9.839375292508556e-05,0.0004930309803872144
2017-01-11,1195.5999755859375,0.0096267732512411,52.25,0.0281385343125339,0.66,0.025103933482571117,9.839375292508556e-05,0.009528379498316015
2017-01-12,1198.9000244140625,0.0027601613378318,53.0099983215332,0.0145454224216881,0.66,0.025103933482571117,9.839375292508556e-05,0.0026617675849067144
2017-01-13,1195.300048828125,-0.0030027320982806,52.369998931884766,-0.0120731826054116,0.66,0.025103933482571117,9.839375292508556e-05,-0.0031011258512056855
2017-01-17,1212.0,0.0139713465152517,52.47999954223633,0.0021004508801811,0.66,0.025103933482571117,9.839375292508556e-05,0.013872952762326614
2017-01-18,1211.300048828125,-0.0005775174685437,51.08000183105469,-0.0266767858878297,0.66,0.025103933482571117,9.839375292508556e-05,-0.0006759112214687855
2017-01-19,1200.9000244140625,-0.0085858367001008,51.369998931884766,0.0056773118722515,0.66,0.025103933482571117,9.839375292508556e-05,-0.008684230453025885
2017-01-20,1204.300048828125,0.0028312301981352,52.41999816894531,0.0204399310666292,0.66,0.025103933482571117,9.839375292508556e-05,0.0027328364452101146
2017-01-23,1215.0,0.008884788456404,52.75,0.00629534228504,0.66,0.025103933482571117,9.839375292508556e-05,0.008786394703478915
2017-01-24,1210.300048828125,-0.0038682725694444,53.18000030517578,0.0081516645530954,0.66,0.025103933482571117,9.839375292508556e-05,-0.003966666322369486
2017-01-25,1197.300048828125,-0.0107411381273488,52.75,-0.0080857522133923,0.66,0.025103933482571117,9.839375292508556e-05,-0.010839531880273886
2017-01-26,1189.5,-0.0065146984966378,53.77999877929688,0.0195260432094195,0.66,0.025103933482571117,9.839375292508556e-05,-0.006613092249562885
2017-01-27,1188.0999755859375,-0.001176985636034,53.16999816894531,-0.0113425181144926,0.66,0.025103933482571117,9.839375292508556e-05,-0.0012753793889590855
2017-01-30,1193.199951171875,0.0042925475050383,52.630001068115234,-0.0101560488889667,0.66,0.025103933482571117,9.839375292508556e-05,0.0041941537521132145
2017-01-31,1208.5999755859375,0.0129064909858047,52.810001373291016,0.0034201083321814,0.56,0.025103933482571117,9.839375292508556e-05,0.012808097232879614
2017-02-01,1205.5999755859375,-0.0024822108725806,53.880001068115234,0.0202613078394158,0.66,0.028103616813294208,0.00010999000289735328,-0.0025922008754779534
2017-02-02,1216.699951171875,0.0092070137779678,53.540000915527344,-0.0063103219348132,0.66,0.028103616813294208,0.00010999000289735328,0.009097023775070446
2017-02-03,1218.5,0.0014794517139506,53.83000183105469,0.0054165280270519,0.66,0.028103616813294208,0.00010999000289735328,0.0013694617110532467
2017-02-06,1230.0,0.0094378334017233,53.0099983215332,-0.0152332060492039,0.66,0.028103616813294208,0.00010999000289735328,0.009327843398825947
2017-02-07,1234.199951171875,0.0034145944486787,52.16999816894531,-0.015846070160064,0.66,0.028103616813294208,0.00010999000289735328,0.0033046044457813468
2017-02-08,1237.5999755859375,0.0027548408269131,52.34000015258789,0.0032586158637009,0.66,0.028103616813294208,0.00010999000289735328,0.002644850824015747
2017-02-09,1235.0999755859375,-0.0020200388245938,53.0,0.0126098556646541,0.66,0.028103616813294208,0.00010999000289735328,-0.0021300288274911532
2017-02-10,1234.4000244140625,-0.0005667162057411,53.86000061035156,0.0162264266104068,0.66,0.028103616813294208,0.00010999000289735328,-0.0006767062086384533
2017-02-13,1224.4000244140625,-0.0081011015896137,52.93000030517578,-0.0172669939590948,0.66,0.028103616813294208,0.00010999000289735328,-0.008211091592511053
2017-02-14,1223.9000244140625,-0.0004083632718312,53.20000076293945,0.0051010855130728,0.66,0.028103616813294208,0.00010999000289735328,-0.0005183532747285533
2017-02-15,1231.699951171875,0.0063730097248315,53.11000061035156,-0.0016917321672406,0.66,0.028103616813294208,0.00010999000289735328,0.006263019721934147
2017-02-16,1240.0,0.0067386938030062,53.36000061035156,0.004707211393842,0.66,0.028103616813294208,0.00010999000289735328,0.006628703800108847
2017-02-17,1237.5999755859375,-0.0019355035597278,53.400001525878906,0.0007496423363906,0.66,0.028103616813294208,0.00010999000289735328,-0.0020454935626251533
2017-02-21,1237.5,-8.078182604209783e-05,54.060001373291016,0.0123595473511786,0.66,0.028103616813294208,0.00010999000289735328,-0.0001907718289394511
2017-02-22,1232.0,-0.0044444444444444,53.59000015258789,-0.0086940660148657,0.66,0.028103616813294208,0.00010999000289735328,-0.0045544344473417535
2017-02-23,1250.199951171875,0.0147726876395088,54.45000076293945,0.0160477814499508,0.66,0.028103616813294208,0.00010999000289735328,0.014662697636611446
2017-02-24,1256.9000244140625,0.0053592013308809,53.9900016784668,-0.0084481006065614,0.66,0.028103616813294208,0.00010999000289735328,0.005249211327983547
2017-02-27,1257.4000244140625,0.0003978041135237,54.04999923706055,0.0011112716563903,0.66,0.028103616813294208,0.00010999000289735328,0.00028781411062634674
2017-02-28,1252.5999755859375,-0.0038174397446523,54.0099983215332,-0.0007400724531354,0.57,0.028103616813294208,0.00010999000289735328,-0.003927429747549654
2017-03-01,1248.9000244140625,-0.0029538170557158,53.83000183105469,-0.0033326512881366,0.66,0.0244119623655914,9.571391644014327e-05,-0.0030495309721559434
2017-03-02,1231.9000244140625,-0.013611978275023,52.61000061035156,-0.0226639639458325,0.66,0.0244119623655914,9.571391644014327e-05,-0.013707692191463143
2017-03-03,1225.5,-0.0051952466005563,53.33000183105469,0.0136856341446507,0.66,0.0244119623655914,9.571391644014327e-05,-0.005290960516996443
2017-03-06,1224.5,-0.0008159934720521,53.20000076293945,-0.0024376722979884,0.66,0.0244119623655914,9.571391644014327e-05,-0.0009117073884922432
2017-03-07,1215.0999755859375,-0.0076766226329624,53.13999938964844,-0.0011278453464387,0.66,0.0244119623655914,9.571391644014327e-05,-0.007772336549402543
2017-03-08,1208.5,-0.0054316317328167,50.27999877929688,-0.053820109958614,0.66,0.0244119623655914,9.571391644014327e-05,-0.005527345649256843
2017-03-09,1202.4000244140625,-0.0050475594422321,49.27999877929688,-0.0198886241900975,0.66,0.0244119623655914,9.571391644014327e-05,-0.005143273358672243
2017-03-10,1200.699951171875,-0.0014138998733104,48.4900016784668,-0.0160307857223804,0.66,0.0244119623655914,9.571391644014327e-05,-0.0015096137897505433
2017-03-13,1202.4000244140625,0.0014159018167096,48.400001525878906,-0.0018560558769347,0.66,0.0244119623655914,9.571391644014327e-05,0.0013201879002694566
2017-03-14,1201.9000244140625,-0.00041583498823,47.720001220703125,-0.0140495926392107,0.66,0.0244119623655914,9.571391644014327e-05,-0.0005115489046701433
2017-03-15,1200.0999755859375,-0.00149766934983,48.86000061035156,0.0238893411669456,0.66,0.0244119623655914,9.571391644014327e-05,-0.0015933832662701432
2017-03-16,1226.5,0.0219981876103054,48.75,-0.0022513427952814,0.91,0.0244119623655914,9.571391644014327e-05,0.021902473693865256
2017-03-17,1229.800048828125,0.0026906227705869,48.77999877929688,0.0006153595753204,0.91,0.0244119623655914,9.571391644014327e-05,0.0025949088541467567
2017-03-20,1233.5999755859375,0.0030898736436328,48.220001220703125,-0.0114800650391041,0.91,0.0244119623655914,9.571391644014327e-05,0.002994159727192657
2017-03-21,1246.0999755859375,0.0101329444288151,47.34000015258789,-0.0182497106146362,0.91,0.0244119623655914,9.571391644014327e-05,0.010037230512374956
2017-03-22,1249.300048828125,0.0025680710255071,48.040000915527344,0.0147866658361468,0.91,0.0244119623655914,9.571391644014327e-05,0.0024723571090669565
2017-03-23,1246.9000244140625,-0.0019210952695581,47.70000076293945,-0.0070774385118297,0.91,0.0244119623655914,9.571391644014327e-05,-0.0020168091859982433
2017-03-24,1248.199951171875,0.0010425268524822,47.970001220703125,0.005660386864678,0.91,0.0244119623655914,9.571391644014327e-05,0.0009468129360420568
2017-03-27,1255.4000244140625,0.0057683652650584,47.72999954223633,-0.0050031618169569,0.91,0.0244119623655914,9.571391644014327e-05,0.005672651348618257
2017-03-28,1255.300048828125,-7.963643778341467e-05,48.369998931884766,0.0134087449358155,0.91,0.0244119623655914,9.571391644014327e-05,-0.00017535035422355794
2017-03-29,1253.4000244140625,-0.0015136018004908,49.5099983215332,0.0235683153777572,0.91,0.0244119623655914,9.571391644014327e-05,-0.0016093157169309433
2017-03-30,1245.0,-0.0067017905301137,50.34999847412109,0.0169662730976614,0.91,0.0244119623655914,9.571391644014327e-05,-0.006797504446553844
2017-03-31,1247.300048828125,0.0018474287776104,50.59999847412109,0.0049652434473954,0.82,0.0244119623655914,9.571391644014327e-05,0.0017517148611702568
2017-04-03,1250.800048828125,0.0028060609821096,50.2400016784668,-0.0071145613934833,0.91,0.02176223471915395,8.543546554906634e-05,0.0027206255165605335
2017-04-04,1255.0,0.0033578118067791,51.02999877929688,0.0157244640612477,0.91,0.02176223471915395,8.543546554906634e-05,0.003272376341230034
2017-04-05,1245.4000244140625,-0.007649382937002,51.150001525878906,0.002351611786256,0.91,0.02176223471915395,8.543546554906634e-05,-0.007734818402551066
2017-04-06,1250.300048828125,0.0039344984085478,51.70000076293945,0.0107526729355478,0.91,0.02176223471915395,8.543546554906634e-05,0.0038490629429987332
2017-04-07,1254.300048828125,0.0031992320593356,52.2400016784668,0.010444891828985,0.91,0.02176223471915395,8.543546554906634e-05,0.0031137965937865337
2017-04-10,1251.0999755859375,-0.0025512820837225,53.08000183105469,0.0160796348698077,0.91,0.02176223471915395,8.543546554906634e-05,-0.0026367175492715664
2017-04-11,1271.199951171875,0.016065842840836,53.400001525878906,0.0060286300637804,0.91,0.02176223471915395,8.543546554906634e-05,0.015980407375286932
2017-04-12,1275.300048828125,0.003225375876132,53.11000061035156,-0.0054307286000132,0.91,0.02176223471915395,8.543546554906634e-05,0.0031399404105829335
2017-04-13,1285.9000244140625,0.008311750317643,53.18000030517578,0.0013180134441681,0.91,0.02176223471915395,8.543546554906634e-05,0.008226314852093934
2017-04-17,1289.4000244140625,0.0027218290174579,52.650001525878906,-0.0099661296776129,0.91,0.02176223471915395,8.543546554906634e-05,0.0026363935519088336
2017-04-18,1291.699951171875,0.0017837185623272,52.40999984741211,-0.0045584363060052,0.91,0.02176223471915395,8.543546554906634e-05,0.0016982830967781338
2017-04-19,1281.4000244140625,-0.0079739313673179,50.43999862670898,-0.0375882699186918,0.91,0.02176223471915395,8.543546554906634e-05,-0.008059366832866966
2017-04-20,1281.9000244140625,0.0003901982132616,50.27000045776367,-0.0033703047893283,0.91,0.02176223471915395,8.543546554906634e-05,0.0003047627477125337
2017-04-21,1287.4000244140625,0.0042905061980273,49.619998931884766,-0.0129302072798871,0.91,0.02176223471915395,8.543546554906634e-05,0.0042050707324782334
2017-04-24,1275.800048828125,-0.0090103894407,49.22999954223633,-0.0078597218469069,0.91,0.02176223471915395,8.543546554906634e-05,-0.009095824906249066
2017-04-25,1265.5999755859375,-0.0079950406425808,49.560001373291016,0.0067032669941742,0.91,0.02176223471915395,8.543546554906634e-05,-0.008080476108129866
2017-04-26,1262.0999755859375,-0.0027654867790113,49.619998931884766,0.0012106044578539,0.91,0.02176223471915395,8.543546554906634e-05,-0.0028509222445603664
2017-04-27,1263.699951171875,0.001267709069715,48.970001220703125,-0.0130995107854379,0.91,0.02176223471915395,8.543546554906634e-05,0.0011822736041659336
2017-04-28,1266.0999755859375,0.0018992043260244,49.33000183105469,0.0073514519374642,0.83,0.02176223471915395,8.543546554906634e-05,0.0018137688604753337
2017-05-01,1253.300048828125,-0.0101097283031609,48.84000015258789,-0.0099331372446519,0.91,0.018563431667619756,7.2991688534918e-05,-0.010182719991695817
2017-05-02,1255.0999755859375,0.0014361499143764,47.65999984741211,-0.0241605303335212,0.91,0.018563431667619756,7.2991688534918e-05,0.001363158225841482
2017-05-03,1246.4000244140625,-0.0069316798192219,47.81999969482422,0.0033571096920763,0.91,0.018563431667619756,7.2991688534918e-05,-0.007004671507756818
2017-05-04,1226.5,-0.0159660013031671,45.52000045776367,-0.0480970148837012,0.91,0.018563431667619756,7.2991688534918e-05,-0.016038992991702018
2017-05-05,1224.800048828125,-0.0013860180773542,46.220001220703125,0.0153778724934099,0.91,0.018563431667619756,7.2991688534918e-05,-0.001459009765889118
2017-05-08,1225.300048828125,0.0004082298988135,46.43000030517578,0.0045434677396458,0.91,0.018563431667619756,7.2991688534918e-05,0.000335238210278582
2017-05-09,1214.300048828125,-0.0089773929336902,45.880001068115234,-0.0118457728504308,0.91,0.018563431667619756,7.2991688534918e-05,-0.009050384622225119
2017-05-10,1217.300048828125,0.0024705590705487,47.33000183105469,0.0316042007232459,0.91,0.018563431667619756,7.2991688534918e-05,0.002397567382013782
2017-05-11,1222.699951171875,0.0044359665876529,47.83000183105469,0.010564123825407,0.91,0.018563431667619756,7.2991688534918e-05,0.004362974899117982
2017-05-12,1226.199951171875,0.0028625174938834,47.84000015258789,0.0002090387027062,0.91,0.018563431667619756,7.2991688534918e-05,0.002789525805348482
2017-05-15,1228.5999755859375,0.0019572863396126,48.84999847412109,0.0211120049814332,0.91,0.018563431667619756,7.2991688534918e-05,0.0018842946510776821
2017-05-16,1235.0,0.0052092011567965,48.65999984741211,-0.0038894295321142,0.91,0.018563431667619756,7.2991688534918e-05,0.005136209468261582
2017-05-17,1257.5,0.0182186234817813,49.06999969482422,0.0084258086456594,0.91,0.018563431667619756,7.2991688534918e-05,0.01814563179324638
2017-05-18,1251.699951171875,-0.0046123648732604,49.34999847412109,0.005706109252868,0.91,0.018563431667619756,7.2991688534918e-05,-0.004685356561795318
2017-05-19,1252.699951171875,0.0007989135088355,50.33000183105469,0.0198582246653462,0.91,0.018563431667619756,7.2991688534918e-05,0.000725921820300582
2017-05-22,1260.699951171875,0.0063862060444053,50.72999954223633,0.0079475004297502,0.91,0.018563431667619756,7.2991688534918e-05,0.006313214355870382
2017-05-23,1254.800048828125,-0.0046798624353604,51.470001220703125,0.0145870625890838,0.91,0.018563431667619756,7.2991688534918e-05,-0.004752854123895318
2017-05-24,1252.4000244140625,-0.0019126747853603,51.36000061035156,-0.0021371790896191,0.91,0.018563431667619756,7.2991688534918e-05,-0.001985666473895218
2017-05-25,1255.800048828125,0.0027148070486928,48.900001525878906,-0.0478971778667939,0.91,0.018563431667619756,7.2991688534918e-05,0.002641815360157882
2017-05-26,1267.5999755859375,0.0093963420122684,49.79999923706055,0.0184048605950521,0.91,0.018563431667619756,7.2991688534918e-05,0.009323350323733482
2017-05-30,1262.0999755859375,-0.0043389082564928,49.65999984741211,-0.0028112327669325,0.91,0.018563431667619756,7.2991688534918e-05,-0.004411899945027718
2017-05-31,1272.0,0.0078440889038653,48.31999969482422,-0.0269834908720347,0.83,0.018563431667619756,7.2991688534918e-05,0.007771097215330381
2017-06-01,1267.0,-0.0039308176100628,48.36000061035156,0.0008278335219367,0.91,0.01640565809959127,6.457565337969484e-05,-0.003995393263442495
2017-06-02,1276.800048828125,0.0077348451682122,47.65999984741211,-0.0144747881328524,0.91,0.01640565809959127,6.457565337969484e-05,0.007670269514832505
2017-06-05,1279.300048828125,0.0019580199752455,47.400001525878906,-0.0054552732346959,0.91,0.01640565809959127,6.457565337969484e-05,0.001893444321865805
2017-06-06,1294.4000244140625,0.0118033104116344,48.18999862670898,0.0166666049662205,0.91,0.01640565809959127,6.457565337969484e-05,0.011738734758254704
2017-06-07,1290.0999755859375,-0.0033220401321233,45.720001220703125,-0.0512553948203866,0.91,0.01640565809959127,6.457565337969484e-05,-0.003386615785502995
2017-06-08,1276.300048828125,-0.0106967886357371,45.63999938964844,-0.001749821279936,0.91,0.01640565809959127,6.457565337969484e-05,-0.010761364289116795
2017-06-09,1268.5,-0.0061114538350812,45.83000183105469,0.0041630684475719,0.91,0.01640565809959127,6.457565337969484e-05,-0.0061760294884608945
2017-06-12,1266.0999755859375,-0.0018920176697378,46.08000183105469,0.0054549419596705,0.91,0.01640565809959127,6.457565337969484e-05,-0.001956593323117495
2017-06-13,1265.800048828125,-0.0002368902642729,46.459999084472656,0.0082464678454479,0.91,0.01640565809959127,6.457565337969484e-05,-0.00030146591765259486
2017-06-14,1272.800048828125,0.0055300993284685,44.72999954223633,-0.0372363232097976,0.91,0.01640565809959127,6.457565337969484e-05,0.005465523675088805
2017-06-15,1252.199951171875,-0.0161848655452335,44.459999084472656,-0.0060362275995269,1.16,0.01640565809959127,6.457565337969484e-05,-0.016249441198613195
2017-06-16,1254.0,0.0014375091026319,44.7400016784668,0.006297854245614,1.16,0.01640565809959127,6.457565337969484e-05,0.001372933449252205
2017-06-19,1244.199951171875,-0.007815030963417,44.20000076293945,-0.0120697562643866,1.16,0.01640565809959127,6.457565337969484e-05,-0.007879606616796694
2017-06-20,1241.0,-0.0025718946290433,43.22999954223633,-0.021945728596377,1.16,0.01640565809959127,6.457565337969484e-05,-0.002636470282422995
2017-06-21,1243.4000244140625,0.0019339439275281,42.52999877929688,-0.0161924767603928,1.16,0.01640565809959127,6.457565337969484e-05,0.001869368274148405
2017-06-22,1247.5999755859375,0.0033777956324667,42.7400016784668,0.0049377593509865,1.16,0.01640565809959127,6.457565337969484e-05,0.003313219979087005
2017-06-23,1256.199951171875,0.0068932155772916,43.0099983215332,0.0063171884057842,1.16,0.01640565809959127,6.457565337969484e-05,0.006828639923911905
2017-06-26,1246.300048828125,-0.0078808332499253,43.380001068115234,0.0086027147412555,1.16,0.01640565809959127,6.457565337969484e-05,-0.007945408903304994
2017-06-27,1246.4000244140625,8.02179106320633e-05,44.2400016784668,0.0198248176389206,1.16,0.01640565809959127,6.457565337969484e-05,1.5642257252368452e-05
2017-06-28,1248.0,0.00128367743469,44.7400016784668,0.0113019887212926,1.16,0.01640565809959127,6.457565337969484e-05,0.001219101781310305
2017-06-29,1244.199951171875,-0.0030449109199719,44.93000030517578,0.0042467281980551,1.16,0.01640565809959127,6.457565337969484e-05,-0.0031094865733515948
2017-06-30,1240.699951171875,-0.0028130526742935,46.040000915527344,0.0247051102339674,1.06,0.01640565809959127,6.457565337969484e-05,-0.0028776283276731947
2017-07-03,1217.9000244140625,-0.0183766645080282,47.06999969482422,0.0223718236058831,1.16,0.017251073506566073,6.787517326345416e-05,-0.018444539681291654
2017-07-05,1220.4000244140625,0.0020527136463461,45.130001068115234,-0.041215182479007,1.16,0.017251073506566073,6.787517326345416e-05,0.001984838473082646
2017-07-06,1222.199951171875,0.0014748662092798,45.52000045776367,0.0086416880216733,1.16,0.017251073506566073,6.787517326345416e-05,0.0014069910360163457
2017-07-07,1208.5999755859375,-0.0111274555140487,44.22999954223633,-0.0283392113917988,1.16,0.017251073506566073,6.787517326345416e-05,-0.011195330687312155
2017-07-10,1212.0999755859375,0.0028959126846772,44.400001525878906,0.0038435899932631,1.16,0.017251073506566073,6.787517326345416e-05,0.002828037511413746
2017-07-11,1213.5999755859375,0.0012375216815549,45.040000915527344,0.0144144001723831,1.16,0.017251073506566073,6.787517326345416e-05,0.001169646508291446
2017-07-12,1218.0999755859375,0.0037079763435454,45.4900016784668,0.0099911357413919,1.16,0.017251073506566073,6.787517326345416e-05,0.003640101170281946
2017-07-13,1216.300048828125,-0.0014776510909514,46.08000183105469,0.012969886366638,1.16,0.017251073506566073,6.787517326345416e-05,-0.0015455262642148542
2017-07-14,1226.5999755859375,0.0084682449595692,46.540000915527344,0.0099826186240004,1.16,0.017251073506566073,6.787517326345416e-05,0.008400369786305746
2017-07-17,1232.800048828125,0.0050546823459911,46.02000045776367,-0.0111731939736636,1.16,0.017251073506566073,6.787517326345416e-05,0.004986807172727646
2017-07-18,1241.0999755859375,0.006732581464206,46.400001525878906,0.0082573025713894,1.16,0.017251073506566073,6.787517326345416e-05,0.0066647062909425455
2017-07-19,1241.199951171875,8.055401490958403e-05,47.119998931884766,0.0155171849639765,1.16,0.017251073506566073,6.787517326345416e-05,1.2678841646129868e-05
2017-07-20,1244.800048828125,0.0029004977424071,46.790000915527344,-0.0070033536468125,1.16,0.017251073506566073,6.787517326345416e-05,0.0028326225691436458
2017-07-21,1254.300048828125,0.0076317477726188,45.77000045776367,-0.0217995391708826,1.16,0.017251073506566073,6.787517326345416e-05,0.007563872599355346
2017-07-24,1253.9000244140625,-0.0003189224256479,46.34000015258789,0.0124535654167232,1.16,0.017251073506566073,6.787517326345416e-05,-0.00038679759891135413
2017-07-25,1251.699951171875,-0.0017545842566001,47.88999938964844,0.0334484081130066,1.16,0.017251073506566073,6.787517326345416e-05,-0.001822459429863554
2017-07-26,1249.0,-0.0021570274644072,48.75,0.0179578329779108,1.16,0.017251073506566073,6.787517326345416e-05,-0.002224902637670654
2017-07-27,1259.5999755859375,0.0084867698846577,49.040000915527344,0.005948736728766,1.16,0.017251073506566073,6.787517326345416e-05,0.008418894711394245
2017-07-28,1268.4000244140625,0.0069863837715871,49.709999084472656,0.0136622788833018,1.16,0.017251073506566073,6.787517326345416e-05,0.006918508598323646
2017-07-31,1266.5999755859375,-0.0014191491591594,50.16999816894531,0.0092536530465625,1.07,0.017251073506566073,6.787517326345416e-05,-0.0014870243324228542
2017-08-01,1272.5999755859375,0.0047370915171731,49.15999984741211,-0.0201315199999027,1.16,0.0192812155729698,7.578734897917272e-05,0.004661304168193927
2017-08-02,1271.800048828125,-0.0006285767508711,49.59000015258789,0.0087469549737684,1.16,0.0192812155729698,7.578734897917272e-05,-0.0007043640998502728
2017-08-03,1267.800048828125,-0.0031451484875202,49.02999877929688,-0.0112926269725327,1.16,0.0192812155729698,7.578734897917272e-05,-0.0032209358364993727
2017-08-04,1258.300048828125,-0.0074932951838747,49.58000183105469,0.0112176843861162,1.16,0.0192812155729698,7.578734897917272e-05,-0.0075690825328538726
2017-08-07,1258.199951171875,-7.954991048697568e-05,49.38999938964844,-0.0038322394995806,1.16,0.0192812155729698,7.578734897917272e-05,-0.0001553372594661484
2017-08-08,1256.4000244140625,-0.0014305570081576,49.16999816894531,-0.0044543677550487,1.16,0.0192812155729698,7.578734897917272e-05,-0.0015063443571367728
2017-08-09,1273.0,0.0132123330654017,49.560001373291016,0.0079317311138731,1.16,0.0192812155729698,7.578734897917272e-05,0.013136545716422527
2017-08-10,1283.699951171875,0.008405303355754,48.59000015258789,-0.0195722597624035,1.16,0.0192812155729698,7.578734897917272e-05,0.008329516006774828
2017-08-11,1287.699951171875,0.0031159929517394,48.81999969482422,0.004733474820211,1.16,0.0192812155729698,7.578734897917272e-05,0.0030402056027602274
2017-08-14,1284.199951171875,-0.002718024487626,47.59000015258789,-0.0251945831611041,1.16,0.0192812155729698,7.578734897917272e-05,-0.002793811836605173
2017-08-15,1273.699951171875,-0.0081762968379015,47.54999923706055,-0.000840531947869,1.16,0.0192812155729698,7.578734897917272e-05,-0.008252084186880672
2017-08-16,1276.9000244140625,0.0025124231489868,46.77999877929688,-0.0161934904336135,1.16,0.0192812155729698,7.578734897917272e-05,0.0024366358000076273
2017-08-17,1286.4000244140625,0.0074398933498018,47.09000015258789,0.0066267931034706,1.16,0.0192812155729698,7.578734897917272e-05,0.007364106000822627
2017-08-18,1285.699951171875,-0.0005442111543074,48.5099983215332,0.0301549833158638,1.16,0.0192812155729698,7.578734897917272e-05,-0.0006199985032865728
2017-08-21,1290.800048828125,0.0039667868475856,47.369998931884766,-0.0235002974457412,1.16,0.0192812155729698,7.578734897917272e-05,0.003890999498606427
2017-08-22,1285.0999755859375,-0.0044159227041883,47.63999938964844,0.0056998197984323,1.16,0.0192812155729698,7.578734897917272e-05,-0.0044917100531674725
2017-08-23,1288.9000244140625,0.0029570063810735,48.40999984741211,0.0161628981450192,1.16,0.0192812155729698,7.578734897917272e-05,0.002881219032094327
2017-08-24,1286.5,-0.0018620718198477,47.43000030517578,-0.0202437418988902,1.16,0.0192812155729698,7.578734897917272e-05,-0.0019378591688268727
2017-08-25,1292.5,0.0046638165565486,47.869998931884766,0.0092767999974263,1.16,0.0192812155729698,7.578734897917272e-05,0.004588029207569427
2017-08-28,1309.699951171875,0.0133075057422631,46.56999969482422,-0.027156867893612,1.16,0.0192812155729698,7.578734897917272e-05,0.013231718393283928
2017-08-29,1313.0999755859375,0.0025960330921752,46.43999862670898,-0.0027915196256632,1.16,0.0192812155729698,7.578734897917272e-05,0.0025202457431960272
2017-08-30,1308.0999755859375,-0.003807783179471,45.959999084472656,-0.0103359077612088,1.16,0.0192812155729698,7.578734897917272e-05,-0.0038835705284501728
2017-08-31,1316.199951171875,0.0061921685934664,47.22999954223633,0.0276327346184115,1.07,0.0192812155729698,7.578734897917272e-05,0.006116381244487227
2017-09-01,1324.5,0.0063060698495962,47.290000915527344,0.0012704080853813,1.16,0.021805652303711787,8.560409878866082e-05,0.006220465750807539
2017-09-05,1339.199951171875,0.0110984908809927,48.65999984741211,0.0289701608238908,1.16,0.021805652303711787,8.560409878866082e-05,0.011012886782204039
2017-09-06,1333.9000244140625,-0.0039575320721709,49.15999984741211,0.0102753802212884,1.16,0.021805652303711787,8.560409878866082e-05,-0.004043136170959561
2017-09-07,1345.0999755859375,0.0083963947573917,49.09000015258789,-0.0014239156843265,1.16,0.021805652303711787,8.560409878866082e-05,0.008310790658603039
2017-09-08,1346.0,0.0006691133970695,47.47999954223633,-0.0327969159777378,1.16,0.021805652303711787,8.560409878866082e-05,0.0005835092982808392
2017-09-11,1331.0,-0.0111441307578008,48.06999969482422,0.0124262880850083,1.16,0.021805652303711787,8.560409878866082e-05,-0.01122973485658946
2017-09-12,1328.0,-0.0022539444027047,48.22999954223633,0.0033284761478651,1.16,0.021805652303711787,8.560409878866082e-05,-0.0023395485014933606
2017-09-13,1323.4000244140625,-0.0034638370376035,49.29999923706055,0.0221853556910609,1.16,0.021805652303711787,8.560409878866082e-05,-0.003549441136392161
2017-09-14,1324.699951171875,0.0009822629090459,49.88999938964844,0.0119675489192374,1.16,0.021805652303711787,8.560409878866082e-05,0.0008966588102572392
2017-09-15,1320.4000244140625,-0.0032459627963363,49.88999938964844,0.0,1.16,0.021805652303711787,8.560409878866082e-05,-0.003331566895124961
2017-09-18,1306.300048828125,-0.0106785635604592,49.90999984741211,0.0004008911206325,1.16,0.021805652303711787,8.560409878866082e-05,-0.010764167659247861
2017-09-19,1306.199951171875,-7.662684873954717e-05,49.47999954223633,-0.0086155140551072,1.16,0.021805652303711787,8.560409878866082e-05,-0.000162230947528208
2017-09-20,1312.0,0.0044403989013483,50.40999984741211,0.0187954792598963,1.16,0.021805652303711787,8.560409878866082e-05,0.004354794802559639
2017-09-21,1290.5999755859375,-0.0163109942180353,50.54999923706055,0.0027772146413846,1.16,0.021805652303711787,8.560409878866082e-05,-0.01639659831682396
2017-09-22,1293.300048828125,0.0020921069992749,50.65999984741211,0.0021760754107176,1.16,0.021805652303711787,8.560409878866082e-05,0.0020065029004862392
2017-09-25,1306.800048828125,0.0104384129670702,52.220001220703125,0.0307935526646216,1.16,0.021805652303711787,8.560409878866082e-05,0.010352808868281538
2017-09-26,1297.0,-0.0074992718564046,51.880001068115234,-0.0065109181279201,1.16,0.021805652303711787,8.560409878866082e-05,-0.007584875955193261
2017-09-27,1283.4000244140625,-0.0104857174910851,52.13999938964844,0.0050115326943005,1.16,0.021805652303711787,8.560409878866082e-05,-0.01057132158987376
2017-09-28,1285.5,0.001636259580793,51.560001373291016,-0.0111238592855176,1.16,0.021805652303711787,8.560409878866082e-05,0.0015506554820043392
2017-09-29,1281.5,-0.0031116297160638,51.66999816894531,0.0021333745679703,1.06,0.021805652303711787,8.560409878866082e-05,-0.003197233814852461
2017-10-02,1272.699951171875,-0.006866990892021,50.58000183105469,-0.0210953430717505,1.16,0.02020757753132485,7.939249258792636e-05,-0.006946383384608927
2017-10-03,1271.5,-0.000942839017767,50.41999816894531,-0.0031633779422114,1.16,0.02020757753132485,7.939249258792636e-05,-0.0010222315103549265
2017-10-04,1273.699951171875,0.0017302014721785,49.97999954223633,-0.0087266688355412,1.16,0.02020757753132485,7.939249258792636e-05,0.0016508089795905737
2017-10-05,1269.9000244140625,-0.0029833767005458,50.790000915527344,0.0162065102182826,1.16,0.02020757753132485,7.939249258792636e-05,-0.0030627691931337264
2017-10-06,1271.5999755859375,0.0013386496095701,49.290000915527344,-0.0295333721788026,1.16,0.02020757753132485,7.939249258792636e-05,0.0012592571169821737
2017-10-09,1281.800048828125,0.0080214481267879,49.58000183105469,0.0058835648233064,1.16,0.02020757753132485,7.939249258792636e-05,0.007942055634199974
2017-10-10,1290.5999755859375,0.0068652882061113,50.91999816894531,0.0270269521662525,1.16,0.02020757753132485,7.939249258792636e-05,0.006785895713523373
2017-10-11,1285.800048828125,-0.0037191436917805,51.29999923706055,0.0074627078118589,1.16,0.02020757753132485,7.939249258792636e-05,-0.0037985361843684263
2017-10-12,1293.300048828125,0.0058329442488631,50.59999847412109,-0.0136452392465875,1.16,0.02020757753132485,7.939249258792636e-05,0.0057535517562751735
2017-10-13,1301.5,0.0063403316030994,51.45000076293945,0.0167984647124661,1.16,0.02020757753132485,7.939249258792636e-05,0.006260939110511473
2017-10-16,1299.9000244140625,-0.0012293319907318,51.869998931884766,0.0081632295960594,1.16,0.02020757753132485,7.939249258792636e-05,-0.0013087244833197263
2017-10-17,1283.0,-0.0130010186142432,51.880001068115234,0.0001928308547607,1.16,0.02020757753132485,7.939249258792636e-05,-0.013080411106831126
2017-10-18,1279.9000244140625,-0.0024161929742303,52.040000915527344,0.0030840370878566,1.16,0.02020757753132485,7.939249258792636e-05,-0.0024955854668182263
2017-10-19,1286.9000244140625,0.0054691771751504,51.290000915527344,-0.0144119905227791,1.16,0.02020757753132485,7.939249258792636e-05,0.0053897846825624735
2017-10-20,1277.4000244140625,-0.0073820808297252,51.470001220703125,0.0035094619216762,1.16,0.02020757753132485,7.939249258792636e-05,-0.007461473322313126
2017-10-23,1277.699951171875,0.0002347947018006,51.900001525878906,0.0083543869239859,1.16,0.02020757753132485,7.939249258792636e-05,0.00015540220921267365
2017-10-24,1275.0,-0.0021131339712415,52.470001220703125,0.0109826527565706,1.16,0.02020757753132485,7.939249258792636e-05,-0.0021925264638294265
2017-10-25,1275.4000244140625,0.0003137446384804,52.18000030517578,-0.0055269851111213,1.16,0.02020757753132485,7.939249258792636e-05,0.00023435214589247362
2017-10-26,1266.300048828125,-0.0071349971865636,52.63999938964844,0.0088156205784273,1.16,0.02020757753132485,7.939249258792636e-05,-0.0072143896791515266
2017-10-27,1268.5,0.0017373063942554,53.900001525878906,0.0239362110721879,1.16,0.02020757753132485,7.939249258792636e-05,0.0016579139016674735
2017-10-30,1274.0999755859375,0.0044146437413776,54.150001525878906,0.0046382187926279,1.16,0.02020757753132485,7.939249258792636e-05,0.004335251248789674
2017-10-31,1267.0,-0.0055725419684372,54.380001068115234,0.0042474521838453,1.07,0.02020757753132485,7.939249258792636e-05,-0.005651934461025126
2017-11-01,1274.0999755859375,0.0056037692075276,54.29999923706055,-0.0014711627341543,1.16,0.02172493864295566,8.529060245598963e-05,0.00551847860507161
2017-11-02,1274.9000244140625,0.0006279325354803,54.540000915527344,0.004419920475855,1.16,0.02172493864295566,8.529060245598963e-05,0.0005426419330243103
2017-11-03,1266.5,-0.0065887710825977,55.63999938964844,0.0201686552192177,1.16,0.02172493864295566,8.529060245598963e-05,-0.006674061685053689
2017-11-06,1279.4000244140625,0.0101855700071555,57.34999847412109,0.0307332692888344,1.16,0.02172493864295566,8.529060245598963e-05,0.01010027940469951
2017-11-07,1273.699951171875,-0.0044552705435487,57.20000076293945,-0.0026154789044907,1.16,0.02172493864295566,8.529060245598963e-05,-0.0045405611460046895
2017-11-08,1281.5999755859375,0.0062024218551584,56.810001373291016,-0.0068181710567585,1.16,0.02172493864295566,8.529060245598963e-05,0.006117131252702411
2017-11-09,1285.5999755859375,0.0031210986861724,57.16999816894531,0.0063368559576122,1.16,0.02172493864295566,8.529060245598963e-05,0.00303580808371641
2017-11-10,1272.4000244140625,-0.0102675415545638,56.7400016784668,-0.0075213661754512,1.16,0.02172493864295566,8.529060245598963e-05,-0.010352832157019789
2017-11-13,1277.300048828125,0.0038510093681576,56.7599983215332,0.0003524258455211,1.16,0.02172493864295566,8.529060245598963e-05,0.0037657187657016106
2017-11-14,1281.5,0.0032881476640733,55.70000076293945,-0.0186750808657373,1.16,0.02172493864295566,8.529060245598963e-05,0.0032028570616173106
2017-11-15,1276.5,-0.0039016777214202,55.33000183105469,-0.0066427096376441,1.16,0.02172493864295566,8.529060245598963e-05,-0.00398696832387619
2017-11-16,1277.4000244140625,0.0007050720047492,55.13999938964844,-0.0034339858145387,1.16,0.02172493864295566,8.529060245598963e-05,0.0006197814022932104
2017-11-17,1295.800048828125,0.0144042774873927,56.54999923706055,0.0255712706387301,1.16,0.02172493864295566,8.529060245598963e-05,0.01431898688493671
2017-11-20,1274.5999755859375,-0.0163606053737689,56.09000015258789,-0.0081343782613385,1.16,0.02172493864295566,8.529060245598963e-05,-0.01644589597622489
2017-11-21,1281.0999755859375,0.0050996392001434,56.83000183105469,0.0131931124345461,1.16,0.02172493864295566,8.529060245598963e-05,0.00501434859768741
2017-11-22,1291.5999755859375,0.008196081648661,58.02000045776367,0.0209396197143656,1.16,0.02172493864295566,8.529060245598963e-05,0.008110791046205011
2017-11-24,1286.699951171875,-0.0037937631671444,58.95000076293945,0.016028960665948,1.16,0.02172493864295566,8.529060245598963e-05,-0.0038790537696003894
2017-11-27,1293.800048828125,0.0055180678679465,58.11000061035156,-0.0142493662716961,1.16,0.02172493864295566,8.529060245598963e-05,0.00543277726549051
2017-11-28,1294.699951171875,0.0006955497834191,57.9900016784668,-0.0020650306423054,1.16,0.02172493864295566,8.529060245598963e-05,0.0006102591809631104
2017-11-29,1282.0999755859375,-0.0097319657535577,57.29999923706055,-0.0118986449635242,1.16,0.02172493864295566,8.529060245598963e-05,-0.009817256356013689
2017-11-30,1273.199951171875,-0.0069417553884556,57.400001525878906,0.0017452406657918,1.07,0.02172493864295566,8.529060245598963e-05,-0.00702704599091159
2017-12-01,1278.800048828125,0.0043984431911858,58.36000061035156,0.0167247222814068,1.16,0.021299307195522532,8.363701819869007e-05,0.00431480617298711
2017-12-04,1274.300048828125,-0.0035189238568795,57.470001220703125,-0.015250160732359,1.16,0.021299307195522532,8.363701819869007e-05,-0.00360256087507819
2017-12-05,1261.5999755859375,-0.0099663130782007,57.619998931884766,0.0026100175395089,1.16,0.021299307195522532,8.363701819869007e-05,-0.01004995009639939
2017-12-06,1262.800048828125,0.0009512311869142,55.959999084472656,-0.028809439052133,1.16,0.021299307195522532,8.363701819869007e-05,0.00086759416871551
2017-12-07,1249.800048828125,-0.0102945830672591,56.68999862670898,0.01304502419906,1.16,0.021299307195522532,8.363701819869007e-05,-0.01037822008545779
2017-12-08,1245.199951171875,-0.003680666887926,57.36000061035156,0.0118186981808623,1.16,0.021299307195522532,8.363701819869007e-05,-0.00376430390612469
2017-12-11,1243.699951171875,-0.0012046258101667,57.9900016784668,0.0109832821027122,1.16,0.021299307195522532,8.363701819869007e-05,-0.00128826282836539
2017-12-12,1238.5,-0.0041810335097105,57.13999938964844,-0.0146577386483157,1.17,0.021299307195522532,8.363701819869007e-05,-0.00426467052790919
2017-12-13,1245.4000244140625,0.0055712752636758,56.59999847412109,-0.0094504886471029,1.17,0.021299307195522532,8.363701819869007e-05,0.0054876382454771095
2017-12-14,1253.800048828125,0.0067448404122318,57.040000915527344,0.0077738949340684,1.41,0.021299307195522532,8.363701819869007e-05,0.00666120339403311
2017-12-15,1254.300048828125,0.0003987876699058,57.29999923706055,0.0045581752692858,1.41,0.021299307195522532,8.363701819869007e-05,0.0003151506517071099
2017-12-18,1262.199951171875,0.0062982556296085,57.15999984741211,-0.0024432703579844,1.42,0.021299307195522532,8.363701819869007e-05,0.00621461861140981
2017-12-19,1260.699951171875,-0.0011884012502197,57.459999084472656,0.0052484121389326,1.42,0.021299307195522532,8.363701819869007e-05,-0.00127203826841839
2017-12-20,1266.0999755859375,0.0042833541867302,58.09000015258789,0.0109641677367426,1.42,0.021299307195522532,8.363701819869007e-05,0.00419971716853151
2017-12-21,1267.300048828125,0.0009478503003936,58.36000061035156,0.0046479679300128,1.42,0.021299307195522532,8.363701819869007e-05,0.00086421328219491
2017-12-22,1275.4000244140625,0.0063915215606813,58.470001220703125,0.0018848630774697,1.42,0.021299307195522532,8.363701819869007e-05,0.00630788454248261
2017-12-26,1284.0999755859375,0.0068213509529073,59.970001220703125,0.0256541810960126,1.42,0.021299307195522532,8.363701819869007e-05,0.00673771393470861
2017-12-27,1287.0,0.0022584101465614,59.63999938964844,-0.0055027817965219,1.42,0.021299307195522532,8.363701819869007e-05,0.00217477312836271
2017-12-28,1294.0999755859375,0.00551668654696,59.84000015258789,0.0033534668844106,1.42,0.021299307195522532,8.363701819869007e-05,0.00543304952876131
2017-12-29,1306.300048828125,0.0094274580576076,60.41999816894531,0.0096924801951614,1.33,0.021299307195522532,8.363701819869007e-05,0.00934382103940891
2018-01-02,1313.699951171875,0.0056647799641349,60.369998931884766,-0.0008275279472987,1.42,0.02151318868063945,8.446803660611124e-05,0.005580311927528789
2018-01-03,1316.199951171875,0.0019030220696665,61.630001068115234,0.0208713294438207,1.42,0.02151318868063945,8.446803660611124e-05,0.0018185540330603888
2018-01-04,1319.4000244140625,0.0024312971895632,62.0099983215332,0.0061657836578321,1.42,0.02151318868063945,8.446803660611124e-05,0.0023468291529570888
2018-01-05,1320.300048828125,0.0006821467313995,61.43999862670898,-0.0091920611232508,1.42,0.02151318868063945,8.446803660611124e-05,0.0005976786947933888
2018-01-08,1318.5999755859375,-0.0012876415809394,61.72999954223633,0.0047200670899962,1.42,0.02151318868063945,8.446803660611124e-05,-0.0013721096175455113
2018-01-09,1311.699951171875,-0.0052328413027585,62.959999084472656,0.0199254746696497,1.42,0.02151318868063945,8.446803660611124e-05,-0.005317309339364611
2018-01-10,1317.4000244140625,0.0043455618314958,63.56999969482422,0.0096887010676911,1.42,0.02151318868063945,8.446803660611124e-05,0.0042610937948896884
2018-01-11,1320.5999755859375,0.002428989762087,63.79999923706055,0.003618051649213,1.42,0.02151318868063945,8.446803660611124e-05,0.002344521725480889
2018-01-12,1333.4000244140625,0.0096926011394522,64.30000305175781,0.0078370504808222,1.42,0.02151318868063945,8.446803660611124e-05,0.009608133102846089
2018-01-16,1335.4000244140625,0.0014999249762868,63.72999954223633,-0.0088647508937544,1.42,0.02151318868063945,8.446803660611124e-05,0.0014154569396806888
2018-01-17,1338.0,0.0019469638598204,63.970001220703125,0.0037659137014074,1.42,0.02151318868063945,8.446803660611124e-05,0.0018624958232142887
2018-01-18,1326.0,-0.0089686098654708,63.95000076293945,-0.0003126537030172,1.42,0.02151318868063945,8.446803660611124e-05,-0.009053077902076911
2018-01-19,1331.9000244140625,0.0044494905083427,63.369998931884766,-0.0090696141381566,1.42,0.02151318868063945,8.446803660611124e-05,0.004365022471736589
2018-01-22,1330.9000244140625,-0.0007508071038889,63.4900016784668,0.0018936838978176,1.42,0.02151318868063945,8.446803660611124e-05,-0.0008352751404950113
2018-01-23,1335.699951171875,0.0036065269139398,64.47000122070312,0.0154354940357279,1.42,0.02151318868063945,8.446803660611124e-05,0.0035220588773336886
2018-01-24,1355.9000244140625,0.0151232117845516,65.61000061035156,0.0176826332877801,1.42,0.02151318868063945,8.446803660611124e-05,0.015038743747945489
2018-01-25,1362.4000244140625,0.0047938637679492,65.51000213623047,-0.0015241346317761,1.42,0.02151318868063945,8.446803660611124e-05,0.004709395731343088
2018-01-26,1351.5999755859375,-0.0079272230142316,66.13999938964844,0.0096168101492024,1.42,0.02151318868063945,8.446803660611124e-05,-0.00801169105083771
2018-01-30,1335.4000244140625,-0.0119857587041255,64.5,-0.0247958785119842,1.42,0.02151318868063945,8.446803660611124e-05,-0.012070226740731611
2018-01-31,1339.0,0.0026958031452164,64.7300033569336,0.0035659435183503,1.34,0.02151318868063945,8.446803660611124e-05,0.002611335108610289
2018-02-01,1344.300048828125,0.0039582142106981,65.80000305175781,0.0165301968072524,1.42,0.02263468931091861,8.882269746735005e-05,0.0038693915132307502
2018-02-02,1333.699951171875,-0.0078852170432415,65.44999694824219,-0.0053192414480636,1.42,0.02263468931091861,8.882269746735005e-05,-0.00797403974070885
2018-02-05,1333.0,-0.0005248190728807,64.1500015258789,-0.0198624214358835,1.42,0.02263468931091861,8.882269746735005e-05,-0.0006136417703480501
2018-02-06,1326.0999755859375,-0.005176312388644,63.38999938964844,-0.0118472660662973,1.42,0.02263468931091861,8.882269746735005e-05,-0.0052651350861113505
2018-02-07,1311.5999755859375,-0.010934318880138,61.790000915527344,-0.0252405503948052,1.42,0.02263468931091861,8.882269746735005e-05,-0.011023141577605351
2018-02-08,1316.9000244140625,0.0040409034208446,61.150001525878906,-0.0103576530209698,1.42,0.02263468931091861,8.882269746735005e-05,0.00395208072337725
2018-02-09,1313.0999755859375,-0.0028856016080763,59.20000076293945,-0.0318888097184135,1.42,0.02263468931091861,8.882269746735005e-05,-0.00297442430554365
2018-02-12,1324.199951171875,0.0084532600657345,59.290000915527344,0.001520272828176,1.42,0.02263468931091861,8.882269746735005e-05,0.00836443736826715
2018-02-13,1328.0999755859375,0.0029451929903872,59.18999862670898,-0.0016866636409879,1.42,0.02263468931091861,8.882269746735005e-05,0.00285637029291985
2018-02-14,1355.5,0.0206309953450409,60.59999847412109,0.0238215894598088,1.42,0.02263468931091861,8.882269746735005e-05,0.02054217264757355
2018-02-15,1352.0999755859375,-0.0025083175315843,61.34000015258789,0.0122112491270574,1.42,0.02263468931091861,8.882269746735005e-05,-0.00259714022905165
2018-02-16,1353.199951171875,0.0008135312519776,61.68000030517578,0.0055428782481596,1.42,0.02263468931091861,8.882269746735005e-05,0.0007247085545102499
2018-02-20,1328.800048828125,-0.018031261619999,61.900001525878906,0.0035668161416118,1.42,0.02263468931091861,8.882269746735005e-05,-0.01812008431746635
2018-02-21,1330.0,0.0009030336602811,61.68000030517578,-0.0035541391806128,1.42,0.02263468931091861,8.882269746735005e-05,0.00081421096281375
2018-02-22,1330.5999755859375,0.0004511094631109,62.77000045776367,0.0176718571205394,1.42,0.02263468931091861,8.882269746735005e-05,0.00036228676564354994
2018-02-23,1328.199951171875,-0.0018037159612945,63.54999923706055,0.0124262987670633,1.42,0.02263468931091861,8.882269746735005e-05,-0.00189253865876185
2018-02-26,1330.699951171875,0.0018822467187973,63.90999984741211,0.0056648405141384,1.42,0.02263468931091861,8.882269746735005e-05,0.00179342402132995
2018-02-27,1315.5,-0.0114225232806909,63.0099983215332,-0.0140823271479846,1.42,0.02263468931091861,8.882269746735005e-05,-0.01151134597815825
2018-02-28,1315.5,0.0,61.63999938964844,-0.0217425641704323,1.35,0.02263468931091861,8.882269746735005e-05,-8.882269746735005e-05
2018-03-01,1302.9000244140625,-0.0095780886248099,60.9900016784668,-0.0105450635564217,1.42,0.023309497646499366,9.144061082522192e-05,-0.009669529235635122
2018-03-02,1321.0999755859375,0.0139688010060938,61.25,0.0042629662957527,1.42,0.023309497646499366,9.144061082522192e-05,0.013877360395268578
2018-03-05,1318.0999755859375,-0.0022708349522673,62.56999969482422,0.0215510154257014,1.42,0.023309497646499366,9.144061082522192e-05,-0.002362275563092522
2018-03-06,1333.5999755859375,0.0117593507981894,62.59999847412109,0.0004794434943773,1.42,0.023309497646499366,9.144061082522192e-05,0.011667910187364178
2018-03-07,1326.0,-0.0056988420253969,61.150001525878906,-0.0231628911115967,1.42,0.023309497646499366,9.144061082522192e-05,-0.005790282636222122
2018-03-08,1319.9000244140625,-0.0046002832473133,60.119998931884766,-0.0168438686556408,1.42,0.023309497646499366,9.144061082522192e-05,-0.004691723858138522
2018-03-09,1322.4000244140625,0.0018940828500324,62.040000915527344,0.0319361613066213,1.42,0.023309497646499366,9.144061082522192e-05,0.001802642239207178
2018-03-12,1319.4000244140625,-0.0022686024989519,61.36000061035156,-0.0109606752924078,1.42,0.023309497646499366,9.144061082522192e-05,-0.002360043109777122
2018-03-13,1325.9000244140625,0.0049264816429623,60.709999084472656,-0.0105932451012598,1.42,0.023309497646499366,9.144061082522192e-05,0.004835041032137078
2018-03-14,1324.4000244140625,-0.0011313070158988,60.959999084472656,0.0041179377988813,1.42,0.023309497646499366,9.144061082522192e-05,-0.001222747626724022
2018-03-15,1316.800048828125,-0.0057384290590751,61.18999862670898,0.0037729584266825,1.43,0.023309497646499366,9.144061082522192e-05,-0.0058298696699003215
2018-03-16,1311.300048828125,-0.0041767920686931,62.34000015258789,0.0187939459337875,1.43,0.023309497646499366,9.144061082522192e-05,-0.004268232679518322
2018-03-19,1316.800048828125,0.0041943108329136,62.060001373291016,-0.0044914786431108,1.43,0.023309497646499366,9.144061082522192e-05,0.004102870222088378
2018-03-20,1311.0999755859375,-0.0043287310379888,63.400001525878906,0.0215920097153685,1.44,0.023309497646499366,9.144061082522192e-05,-0.004420171648814022
2018-03-21,1320.699951171875,0.0073220774652575,65.16999816894531,0.0279179274521612,1.44,0.023309497646499366,9.144061082522192e-05,0.007230636854432278
2018-03-22,1326.5999755859375,0.00446734658302,64.30000305175781,-0.0133496262334109,1.68,0.023309497646499366,9.144061082522192e-05,0.004375905972194778
2018-03-23,1349.300048828125,0.0171114681591646,65.87999725341797,0.0245722259202436,1.68,0.023309497646499366,9.144061082522192e-05,0.017020027548339377
2018-03-26,1354.4000244140625,0.0037797194110877,65.55000305175781,-0.0050090196632944,1.68,0.023309497646499366,9.144061082522192e-05,0.003688278800262478
2018-03-27,1341.300048828125,-0.009672161362818,65.25,-0.0045767053820109,1.68,0.023309497646499366,9.144061082522192e-05,-0.009763601973643222
2018-03-28,1324.199951171875,-0.0127488981091069,64.37999725341797,-0.0133333754265445,1.68,0.023309497646499366,9.144061082522192e-05,-0.012840338719932122
2018-03-29,1322.800048828125,-0.0010571684000676,64.94000244140625,0.0086984344808829,1.68,0.023309497646499366,9.144061082522192e-05,-0.0011486090108928219
2018-04-02,1342.0999755859375,0.0145902071706984,63.0099983215332,-0.0297198036235745,1.68,0.024709963021052994,9.686822175081211e-05,0.014493338948947589
2018-04-03,1332.800048828125,-0.0069293844922039,63.5099983215332,0.0079352485846539,1.69,0.024709963021052994,9.686822175081211e-05,-0.007026252713954712
2018-04-04,1335.800048828125,0.0022509002776807,63.369998931884766,-0.0022043677113587,1.69,0.024709963021052994,9.686822175081211e-05,0.002154032055929888
2018-04-05,1324.300048828125,-0.0086090728998615,63.540000915527344,0.0026826887566355,1.69,0.024709963021052994,9.686822175081211e-05,-0.008705941121612312
2018-04-06,1331.9000244140625,0.0057388622711769,62.060001373291016,-0.0232924066873071,1.69,0.024709963021052994,9.686822175081211e-05,0.005641994049426088
2018-04-09,1336.300048828125,0.0033035695873631,63.41999816894531,0.0219142243886512,1.69,0.024709963021052994,9.686822175081211e-05,0.003206701365612288
2018-04-10,1342.0,0.0042654725462845,65.51000213623047,0.0329549673230449,1.69,0.024709963021052994,9.686822175081211e-05,0.0041686043245336875
2018-04-11,1356.5,0.0108047690014903,66.81999969482422,0.0199969091112157,1.69,0.024709963021052994,9.686822175081211e-05,0.010707900779739488
2018-04-12,1338.4000244140625,-0.0133431445528473,67.06999969482422,0.0037413948090658,1.69,0.024709963021052994,9.686822175081211e-05,-0.013440012774598113
2018-04-13,1344.800048828125,0.0047818472036149,67.38999938964844,0.004771130107056,1.69,0.024709963021052994,9.686822175081211e-05,0.004684978981864088
2018-04-16,1347.5,0.002007697110234,66.22000122070312,-0.0173615993402878,1.69,0.024709963021052994,9.686822175081211e-05,0.001910828888483188
2018-04-17,1347.199951171875,-0.0002226707444341,66.5199966430664,0.0045302841563448,1.69,0.024709963021052994,9.686822175081211e-05,-0.0003195389661849121
2018-04-18,1351.199951171875,0.0029691212477558,68.47000122070312,0.0293145621774466,1.69,0.024709963021052994,9.686822175081211e-05,0.002872253026004988
2018-04-19,1346.800048828125,-0.0032562925568003,68.29000091552734,-0.0026288929745389,1.69,0.024709963021052994,9.686822175081211e-05,-0.003353160778551112
2018-04-20,1336.699951171875,-0.007499329737208,68.37999725341797,0.0013178552743313,1.7,0.024709963021052994,9.686822175081211e-05,-0.007596197958958812
2018-04-23,1322.5,-0.0106231403385823,68.63999938964844,0.0038023127621209,1.7,0.024709963021052994,9.686822175081211e-05,-0.010720008560333113
2018-04-24,1331.4000244140625,0.0067296970994801,67.69999694824219,-0.0136946743846855,1.7,0.024709963021052994,9.686822175081211e-05,0.006632828877729288
2018-04-25,1321.199951171875,-0.0076611634784041,68.05000305175781,0.0051699574489376,1.7,0.024709963021052994,9.686822175081211e-05,-0.007758031700154912
2018-04-26,1316.300048828125,-0.0037086758438069,68.19000244140625,0.0020573017394569,1.7,0.024709963021052994,9.686822175081211e-05,-0.003805544065557712
2018-04-27,1320.300048828125,0.0030388208247511,68.0999984741211,-0.0013198997516167,1.7,0.024709963021052994,9.686822175081211e-05,0.002941952603000288
2018-04-30,1316.199951171875,-0.0031054286939465,68.56999969482422,0.0069016333514564,1.69,0.024709963021052994,9.686822175081211e-05,-0.003202296915697312
2018-05-01,1303.800048828125,-0.0094209867829806,67.25,-0.0192503966851242,1.7,0.02781921607842497,0.00010889200656571951,-0.00952987878954632
2018-05-02,1302.5999755859375,-0.0009204427038226,67.93000030517578,0.0101115287014985,1.7,0.02781921607842497,0.00010889200656571951,-0.0010293347103883196
2018-05-03,1310.699951171875,0.0062183139396221,68.43000030517578,0.0073605181474127,1.7,0.02781921607842497,0.00010889200656571951,0.006109421933056381
2018-05-04,1312.699951171875,0.0015259022465148,69.72000122070312,0.0188513942682209,1.7,0.02781921607842497,0.00010889200656571951,0.0014170102399490806
2018-05-07,1312.199951171875,-0.0003808943540781,70.7300033569336,0.0144865478850644,1.7,0.02781921607842497,0.00010889200656571951,-0.0004897863606438196
2018-05-08,1312.0,-0.0001523785850596,69.05999755859375,-0.0236109956041185,1.7,0.02781921607842497,0.00010889200656571951,-0.0002612705916253195
2018-05-09,1311.300048828125,-0.0005334993688071,71.13999938964844,0.0301187649085843,1.7,0.02781921607842497,0.00010889200656571951,-0.0006423913753728195
2018-05-10,1320.800048828125,0.0072447187113962,71.36000061035156,0.003092510860144,1.7,0.02781921607842497,0.00010889200656571951,0.00713582670483048
2018-05-11,1319.0,-0.0013628473361445,70.69999694824219,-0.0092489301634567,1.7,0.02781921607842497,0.00010889200656571951,-0.0014717393427102195
2018-05-14,1316.5,-0.0018953752843062,70.95999908447266,0.0036775409823681,1.7,0.02781921607842497,0.00010889200656571951,-0.0020042672908719195
2018-05-15,1288.9000244140625,-0.020964660528627,71.30999755859375,0.0049323348173164,1.7,0.02781921607842497,0.00010889200656571951,-0.02107355253519272
2018-05-16,1290.199951171875,0.0010085551502752,71.48999786376953,0.0025241945216429,1.7,0.02781921607842497,0.00010889200656571951,0.0008996631437094805
2018-05-17,1288.199951171875,-0.001550147322656,71.48999786376953,0.0,1.7,0.02781921607842497,0.00010889200656571951,-0.0016590393292217195
2018-05-18,1290.199951171875,0.001552554010098,71.27999877929688,-0.002937461053962,1.7,0.02781921607842497,0.00010889200656571951,0.0014436620035322804
2018-05-21,1290.199951171875,0.0,72.23999786376953,0.0134680008545606,1.7,0.02781921607842497,0.00010889200656571951,-0.00010889200656571951
2018-05-22,1291.699951171875,0.0011626104919919,72.12999725341797,-0.0015227105980678,1.7,0.02781921607842497,0.00010889200656571951,0.0010537184854261805
2018-05-23,1289.300048828125,-0.0018579410346595,71.83999633789062,-0.0040205313540837,1.7,0.02781921607842497,0.00010889200656571951,-0.0019668330412252197
2018-05-24,1303.699951171875,0.0111687751480644,70.70999908447266,-0.0157293612335831,1.7,0.02781921607842497,0.00010889200656571951,0.01105988314149868
2018-05-25,1303.300048828125,-0.0003067441579563,67.87999725341797,-0.0400226540474688,1.7,0.02781921607842497,0.00010889200656571951,-0.00041563616452201953
2018-05-29,1298.699951171875,-0.0035295768310499,66.7300033569336,-0.0169415725252768,1.7,0.02781921607842497,0.00010889200656571951,-0.0036384688376156194
2018-05-30,1301.5,0.0021560398347582,68.20999908447266,0.0221788648746603,1.7,0.02781921607842497,0.00010889200656571951,0.0020471478281924803
2018-05-31,1300.0999755859375,-0.0010757006638973,67.04000091552734,-0.0171528835163354,1.7,0.02781921607842497,0.00010889200656571951,-0.0011845926704630195
2018-06-01,1294.800048828125,-0.0040765532323188,65.80999755859375,-0.0183473051929614,1.7,0.028075506935940187,0.00010988149153856597,-0.004186434723857366
2018-06-04,1293.0999755859375,-0.0013130006009237,64.75,-0.0161069381236488,1.7,0.028075506935940187,0.00010988149153856597,-0.001422882092462266
2018-06-05,1297.5,0.003402694684971,65.5199966430664,0.0118918400473575,1.7,0.028075506935940187,0.00010988149153856597,0.003292813193432434
2018-06-06,1297.0999755859375,-0.0003083039800095,64.7300033569336,-0.0120572852046446,1.7,0.028075506935940187,0.00010988149153856597,-0.00041818547154806596
2018-06-07,1298.699951171875,0.0012335021324896,65.94999694824219,0.0188474204856952,1.7,0.028075506935940187,0.00010988149153856597,0.001123620640951034
2018-06-08,1298.0999755859375,-0.000461981680523,65.73999786376953,-0.0031842167428371,1.7,0.028075506935940187,0.00010988149153856597,-0.000571863172061566
2018-06-11,1298.9000244140625,0.0006163229667759,66.0999984741211,0.0054761275030397,1.7,0.028075506935940187,0.00010988149153856597,0.000506441475237334
2018-06-12,1295.0999755859375,-0.0029255899273996,66.36000061035156,0.0039334665995833,1.7,0.028075506935940187,0.00010988149153856597,-0.003035471418938166
2018-06-13,1296.9000244140625,0.0013898917937285,66.63999938964844,0.0042193908487275,1.7,0.028075506935940187,0.00010988149153856597,0.001280010302189934
2018-06-14,1304.0,0.0054745743328559,66.88999938964844,0.0037515006345998,1.9,0.028075506935940187,0.00010988149153856597,0.005364692841317334
2018-06-15,1274.5999755859375,-0.0225460309923791,65.05999755859375,-0.0273583771528317,1.9,0.028075506935940187,0.00010988149153856597,-0.022655912483917667
2018-06-18,1276.199951171875,0.0012552766488183,65.8499984741211,0.0121426520930294,1.9,0.028075506935940187,0.00010988149153856597,0.001145395157279734
2018-06-19,1275.5999755859375,-0.0004701266328889,65.06999969482422,-0.0118450842425366,1.91,0.028075506935940187,0.00010988149153856597,-0.000580008124427466
2018-06-20,1271.199951171875,-0.0034493763705517,66.22000122070312,0.0176732984673793,1.92,0.028075506935940187,0.00010988149153856597,-0.003559257862090266
2018-06-21,1267.199951171875,-0.0031466332234457,65.54000091552734,-0.0102688053856934,1.92,0.028075506935940187,0.00010988149153856597,-0.003256514714984266
2018-06-22,1267.4000244140625,0.0001578860873554,68.58000183105469,0.0463839010232165,1.92,0.028075506935940187,0.00010988149153856597,4.800459581683403e-05
2018-06-25,1265.5999755859375,-0.0014202688917867,68.08000183105469,-0.0072907551275915,1.92,0.028075506935940187,0.00010988149153856597,-0.001530150383325266
2018-06-26,1256.5999755859375,-0.0071112517174577,70.52999877929688,0.0359870282366034,1.92,0.028075506935940187,0.00010988149153856597,-0.007221133208996266
2018-06-27,1252.800048828125,-0.0030239748779563,72.76000213623047,0.0316177994545519,1.91,0.028075506935940187,0.00010988149153856597,-0.003133856369494866
2018-06-28,1247.800048828125,-0.0039910598699904,73.44999694824219,0.0094831609641767,1.91,0.028075506935940187,0.00010988149153856597,-0.004100941361528966
2018-06-29,1251.300048828125,0.0028049365788109,74.1500015258789,0.0095303554352763,1.91,0.028075506935940187,0.00010988149153856597,0.002695055087272334
2018-07-02,1239.800048828125,-0.0091904415817533,73.94000244140625,-0.0028320846952291,1.91,0.02854124785561929,0.00011167899029129735,-0.009302120572044598
2018-07-03,1251.5999755859375,0.0095176046887286,74.13999938964844,0.0027048544987631,1.91,0.02854124785561929,0.00011167899029129735,0.009405925698437302
2018-07-05,1257.300048828125,0.004554229269235,72.94000244140625,-0.0161855537917596,1.91,0.02854124785561929,0.00011167899029129735,0.004442550278943702
2018-07-06,1254.300048828125,-0.0023860652855268,73.80000305175781,0.0117905207234181,1.91,0.02854124785561929,0.00011167899029129735,-0.002497744275818097
2018-07-09,1258.0999755859375,0.0030295197400038,73.8499984741211,0.0006774447194564,1.91,0.02854124785561929,0.00011167899029129735,0.0029178407497125027
2018-07-10,1253.800048828125,-0.0034177941668028,74.11000061035156,0.0035206789655057,1.91,0.02854124785561929,0.00011167899029129735,-0.0035294731570940973
2018-07-11,1242.800048828125,-0.0087733287379285,70.37999725341797,-0.0503306345461369,1.91,0.02854124785561929,0.00011167899029129735,-0.008885007728219797
2018-07-12,1245.0,0.001770156972515,70.33000183105469,-0.0007103640851712,1.91,0.02854124785561929,0.00011167899029129735,0.0016584779822237025
2018-07-13,1239.5999755859375,-0.0043373690072791,71.01000213623047,0.0096687087654179,1.91,0.02854124785561929,0.00011167899029129735,-0.004449047997570397
2018-07-16,1238.0999755859375,-0.0012100677876272,68.05999755859375,-0.041543507800172,1.91,0.02854124785561929,0.00011167899029129735,-0.0013217467779184974
2018-07-17,1225.699951171875,-0.01001536601129,68.08000183105469,0.000293921145732,1.91,0.02854124785561929,0.00011167899029129735,-0.010127045001581297
2018-07-18,1226.300048828125,0.0004895958881911,68.76000213623047,0.0099882533326489,1.91,0.02854124785561929,0.00011167899029129735,0.00037791689789980264
2018-07-19,1222.4000244140625,-0.0031803182408656,69.45999908447266,0.0101802927064389,1.91,0.02854124785561929,0.00011167899029129735,-0.0032919972311568975
2018-07-20,1229.5,0.0058082259850582,70.45999908447266,0.0143967753121312,1.91,0.02854124785561929,0.00011167899029129735,0.005696546994766903
2018-07-23,1224.0,-0.0044733631557544,67.88999938964844,-0.0364745916579294,1.91,0.02854124785561929,0.00011167899029129735,-0.004585042146045697
2018-07-24,1223.9000244140625,-8.167940027570264e-05,68.5199966430664,0.0092796768166421,1.91,0.02854124785561929,0.00011167899029129735,-0.000193358390567
2018-07-25,1231.4000244140625,0.0061279515077963,69.30000305175781,0.0113836317411777,1.91,0.02854124785561929,0.00011167899029129735,0.006016272517505003
2018-07-26,1225.300048828125,-0.0049536912985201,69.61000061035156,0.0044732690467881,1.91,0.02854124785561929,0.00011167899029129735,-0.005065370288811397
2018-07-27,1222.5999755859375,-0.0022036016768054,68.69000244140625,-0.0132164654629883,1.91,0.02854124785561929,0.00011167899029129735,-0.002315280667096697
2018-07-30,1221.300048828125,-0.0010632478192137,70.12999725341797,0.0209636739093153,1.91,0.02854124785561929,0.00011167899029129735,-0.0011749268095049973
2018-07-31,1223.699951171875,0.001965039095882,68.76000213623047,-0.0195350801488977,1.91,0.02854124785561929,0.00011167899029129735,0.0018533601055907025
2018-08-01,1217.9000244140625,-0.0047396641245741,67.66000366210938,-0.0159976503773476,1.91,0.026429238568742575,0.00010352131208057891,-0.004843185436654679
2018-08-02,1210.5999755859375,-0.0059939639393939,68.95999908447266,0.0192136469405972,1.91,0.026429238568742575,0.00010352131208057891,-0.006097485251474479
2018-08-03,1214.199951171875,0.0029737119267618,68.48999786376953,-0.0068155630357157,1.91,0.026429238568742575,0.00010352131208057891,0.002870190614681221
2018-08-06,1208.5999755859375,-0.0046120703435482,69.01000213623047,0.0075924118656749,1.91,0.026429238568742575,0.00010352131208057891,-0.004715591655628779
2018-08-07,1209.5999755859375,0.0008274036241935,69.16999816894531,0.0023184470042327,1.91,0.026429238568742575,0.00010352131208057891,0.0007238823121129211
2018-08-08,1212.5999755859375,0.0024801587802172,66.94000244140625,-0.0322393492347994,1.91,0.026429238568742575,0.00010352131208057891,0.002376637468136621
2018-08-09,1211.9000244140625,-0.000577231721893,66.80999755859375,-0.0019421105179416,1.91,0.026429238568742575,0.00010352131208057891,-0.0006807530339735789
2018-08-10,1211.0999755859375,-0.0006601607492431,67.62999725341797,0.012273607615463,1.91,0.026429238568742575,0.00010352131208057891,-0.0007636820613236789
2018-08-13,1191.300048828125,-0.0163487136957732,67.19999694824219,-0.0063581298630623,1.91,0.026429238568742575,0.00010352131208057891,-0.01645223500785378
2018-08-14,1193.0,0.0014269714615955,67.04000091552734,-0.0023808934520945,1.91,0.026429238568742575,0.00010352131208057891,0.0013234501495149212
2018-08-15,1177.5,-0.0129924559932942,65.01000213623047,-0.0302804109721708,1.91,0.026429238568742575,0.00010352131208057891,-0.01309597730537478
2018-08-16,1176.199951171875,-0.0011040754378981,65.45999908447266,0.0069219648278,1.92,0.026429238568742575,0.00010352131208057891,-0.001207596749978679
2018-08-17,1176.5,0.000255100187537,65.91000366210938,0.0068744971575085,1.92,0.026429238568742575,0.00010352131208057891,0.0001515788754564211
2018-08-20,1186.800048828125,0.0087548226333404,66.43000030517578,0.0078894949806433,1.92,0.026429238568742575,0.00010352131208057891,0.008651301321259821
2018-08-21,1192.5999755859375,0.0048870294229761,67.3499984741211,0.0138491369068025,1.92,0.026429238568742575,0.00010352131208057891,0.004783508110895521
2018-08-22,1196.300048828125,0.0031025266794673,67.86000061035156,0.0075724149634008,1.92,0.026429238568742575,0.00010352131208057891,0.002999005367386721
2018-08-23,1187.0,-0.0077740102386815,67.83000183105469,-0.0004420686564553,1.92,0.026429238568742575,0.00010352131208057891,-0.007877531550762078
2018-08-24,1206.300048828125,0.0162595188105518,68.72000122070312,0.0131210285363867,1.92,0.026429238568742575,0.00010352131208057891,0.01615599749847122
2018-08-27,1209.0,0.0022382086235492,68.87000274658203,0.0021827928290798,1.92,0.026429238568742575,0.00010352131208057891,0.002134687311468621
2018-08-28,1207.4000244140625,-0.0013233875814205,68.52999877929688,-0.0049368949284966,1.92,0.026429238568742575,0.00010352131208057891,-0.0014269088935010788
2018-08-29,1204.5,-0.0024018753978987,69.51000213623047,0.0143003556747423,1.92,0.026429238568742575,0.00010352131208057891,-0.002505396709979279
2018-08-30,1197.699951171875,-0.0056455365945412,70.25,0.0106459191631045,1.92,0.026429238568742575,0.00010352131208057891,-0.005749057906621779
2018-08-31,1200.300048828125,0.002170909044211,69.80000305175781,-0.0064056505087856,1.91,0.026429238568742575,0.00010352131208057891,0.002067387732130421
2018-09-04,1192.699951171875,-0.0063318314980242,69.87000274658203,0.0010028609135204,1.92,0.02332055105808828,9.14834781291507e-05,-0.00642331497615335
2018-09-05,1194.9000244140625,0.0018446158566753,68.72000122070312,-0.0164591595917056,1.92,0.02332055105808828,9.14834781291507e-05,0.0017531323785461492
2018-09-06,1197.9000244140625,0.0025106702976853,67.7699966430664,-0.0138242805698687,1.92,0.02332055105808828,9.14834781291507e-05,0.0024191868195561493
2018-09-07,1193.5999755859375,-0.0035896558481399,67.75,-0.0002950663133676,1.92,0.02332055105808828,9.14834781291507e-05,-0.0036811393262690508
2018-09-10,1193.0,-0.0005026605212881,67.54000091552734,-0.0030996174829912,1.92,0.02332055105808828,9.14834781291507e-05,-0.0005941439994172507
2018-09-11,1195.4000244140625,0.0020117555859702,69.25,0.0253183159800569,1.92,0.02332055105808828,9.14834781291507e-05,0.0019202721078410492
2018-09-12,1204.699951171875,0.0077797612245917,70.37000274658203,0.0161733248603903,1.92,0.02332055105808828,9.14834781291507e-05,0.007688277746462549
2018-09-13,1202.0,-0.0022411814404479,68.58999633789062,-0.02529496005708,1.92,0.02332055105808828,9.14834781291507e-05,-0.0023326649185770507
2018-09-14,1195.0,-0.0058236272878535,68.98999786376953,0.0058317764577271,1.92,0.02332055105808828,9.14834781291507e-05,-0.005915110765982651
2018-09-17,1199.699951171875,0.0039330135329498,68.91000366210938,-0.001159504335949,1.92,0.02332055105808828,9.14834781291507e-05,0.003841530054820649
2018-09-18,1196.800048828125,-0.0024171896822345,69.8499984741211,0.0136409049783374,1.92,0.02332055105808828,9.14834781291507e-05,-0.0025086731603636506
2018-09-19,1202.199951171875,0.0045119503036763,71.12000274658203,0.0181818797452295,1.92,0.02332055105808828,9.14834781291507e-05,0.004420466825547149
2018-09-20,1206.199951171875,0.0033272335405611,70.80000305175781,-0.0044994331055421,1.92,0.02332055105808828,9.14834781291507e-05,0.0032357500624319493
2018-09-21,1196.199951171875,-0.0082904994236524,70.77999877929688,-0.0002825462090207,1.92,0.02332055105808828,9.14834781291507e-05,-0.00838198290178155
2018-09-24,1199.300048828125,0.0025916216207941,72.08000183105469,0.0183668137069545,1.93,0.02332055105808828,9.14834781291507e-05,0.002500138142664949
2018-09-25,1200.0,0.0005836330721065,72.27999877929688,0.0027746523746066,1.93,0.02332055105808828,9.14834781291507e-05,0.0004921495939773493
2018-09-26,1194.0,-0.005,71.56999969482422,-0.0098228984015426,1.93,0.02332055105808828,9.14834781291507e-05,-0.005091483478129151
2018-09-27,1182.300048828125,-0.0097989540802972,72.12000274658203,0.0076848268003777,2.18,0.02332055105808828,9.14834781291507e-05,-0.00989043755842635
2018-09-28,1191.5,0.0077814013295471,73.25,0.0156682918799739,2.18,0.02332055105808828,9.14834781291507e-05,0.007689917851417949
2018-10-01,1187.0999755859375,-0.0036928446614037,75.30000305175781,0.0279863897850896,2.18,0.02492032470218053,9.768285625955109e-05,-0.003790527517663251
2018-10-02,1202.4000244140625,0.0128885933306275,75.2300033569336,-0.0009296107833635,2.18,0.02492032470218053,9.768285625955109e-05,0.012790910474367949
2018-10-03,1198.300048828125,-0.0034098265990434,76.41000366210938,0.0156852353119962,2.18,0.02492032470218053,9.768285625955109e-05,-0.003507509455302951
2018-10-04,1197.199951171875,-0.0009180485783387,74.33000183105469,-0.0272215905165063,2.18,0.02492032470218053,9.768285625955109e-05,-0.0010157314345982512
2018-10-05,1201.199951171875,0.0033411294379728,74.33999633789062,0.0001344612752554,2.18,0.02492032470218053,9.768285625955109e-05,0.003243446581713249
2018-10-08,1184.4000244140625,-0.0139859535803532,74.29000091552734,-0.0006725238744436,2.18,0.02492032470218053,9.768285625955109e-05,-0.014083636436612751
2018-10-09,1187.199951171875,0.0023640043060599,74.95999908447266,0.0090186857004772,2.18,0.02492032470218053,9.768285625955109e-05,0.002266321449800349
2018-10-10,1189.300048828125,0.001768950254906,73.16999816894531,-0.0238794148531162,2.18,0.02492032470218053,9.768285625955109e-05,0.001671267398646449
2018-10-11,1223.5,0.0287563690975829,70.97000122070312,-0.0300669263809809,2.18,0.02492032470218053,9.768285625955109e-05,0.02865868624132335
2018-10-12,1218.0999755859375,-0.004413587588118,71.33999633789062,0.0052134015897349,2.18,0.02492032470218053,9.768285625955109e-05,-0.004511270444377551
2018-10-15,1226.4000244140625,0.0068139307072332,71.77999877929688,0.006167682422105,2.18,0.02492032470218053,9.768285625955109e-05,0.006716247850973649
2018-10-16,1227.300048828125,0.0007338750783967,71.91999816894531,0.0019503955423416,2.18,0.02492032470218053,9.768285625955109e-05,0.0006361922221371489
2018-10-17,1223.699951171875,-0.0029333476028844,69.75,-0.0301723891016769,2.19,0.02492032470218053,9.768285625955109e-05,-0.0030310304591439513
2018-10-18,1226.5,0.0022881825119331,68.6500015258789,-0.0157705874425962,2.19,0.02492032470218053,9.768285625955109e-05,0.0021904996556735487
2018-10-19,1225.300048828125,-0.00097835399256,69.12000274658203,0.0068463395521696,2.19,0.02492032470218053,9.768285625955109e-05,-0.0010760368488195512
2018-10-22,1221.199951171875,-0.0033461988842417,69.16999816894531,0.0007233133735047,2.19,0.02492032470218053,9.768285625955109e-05,-0.0034438817405012512
2018-10-23,1233.4000244140625,0.0099902339747721,66.43000030517578,-0.0396125189576727,2.2,0.02492032470218053,9.768285625955109e-05,0.009892551118512548
2018-10-24,1227.800048828125,-0.0045402752351961,66.81999969482422,0.005870832272419,2.2,0.02492032470218053,9.768285625955109e-05,-0.004637958091455651
2018-10-25,1229.0999755859375,0.0010587446702361,67.33000183105469,0.0076324773804208,2.2,0.02492032470218053,9.768285625955109e-05,0.000961061813976549
2018-10-26,1232.5,0.0027662716472203,67.58999633789062,0.0038614956151095,2.2,0.02492032470218053,9.768285625955109e-05,0.002668588790960749
2018-10-29,1224.5,-0.0064908722109533,67.04000091552734,-0.0081372311312725,2.2,0.02492032470218053,9.768285625955109e-05,-0.006588555067212851
2018-10-30,1222.5999755859375,-0.0015516736742037,66.18000030517578,-0.0128281712202718,2.2,0.02492032470218053,9.768285625955109e-05,-0.001649356530463251
2018-10-31,1212.300048828125,-0.0084246090000748,65.30999755859375,-0.0131460069895766,2.2,0.02492032470218053,9.768285625955109e-05,-0.008522291856334352
2018-11-01,1236.0,0.0195495753669108,63.68999862670898,-0.0248047617890563,2.2,0.02147328577667773,8.431301040134898e-05,0.01946526235650945
2018-11-02,1230.9000244140625,-0.0041261938397552,63.13999938964844,-0.0086355667910141,2.19,0.02147328577667773,8.431301040134898e-05,-0.004210506850156549
2018-11-05,1229.800048828125,-0.0008936351971079,63.09999847412109,-0.0006335273347167,2.2,0.02147328577667773,8.431301040134898e-05,-0.0009779482075092491
2018-11-06,1223.800048828125,-0.0048788418944343,62.209999084472656,-0.0141045865478657,2.2,0.02147328577667773,8.431301040134898e-05,-0.004963154904835649
2018-11-07,1226.199951171875,0.0019610248798798,61.66999816894531,-0.0086802913273491,2.2,0.02147328577667773,8.431301040134898e-05,0.0018767118694784511
2018-11-08,1222.9000244140625,-0.0026911816092136,60.66999816894531,-0.0162153401928194,2.2,0.02147328577667773,8.431301040134898e-05,-0.002775494619614949
2018-11-09,1206.4000244140625,-0.013492517516226,60.18999862670898,-0.0079116458995052,2.19,0.02147328577667773,8.431301040134898e-05,-0.01357683052662735
2018-11-12,1201.300048828125,-0.00422743325823,59.93000030517578,-0.0043196266400615,2.19,0.02147328577667773,8.431301040134898e-05,-0.004311746268631349
2018-11-13,1199.199951171875,-0.0017481874393484,55.68999862670898,-0.0707492350554954,2.2,0.02147328577667773,8.431301040134898e-05,-0.0018325004497497489
2018-11-14,1207.9000244140625,0.0072548979289781,56.25,0.0100556901975292,2.2,0.02147328577667773,8.431301040134898e-05,0.007170584918576751
2018-11-15,1212.800048828125,0.0040566473342356,56.459999084472656,0.0037333170572917,2.2,0.02147328577667773,8.431301040134898e-05,0.003972334323834251
2018-11-16,1220.800048828125,0.00659630580303,56.459999084472656,0.0,2.2,0.02147328577667773,8.431301040134898e-05,0.006511992792628651
2018-11-19,1223.0999755859375,0.001883950414337,56.7599983215332,0.0053134828537935,2.2,0.02147328577667773,8.431301040134898e-05,0.001799637403935651
2018-11-20,1219.0,-0.003352118116079,53.43000030517578,-0.0586680428969306,2.2,0.02147328577667773,8.431301040134898e-05,-0.003436431126480349
2018-11-21,1225.800048828125,0.0055783829599056,54.630001068115234,0.0224593066832381,2.2,0.02147328577667773,8.431301040134898e-05,0.005494069949504251
2018-11-23,1221.0,-0.0039158497609083,50.41999816894531,-0.0770639358751008,2.2,0.02147328577667773,8.431301040134898e-05,-0.004000162771309649
2018-11-26,1220.199951171875,-0.000655240645475,51.630001068115234,0.023998471699969,2.2,0.02147328577667773,8.431301040134898e-05,-0.000739553655876349
2018-11-27,1211.199951171875,-0.0073758403213805,51.560001373291016,-0.0013557949520836,2.2,0.02147328577667773,8.431301040134898e-05,-0.007460153331781849
2018-11-28,1221.4000244140625,0.0084214610744646,50.290000915527344,-0.0246315055069326,2.2,0.02147328577667773,8.431301040134898e-05,0.00833714806406325
2018-11-29,1224.0999755859375,0.0022105380038535,51.45000076293945,0.0230662124934253,2.2,0.02147328577667773,8.431301040134898e-05,0.002126224993452151
2018-11-30,1220.199951171875,-0.0031860342225689,50.93000030517578,-0.0101069086501984,2.2,0.02147328577667773,8.431301040134898e-05,-0.003270347232970249
2018-12-03,1233.9000244140625,0.0112277280695103,52.95000076293945,0.0396622903133654,2.19,0.020023809043401064,7.867757596247138e-05,0.011149050493547828
2018-12-04,1241.0999755859375,0.0058351171321955,53.25,0.0056657078892909,2.2,0.020023809043401064,7.867757596247138e-05,0.005756439556233029
2018-12-06,1238.0999755859375,-0.0024172105865876,51.4900016784668,-0.033051611671985,2.2,0.020023809043401064,7.867757596247138e-05,-0.0024958881625500714
2018-12-07,1246.800048828125,0.0070269553458881,52.61000061035156,0.0217517750121407,2.19,0.020023809043401064,7.867757596247138e-05,0.0069482777699256286
2018-12-10,1243.699951171875,-0.0024864433227795,51.0,-0.0306025582906908,2.2,0.020023809043401064,7.867757596247138e-05,-0.002565120898741971
2018-12-11,1241.9000244140625,-0.0014472355298531,51.650001525878906,0.0127451279584098,2.19,0.020023809043401064,7.867757596247138e-05,-0.0015259131058155714
2018-12-12,1244.4000244140625,0.0020130444889712,51.150001525878906,-0.0096805418243691,2.19,0.020023809043401064,7.867757596247138e-05,0.0019343669130087288
2018-12-13,1242.699951171875,-0.0013661790492072,52.58000183105469,0.0279569943796049,2.19,0.020023809043401064,7.867757596247138e-05,-0.0014448566251696715
2018-12-14,1237.0,-0.0045867477233743,51.20000076293945,-0.0262457402065015,2.19,0.020023809043401064,7.867757596247138e-05,-0.0046654252993367715
2018-12-17,1247.4000244140625,0.0084074570849332,49.880001068115234,-0.025781243655365,2.2,0.020023809043401064,7.867757596247138e-05,0.008328779508970728
2018-12-18,1249.199951171875,0.0014429426988811,46.2400016784668,-0.0729751265377424,2.2,0.020023809043401064,7.867757596247138e-05,0.0013642651229186285
2018-12-19,1252.0999755859375,0.0023215053853804,47.20000076293945,0.0207612251216615,2.2,0.020023809043401064,7.867757596247138e-05,0.0022428278094179287
2018-12-20,1263.5999755859375,0.0091845701016153,45.880001068115234,-0.0279660947772835,2.4,0.020023809043401064,7.867757596247138e-05,0.00910589252565283
2018-12-21,1253.800048828125,-0.007755561053464,45.59000015258789,-0.0063208567736691,2.4,0.020023809043401064,7.867757596247138e-05,-0.007834238629426471
2018-12-24,1267.5,0.0109267432113115,42.52999877929688,-0.067120012350281,2.4,0.020023809043401064,7.867757596247138e-05,0.010848065635349029
2018-12-26,1269.199951171875,0.0013411843565089,46.220001220703125,0.0867623453401673,2.4,0.020023809043401064,7.867757596247138e-05,0.0012625067805464285
2018-12-27,1277.300048828125,0.0063820500849933,44.61000061035156,-0.0348334177375659,2.4,0.020023809043401064,7.867757596247138e-05,0.006303372509030829
2018-12-28,1279.9000244140625,0.0020355245334273,45.33000183105469,0.0161399060939724,2.4,0.020023809043401064,7.867757596247138e-05,0.0019568469574648287
2018-12-31,1278.300048828125,-0.0012500785650582,45.40999984741211,0.001764791818354,2.4,0.020023809043401064,7.867757596247138e-05,-0.0013287561410206714
2019-01-02,1281.0,0.0021121419609975,46.540000915527344,0.0248844103041685,2.4,0.014875893578291333,5.859827507070925e-05,0.0020535436859267907
2019-01-03,1291.800048828125,0.0084309514661398,47.09000015258789,0.0118177745217242,2.4,0.014875893578291333,5.859827507070925e-05,0.00837235319106909
2019-01-04,1282.699951171875,-0.0070445094536923,47.959999084472656,0.0184752373978693,2.4,0.014875893578291333,5.859827507070925e-05,-0.007103107728763009
2019-01-07,1286.800048828125,0.0031964588854191,48.52000045776367,0.011676425854485,2.4,0.014875893578291333,5.859827507070925e-05,0.003137860610348391
2019-01-08,1283.199951171875,-0.0027977133351281,49.77999877929688,0.025968637873984,2.4,0.014875893578291333,5.859827507070925e-05,-0.0028563116101988093
2019-01-09,1289.300048828125,0.0047538169329566,52.36000061035156,0.0518280814447849,2.4,0.014875893578291333,5.859827507070925e-05,0.004695218657885891
2019-01-10,1284.699951171875,-0.003567903111794,52.59000015258789,0.0043926573635459,2.4,0.014875893578291333,5.859827507070925e-05,-0.0036265013868647094
2019-01-11,1287.0999755859375,0.0018681594965994,51.59000015258789,-0.0190150218121037,2.4,0.014875893578291333,5.859827507070925e-05,0.0018095612215286907
2019-01-14,1289.0999755859375,0.0015538808468158,50.5099983215332,-0.0209343250215228,2.4,0.014875893578291333,5.859827507070925e-05,0.0014952825717450908
2019-01-15,1286.199951171875,-0.0022496505073195,52.11000061035156,0.0316769420310245,2.4,0.014875893578291333,5.859827507070925e-05,-0.002308248782390209
2019-01-16,1291.5999755859375,0.0041984330734443,52.310001373291016,0.003838049522105,2.4,0.014875893578291333,5.859827507070925e-05,0.0041398347983735906
2019-01-17,1291.0,-0.000464521211891,52.06999969482422,-0.0045880648473723,2.4,0.014875893578291333,5.859827507070925e-05,-0.0005231194869617093
2019-01-18,1281.300048828125,-0.0075135175614833,53.79999923706055,0.0332244968768127,2.4,0.014875893578291333,5.859827507070925e-05,-0.007572115836554009
2019-01-22,1282.5,0.0009365106736494,52.56999969482422,-0.0228624453471931,2.4,0.014875893578291333,5.859827507070925e-05,0.0008779123985786908
2019-01-23,1283.0999755859375,0.0004678172210039,52.619998931884766,0.0009510982946698,2.4,0.014875893578291333,5.859827507070925e-05,0.00040921894593319076
2019-01-24,1279.0999755859375,-0.0031174499852775,53.130001068115234,0.0096921730631476,2.4,0.014875893578291333,5.859827507070925e-05,-0.0031760482603482095
2019-01-25,1297.4000244140625,0.0143069730102542,53.68999862670898,0.0105401382897736,2.4,0.014875893578291333,5.859827507070925e-05,0.01424837473518349
2019-01-28,1302.4000244140625,0.0038538614967715,51.9900016784668,-0.0316631959717819,2.4,0.014875893578291333,5.859827507070925e-05,0.0037952632217007906
2019-01-29,1308.199951171875,0.0044532606335152,53.310001373291016,0.0253894912908021,2.4,0.014875893578291333,5.859827507070925e-05,0.004394662358444491
2019-01-30,1309.9000244140625,0.0012995515254869,54.22999954223633,0.0172575153863387,2.4,0.014875893578291333,5.859827507070925e-05,0.0012409532504161908
2019-01-31,1319.699951171875,0.0074814310826478,53.790000915527344,-0.0081135650087236,2.4,0.014875893578291333,5.859827507070925e-05,0.007422832807577091
2019-02-01,1316.9000244140625,-0.0021216389038479,55.2599983215332,0.0273284510315283,2.4,0.015188615351321877,5.982092873302314e-05,-0.0021814598325809232
2019-02-04,1314.300048828125,-0.0019743150867465,54.560001373291016,-0.0126673356768709,2.4,0.015188615351321877,5.982092873302314e-05,-0.0020341360154795232
2019-02-05,1314.199951171875,-7.616042952995894e-05,53.65999984741211,-0.0164956287248094,2.4,0.015188615351321877,5.982092873302314e-05,-0.00013598135826298208
2019-02-06,1309.5,-0.003576283173412,54.0099983215332,0.0065225209675057,2.4,0.015188615351321877,5.982092873302314e-05,-0.003636104102145023
2019-02-07,1309.4000244140625,-7.634638101372548e-05,52.63999938964844,-0.0253656540355522,2.4,0.015188615351321877,5.982092873302314e-05,-0.00013616730974674862
2019-02-08,1313.699951171875,0.0032838908489685,52.720001220703125,0.001519791641001,2.4,0.015188615351321877,5.982092873302314e-05,0.0032240699202354768
2019-02-11,1307.0,-0.0051000619783067,52.40999984741211,-0.0058801473086703,2.4,0.015188615351321877,5.982092873302314e-05,-0.005159882907039723
2019-02-12,1309.199951171875,0.0016832067114576,53.09999847412109,0.0131654002808216,2.4,0.015188615351321877,5.982092873302314e-05,0.001623385782724577
2019-02-13,1310.800048828125,0.0012221950167488,53.900001525878906,0.0150659712758316,2.4,0.015188615351321877,5.982092873302314e-05,0.0011623740880157768
2019-02-14,1309.800048828125,-0.00076289286142,54.40999984741211,0.0094619351965758,2.4,0.015188615351321877,5.982092873302314e-05,-0.0008227137901530232
2019-02-15,1318.0999755859375,0.0063367891650625,55.59000015258789,0.0216871955244437,2.4,0.015188615351321877,5.982092873302314e-05,0.006276968236329477
2019-02-19,1340.0999755859375,0.0166906914554947,56.09000015258789,0.0089944234327676,2.4,0.015188615351321877,5.982092873302314e-05,0.01663087052676168
2019-02-20,1343.300048828125,0.0023879361991543,56.91999816894531,0.0147976112337222,2.4,0.015188615351321877,5.982092873302314e-05,0.002328115270421277
2019-02-21,1323.5,-0.0147398556602438,56.959999084472656,0.0007027567957507,2.4,0.015188615351321877,5.982092873302314e-05,-0.014799676588976823
2019-02-22,1329.199951171875,0.004306725479316,57.2599983215332,0.0052668406229368,2.4,0.015188615351321877,5.982092873302314e-05,0.004246904550582977
2019-02-25,1325.9000244140625,-0.0024826413474535,55.47999954223633,-0.031086252732695,2.4,0.015188615351321877,5.982092873302314e-05,-0.002542462276186523
2019-02-26,1325.0999755859375,-0.0006034005682129,55.5,0.0003604985207046,2.4,0.015188615351321877,5.982092873302314e-05,-0.0006632214969459232
2019-02-27,1317.699951171875,-0.0055845027170801,56.93999862670898,0.0259459212019637,2.4,0.015188615351321877,5.982092873302314e-05,-0.005644323645813123
2019-02-28,1312.800048828125,-0.0037185266185919,57.220001220703125,0.0049175026474763,2.4,0.015188615351321877,5.982092873302314e-05,-0.0037783475473249233
2019-03-01,1296.4000244140625,-0.0124924008257785,55.79999923706055,-0.0248165318655883,2.4,0.018831863513063984,7.403741986911072e-05,-0.01256643824564761
2019-03-04,1284.800048828125,-0.0089478365994172,56.59000015258789,0.014157722694065,2.4,0.018831863513063984,7.403741986911072e-05,-0.009021874019286311
2019-03-05,1282.0,-0.0021793654434236,56.560001373291016,-0.0005301074256226,2.4,0.018831863513063984,7.403741986911072e-05,-0.0022534028632927106
2019-03-06,1284.9000244140625,0.0022621095273498,56.220001220703125,-0.0060113179691053,2.4,0.018831863513063984,7.403741986911072e-05,0.0021880721074806894
2019-03-07,1283.800048828125,-0.0008560787337824,56.65999984741211,0.0078263717032249,2.4,0.018831863513063984,7.403741986911072e-05,-0.0009301161536515107
2019-03-08,1297.0,0.0102819369604512,56.06999969482422,-0.0104129924845886,2.4,0.018831863513063984,7.403741986911072e-05,0.010207899540582089
2019-03-11,1288.800048828125,-0.0063222445426946,56.790000915527344,0.0128411133337242,2.4,0.018831863513063984,7.403741986911072e-05,-0.00639628196256371
2019-03-12,1296.300048828125,0.0058193666324108,56.869998931884766,0.0014086637624186,2.4,0.018831863513063984,7.403741986911072e-05,0.0057453292125416895
2019-03-13,1307.5,0.0086399373216099,58.2599983215332,0.0244416988879019,2.4,0.018831863513063984,7.403741986911072e-05,0.00856589990174079
2019-03-14,1293.4000244140625,-0.0107839201422084,58.61000061035156,0.0060075918108806,2.4,0.018831863513063984,7.403741986911072e-05,-0.010857957562077511
2019-03-15,1301.800048828125,0.0064945293455269,58.52000045776367,-0.0015355767215603,2.4,0.018831863513063984,7.403741986911072e-05,0.0064204919256577895
2019-03-18,1300.300048828125,-0.00115225068654,59.09000015258789,0.0097402544491709,2.4,0.018831863513063984,7.403741986911072e-05,-0.0012262881064091108
2019-03-19,1305.0,0.0036145128011881,59.02999877929688,-0.0010154234749716,2.4,0.018831863513063984,7.403741986911072e-05,0.0035404753813189894
2019-03-20,1300.5,-0.0034482758620689,59.83000183105469,0.0135524829459829,2.41,0.018831863513063984,7.403741986911072e-05,-0.0035223132819380107
2019-03-21,1306.0999755859375,0.0043060173671183,59.97999954223633,0.002507065127713,2.41,0.018831863513063984,7.403741986911072e-05,0.004231979947249189
2019-03-22,1311.5999755859375,0.0042110099554459,59.040000915527344,-0.0156718678540013,2.41,0.018831863513063984,7.403741986911072e-05,0.0041369725355767896
2019-03-25,1321.9000244140625,0.0078530413387081,58.81999969482422,-0.003726307880955,2.4,0.018831863513063984,7.403741986911072e-05,0.007779003918838989
2019-03-26,1314.300048828125,-0.0057492816745398,59.93999862670898,0.0190411244082906,2.4,0.018831863513063984,7.403741986911072e-05,-0.005823319094408911
2019-03-27,1309.9000244140625,-0.0033478081492773,59.40999984741211,-0.0088421553460081,2.41,0.018831863513063984,7.403741986911072e-05,-0.0034218455691464107
2019-03-28,1289.800048828125,-0.0153446638761065,59.29999923706055,-0.0018515504230615,2.41,0.018831863513063984,7.403741986911072e-05,-0.01541870129597561
2019-03-29,1293.0,0.0024809668558956,60.13999938964844,0.0141652641381977,2.43,0.018831863513063984,7.403741986911072e-05,0.002406929436026489
2019-04-01,1288.4000244140625,-0.0035575990610499,61.59000015258789,0.0241104219763099,2.41,0.020005834702090608,7.860764329192804e-05,-0.0036362067043418283
2019-04-02,1290.0,0.0012418313843676,62.58000183105469,0.0160740652056192,2.41,0.020005834702090608,7.860764329192804e-05,0.0011632237410756719
2019-04-03,1289.9000244140625,-7.750045421506258e-05,62.459999084472656,-0.0019175893747335,2.41,0.020005834702090608,7.860764329192804e-05,-0.00015610809750699062
2019-04-04,1289.0,-0.0006977474199765,62.09999847412109,-0.0057636986171691,2.41,0.020005834702090608,7.860764329192804e-05,-0.000776355063268428
2019-04-05,1290.4000244140625,0.0010861322064099,63.08000183105469,0.0157810528343569,2.41,0.020005834702090608,7.860764329192804e-05,0.001007524563117972
2019-04-08,1297.0999755859375,0.0051921505309311,64.4000015258789,0.020925803051806,2.41,0.020005834702090608,7.860764329192804e-05,0.005113542887639172
2019-04-09,1303.5,0.0049341026401388,63.97999954223633,-0.0065217697778128,2.41,0.020005834702090608,7.860764329192804e-05,0.004855494996846872
2019-04-10,1309.0999755859375,0.0042961070854909,64.61000061035156,0.0098468438984489,2.41,0.020005834702090608,7.860764329192804e-05,0.004217499442198972
2019-04-11,1288.5999755859375,-0.0156596137669504,63.58000183105469,-0.0159417856301932,2.41,0.020005834702090608,7.860764329192804e-05,-0.015738221410242326
2019-04-12,1290.5999755859375,0.0015520720455473,63.88999938964844,0.0048757085508974,2.41,0.020005834702090608,7.860764329192804e-05,0.0014734644022553719
2019-04-15,1286.800048828125,-0.0029443102663064,63.400001525878906,-0.0076693984731657,2.41,0.020005834702090608,7.860764329192804e-05,-0.003022917909598328
2019-04-16,1272.5999755859375,-0.0110351823930371,64.05000305175781,0.0102523897513406,2.41,0.020005834702090608,7.860764329192804e-05,-0.011113790036329028
2019-04-17,1272.199951171875,-0.0003143363364267,63.7599983215332,-0.0045277863607634,2.42,0.020005834702090608,7.860764329192804e-05,-0.00039294397971862804
2019-04-18,1271.9000244140625,-0.0002357544170129,64.0,0.0037641418567249,2.43,0.020005834702090608,7.860764329192804e-05,-0.0003143620603048281
2019-04-22,1273.5,0.0012579413123878,65.69999694824219,0.0265624523162841,2.44,0.020005834702090608,7.860764329192804e-05,0.0011793336690958719
2019-04-23,1269.300048828125,-0.0032979593026108,66.30000305175781,0.0091325134153097,2.44,0.020005834702090608,7.860764329192804e-05,-0.0033765669459027282
2019-04-24,1275.5,0.0048845433966531,65.88999938964844,-0.0061840670171507,2.44,0.020005834702090608,7.860764329192804e-05,0.004805935753361172
2019-04-25,1275.800048828125,0.0002352401631713,65.20999908447266,-0.0103202354147026,2.44,0.020005834702090608,7.860764329192804e-05,0.00015663251987937195
2019-04-26,1284.9000244140625,0.0071327600232466,63.29999923706055,-0.0292899842697115,2.44,0.020005834702090608,7.860764329192804e-05,0.007054152379954672
2019-04-29,1278.5999755859375,-0.0049031432083581,63.5,0.0031595697527648,2.45,0.020005834702090608,7.860764329192804e-05,-0.004981750851650028
2019-04-30,1282.800048828125,0.0032849001426444,63.90999984741211,0.0064566905104268,2.45,0.020005834702090608,7.860764329192804e-05,0.003206292499352472
2019-05-01,1281.4000244140625,-0.0010913816345279,63.59999847412109,-0.0048505926151017,2.45,0.017959105553606136,7.06364071714205e-05,-0.0011620180416993206
2019-05-02,1269.699951171875,-0.0091306953482676,61.810001373291016,-0.0281446091788576,2.41,0.017959105553606136,7.06364071714205e-05,-0.00920133175543902
2019-05-03,1279.199951171875,0.007482082669399,61.93999862670898,0.0021031750611502,2.4,0.017959105553606136,7.06364071714205e-05,0.007411446262227579
2019-05-06,1281.699951171875,0.0019543465411406,62.25,0.0050048656791112,2.4,0.017959105553606136,7.06364071714205e-05,0.0018837101339691793
2019-05-07,1283.5,0.0014044229513148,61.400001525878906,-0.0136545939617845,2.4,0.017959105553606136,7.06364071714205e-05,0.0013337865441433794
2019-05-08,1279.4000244140625,-0.0031943713174424,62.119998931884766,0.0117263418259427,2.39,0.017959105553606136,7.06364071714205e-05,-0.0032650077246138207
2019-05-09,1283.5,0.0032046080254024,61.70000076293945,-0.0067610781739685,2.38,0.017959105553606136,7.06364071714205e-05,0.0031339716182309796
2019-05-10,1285.699951171875,0.0017140250657381,61.65999984741211,-0.0006483130475318,2.38,0.017959105553606136,7.06364071714205e-05,0.0016433886585666795
2019-05-13,1300.0999755859375,0.0112001438601108,61.040000915527344,-0.0100551237985575,2.38,0.017959105553606136,7.06364071714205e-05,0.011129507452939379
2019-05-14,1294.699951171875,-0.0041535455083974,61.77999877929688,0.0121231627239588,2.38,0.017959105553606136,7.06364071714205e-05,-0.004224181915568821
2019-05-15,1296.300048828125,0.0012358829972933,62.02000045776367,0.003884779592246,2.4,0.017959105553606136,7.06364071714205e-05,0.0011652465901218795
2019-05-16,1285.0,-0.0087171552900429,62.869998931884766,0.0137052316647425,2.39,0.017959105553606136,7.06364071714205e-05,-0.00878779169721432
2019-05-17,1274.5,-0.0081712062256809,62.7599983215332,-0.0017496518565356,2.39,0.017959105553606136,7.06364071714205e-05,-0.00824184263285232
2019-05-20,1276.0999755859375,0.0012553751164672,63.09999847412109,0.0054174659286316,2.39,0.017959105553606136,7.06364071714205e-05,0.0011847387092957795
2019-05-21,1272.0,-0.0032128952780952,62.9900016784668,-0.0017432139194014,2.39,0.017959105553606136,7.06364071714205e-05,-0.0032835316852666205
2019-05-22,1273.5999755859375,0.0012578424417748,61.41999816894531,-0.024924646256331,2.38,0.017959105553606136,7.06364071714205e-05,0.0011872060346033795
2019-05-23,1284.800048828125,0.0087940275258209,57.90999984741211,-0.0571474833307289,2.38,0.017959105553606136,7.06364071714205e-05,0.00872339111864948
2019-05-24,1283.0,-0.0014010342152204,58.630001068115234,0.0124331069349035,2.38,0.017959105553606136,7.06364071714205e-05,-0.0014716706223918206
2019-05-28,1276.5,-0.005066250974279,59.13999938964844,0.0086985896681239,2.39,0.017959105553606136,7.06364071714205e-05,-0.00513688738145042
2019-05-29,1280.5999755859375,0.0032118884339502,58.810001373291016,-0.0055799462252815,2.39,0.017959105553606136,7.06364071714205e-05,0.0031412520267787795
2019-05-30,1287.0999755859375,0.0050757458409491,56.59000015258789,-0.0377487020721505,2.39,0.017959105553606136,7.06364071714205e-05,0.005005109433777679
2019-05-31,1305.800048828125,0.0145288428225434,53.5,-0.0546032893489325,2.4,0.017959105553606136,7.06364071714205e-05,0.01445820641537198
2019-06-03,1322.699951171875,0.01294218234937,53.25,-0.0046728971962616,2.38,0.01671194894390049,6.577137277896661e-05,0.012876410976591033
2019-06-04,1323.4000244140625,0.0005292759265373,53.47999954223633,0.0043192402297902,2.38,0.01671194894390049,6.577137277896661e-05,0.00046350455375833335
2019-06-05,1328.300048828125,0.0037026026323612,51.68000030517578,-0.0336574280566135,2.38,0.01671194894390049,6.577137277896661e-05,0.0036368312595822334
2019-06-06,1337.5999755859375,0.0070013750025961,52.59000015258789,0.0176083560765956,2.37,0.01671194894390049,6.577137277896661e-05,0.006935603629817134
2019-06-07,1341.199951171875,0.0026913693567918,53.9900016784668,0.0266210595515659,2.37,0.01671194894390049,6.577137277896661e-05,0.0026255979840128334
2019-06-10,1324.699951171875,-0.0123024161949775,53.2599983215332,-0.013521084168159,2.37,0.01671194894390049,6.577137277896661e-05,-0.012368187567756466
2019-06-11,1326.4000244140625,0.0012833647654955,53.27000045776367,0.0001877982828704,2.37,0.01671194894390049,6.577137277896661e-05,0.0012175933927165334
2019-06-12,1331.9000244140625,0.0041465620467171,51.13999938964844,-0.0399850018736915,2.37,0.01671194894390049,6.577137277896661e-05,0.0040807906739381335
2019-06-13,1339.199951171875,0.0054808368676348,52.27999877929688,0.0222917364734891,2.37,0.01671194894390049,6.577137277896661e-05,0.0054150654948558335
2019-06-14,1340.0999755859375,0.0006720612655899,52.5099983215332,0.0043993792579699,2.36,0.01671194894390049,6.577137277896661e-05,0.0006062898928109333
2019-06-17,1338.699951171875,-0.0010447163939767,51.93000030517578,-0.0110454777165661,2.38,0.01671194894390049,6.577137277896661e-05,-0.0011104877667556666
2019-06-18,1346.5999755859375,0.0059012659312842,53.900001525878906,0.0379357059334886,2.37,0.01671194894390049,6.577137277896661e-05,0.0058354945585052335
2019-06-19,1344.5999755859375,-0.0014852220676223,53.7599983215332,-0.0025974619736973,2.37,0.01671194894390049,6.577137277896661e-05,-0.0015509934404012665
2019-06-20,1392.9000244140625,0.0359215005987763,56.650001525878906,0.053757501759224,2.37,0.01671194894390049,6.577137277896661e-05,0.035855729225997335
2019-06-21,1396.199951171875,0.0023691052480243,57.43000030517578,0.0137687335973071,2.38,0.01671194894390049,6.577137277896661e-05,0.0023033338752453335
2019-06-24,1414.300048828125,0.0129638291715008,57.900001525878906,0.0081838972349921,2.38,0.01671194894390049,6.577137277896661e-05,0.012898057798721833
2019-06-25,1414.9000244140625,0.0004242208620686,57.83000183105469,-0.0012089756991272,2.38,0.01671194894390049,6.577137277896661e-05,0.0003584494892896334
2019-06-26,1411.5999755859375,-0.0023323547750249,59.380001068115234,0.0268026835203765,2.38,0.01671194894390049,6.577137277896661e-05,-0.002398126147803867
2019-06-27,1408.4000244140625,-0.0022668965905491,59.43000030517578,0.0008420214914308,2.38,0.01671194894390049,6.577137277896661e-05,-0.0023326679633280667
2019-06-28,1409.699951171875,0.0009229812093713,58.470001220703125,-0.0161534423614844,2.4,0.01671194894390049,6.577137277896661e-05,0.0008572098365923334
2019-07-01,1385.5999755859375,-0.0170958192670031,59.09000015258789,0.010603709918604,2.39,0.01826331335037068,7.182219098433862e-05,-0.017167641457987437
2019-07-02,1404.5999755859375,0.0137124713732514,56.25,-0.0480622803393834,2.4,0.01826331335037068,7.182219098433862e-05,0.013640649182267062
2019-07-03,1417.699951171875,0.0093264814279045,57.34000015258789,0.0193777804904513,2.41,0.01826331335037068,7.182219098433862e-05,0.00925465923692016
2019-07-05,1396.699951171875,-0.0148127253461787,57.5099983215332,0.0029647395970164,2.42,0.01826331335037068,7.182219098433862e-05,-0.01488454753716304
2019-07-08,1397.0,0.0002148269768844,57.65999984741211,0.0026082686533959,2.41,0.01826331335037068,7.182219098433862e-05,0.00014300478590006138
2019-07-09,1397.5,0.0003579098067287,57.83000183105469,0.0029483521347981,2.41,0.01826331335037068,7.182219098433862e-05,0.0002860876157443614
2019-07-10,1410.0999755859375,0.0090160827090786,60.43000030517578,0.0449593358429549,2.41,0.01826331335037068,7.182219098433862e-05,0.008944260518094261
2019-07-11,1404.300048828125,-0.0041131315922493,60.20000076293945,-0.0038060490000796,2.4,0.01826331335037068,7.182219098433862e-05,-0.0041849537832336385
2019-07-12,1409.9000244140625,0.0039877343809897,60.209999084472656,0.0001660850731974,2.38,0.01826331335037068,7.182219098433862e-05,0.003915912190005361
2019-07-15,1411.4000244140625,0.0010639052230836,59.58000183105469,-0.0104633327187748,2.4,0.01826331335037068,7.182219098433862e-05,0.0009920830320992613
2019-07-16,1409.199951171875,-0.0015587878731267,57.619998931884766,-0.0328969929327581,2.41,0.01826331335037068,7.182219098433862e-05,-0.0016306100641110385
2019-07-17,1421.300048828125,0.008586501614755,56.77999877929688,-0.0145782743519466,2.41,0.01826331335037068,7.182219098433862e-05,0.008514679423770662
2019-07-18,1426.0999755859375,0.0033771382487253,55.29999923706055,-0.0260655085250893,2.41,0.01826331335037068,7.182219098433862e-05,0.0033053160577409613
2019-07-19,1425.0999755859375,-0.000701213110665,55.630001068115234,0.0059674834648737,2.41,0.01826331335037068,7.182219098433862e-05,-0.0007730353016493386
2019-07-22,1425.300048828125,0.0001403924255245,56.220001220703125,0.010605790783025,2.4,0.01826331335037068,7.182219098433862e-05,6.857023454016138e-05
2019-07-23,1420.0999755859375,-0.0036484059945574,56.77000045776367,0.009782981592288,2.4,0.01826331335037068,7.182219098433862e-05,-0.0037202281855417386
2019-07-24,1422.800048828125,0.0019013261661902,55.880001068115234,-0.0156772834678869,2.4,0.01826331335037068,7.182219098433862e-05,0.0018295039752058613
2019-07-25,1413.9000244140625,-0.0062552882405316,56.02000045776367,0.0025053576766718,2.4,0.01826331335037068,7.182219098433862e-05,-0.006327110431515939
2019-07-26,1418.5,0.0032533952235016,56.20000076293945,0.0032131435863069,2.4,0.01826331335037068,7.182219098433862e-05,0.0031815730325172615
2019-07-29,1419.5999755859375,0.000775449831468,56.869998931884766,0.0119216754421671,2.4,0.01826331335037068,7.182219098433862e-05,0.0007036276404836614
2019-07-30,1429.699951171875,0.0071146631161138,58.04999923706055,0.0207490825978229,2.39,0.01826331335037068,7.182219098433862e-05,0.007042840925129462
2019-07-31,1426.0999755859375,-0.0025179937811333,58.58000183105469,0.0091301050983609,2.4,0.01826331335037068,7.182219098433862e-05,-0.0025898159721176386
2019-08-01,1420.9000244140625,-0.0036462739365369,53.95000076293945,-0.0790372298291864,2.14,0.017376412106666406,6.836411709443269e-05,-0.0037146380536313326
2019-08-02,1445.5999755859375,0.0173833139189794,55.65999984741211,0.0316959974103898,2.14,0.017376412106666406,6.836411709443269e-05,0.017314949801884968
2019-08-05,1464.5999755859375,0.0131433317106268,54.68999862670898,-0.0174272587740265,2.13,0.017376412106666406,6.836411709443269e-05,0.013074967593532367
2019-08-06,1472.4000244140625,0.0053257196218403,53.630001068115234,-0.0193819269557647,2.13,0.017376412106666406,6.836411709443269e-05,0.0052573555047458675
2019-08-07,1507.300048828125,0.0237028143407909,51.09000015258789,-0.04736156749841,2.12,0.017376412106666406,6.836411709443269e-05,0.02363445022369647
2019-08-08,1497.699951171875,-0.0063690687621975,52.540000915527344,0.0283813027717521,2.12,0.017376412106666406,6.836411709443269e-05,-0.0064374328792919325
2019-08-09,1496.5999755859375,-0.0007344432274815,54.5,0.0373048924689571,2.12,0.017376412106666406,6.836411709443269e-05,-0.0008028073445759327
2019-08-12,1505.300048828125,0.0058132255673606,54.93000030517578,0.0078899138564363,2.12,0.017376412106666406,6.836411709443269e-05,0.005744861450266168
2019-08-13,1502.199951171875,-0.0020594549629248,57.09999847412109,0.0395047907680576,2.12,0.017376412106666406,6.836411709443269e-05,-0.0021278190800192325
2019-08-14,1515.9000244140625,0.0091200064488752,55.22999954223633,-0.0327495443407461,2.12,0.017376412106666406,6.836411709443269e-05,0.009051642331780768
2019-08-15,1519.5999755859375,0.002440761997682,54.470001220703125,-0.0137606070583434,2.13,0.017376412106666406,6.836411709443269e-05,0.0023723978805875673
2019-08-16,1512.5,-0.0046722661884749,54.869998931884766,0.0073434496459972,2.13,0.017376412106666406,6.836411709443269e-05,-0.004740630305569333
2019-08-19,1500.4000244140625,-0.0079999838584711,56.209999084472656,0.0244213628334739,2.13,0.017376412106666406,6.836411709443269e-05,-0.008068347975565533
2019-08-20,1504.5999755859375,0.0027992209434382,56.34000015258789,0.0023127747773108,2.13,0.017376412106666406,6.836411709443269e-05,0.002730856826343767
2019-08-21,1504.5999755859375,0.0,55.68000030517578,-0.0117145872492829,2.12,0.017376412106666406,6.836411709443269e-05,-6.836411709443269e-05
2019-08-22,1497.300048828125,-0.0048517392504739,55.34999847412109,-0.0059267569907683,2.12,0.017376412106666406,6.836411709443269e-05,-0.004920103367568333
2019-08-23,1526.5999755859375,0.0195685071811386,54.16999816894531,-0.0213188859567446,2.12,0.017376412106666406,6.836411709443269e-05,0.019500143064044167
2019-08-26,1526.300048828125,-0.00019646715748,53.63999938964844,-0.0097839910875373,2.12,0.017376412106666406,6.836411709443269e-05,-0.0002648312745744327
2019-08-27,1541.0,0.0096311018158987,54.93000030517578,0.024049234343882,2.12,0.017376412106666406,6.836411709443269e-05,0.009562737698804268
2019-08-28,1537.800048828125,-0.0020765419674724,55.77999877929688,0.0154742120771662,2.12,0.017376412106666406,6.836411709443269e-05,-0.0021449060845668325
2019-08-29,1526.5,-0.00734819122729,56.709999084472656,0.0166726483601316,2.12,0.017376412106666406,6.836411709443269e-05,-0.0074165553443844325
2019-08-30,1519.0999755859375,-0.0048477067894284,55.09999847412109,-0.0283900658850898,2.13,0.017376412106666406,6.836411709443269e-05,-0.004916070906522832
2019-09-03,1545.9000244140625,0.0176420573094853,53.93999862670898,-0.0210526293926656,2.13,0.016844977040391562,6.629058532015009e-05,0.01757576672416515
2019-09-04,1550.300048828125,0.0028462541849885,56.2599983215332,0.0430107481255188,2.13,0.016844977040391562,6.629058532015009e-05,0.00277996359966835
2019-09-05,1515.4000244140625,-0.0225117869540438,56.29999923706055,0.0007110010081894,2.13,0.016844977040391562,6.629058532015009e-05,-0.02257807753936395
2019-09-06,1506.199951171875,-0.0060710525893945,56.52000045776367,0.0039076593904872,2.12,0.016844977040391562,6.629058532015009e-05,-0.00613734317471465
2019-09-09,1502.199951171875,-0.0026556899015219,57.84999847412109,0.0235314579898366,2.13,0.016844977040391562,6.629058532015009e-05,-0.00272198048684205
2019-09-10,1490.300048828125,-0.0079216500669346,57.400001525878906,-0.007778685568047,2.13,0.016844977040391562,6.629058532015009e-05,-0.007987940652254751
2019-09-11,1494.4000244140625,0.0027511074626627,55.75,-0.0287456704184058,2.13,0.016844977040391562,6.629058532015009e-05,0.0026848168773425498
2019-09-12,1498.699951171875,0.0028773599354687,55.09000015258789,-0.011838562285419,2.13,0.016844977040391562,6.629058532015009e-05,0.0028110693501485497
2019-09-13,1490.9000244140625,-0.0052044618749159,54.84999847412109,-0.0043565379887827,2.14,0.016844977040391562,6.629058532015009e-05,-0.00527075246023605
2019-09-16,1503.0999755859375,0.0081829438406977,62.900001525878906,0.146763961270772,2.25,0.016844977040391562,6.629058532015009e-05,0.00811665325537755
2019-09-17,1505.0999755859375,0.0013305834824595,59.34000015258789,-0.0565977947047636,2.3,0.016844977040391562,6.629058532015009e-05,0.00126429289713935
2019-09-18,1507.5,0.001594594680083,58.11000061035156,-0.0207280003214271,2.25,0.016844977040391562,6.629058532015009e-05,0.00152830409476285
2019-09-19,1498.4000244140625,-0.0060364680503731,58.130001068115234,0.000344182714741,1.9,0.016844977040391562,6.629058532015009e-05,-0.0061027586356932504
2019-09-20,1507.300048828125,0.0059396851768891,58.09000015258789,-0.0006881285875166,1.9,0.016844977040391562,6.629058532015009e-05,0.00587339459156895
2019-09-23,1523.699951171875,0.0108803169989282,58.63999938964844,0.0094680536342888,1.9,0.016844977040391562,6.629058532015009e-05,0.01081402641360805
2019-09-24,1532.0999755859375,0.0055129124389627,57.290000915527344,-0.0230218023221774,1.9,0.016844977040391562,6.629058532015009e-05,0.00544662185364255
2019-09-25,1504.5999755859375,-0.0179492203108239,56.4900016784668,-0.0139640290500279,1.9,0.016844977040391562,6.629058532015009e-05,-0.01801551089614405
2019-09-26,1507.5,0.0019274388283392,56.40999984741211,-0.0014162122265466,1.85,0.016844977040391562,6.629058532015009e-05,0.00186114824301905
2019-09-27,1499.0999755859375,-0.0055721554985489,55.90999984741211,-0.0088636766770517,1.83,0.016844977040391562,6.629058532015009e-05,-0.00563844608386905
2019-09-30,1465.699951171875,-0.022280051336141,54.06999969482422,-0.0329100368021743,1.9,0.016844977040391562,6.629058532015009e-05,-0.02234634192146115
2019-10-01,1482.0,0.0111209997756311,53.619998931884766,-0.00832255900646,1.88,0.017339736996186295,6.822105429749037e-05,0.01105277872133361
2019-10-02,1501.0,0.0128205128205127,52.63999938964844,-0.0182767542289818,1.85,0.017339736996186295,6.822105429749037e-05,0.01275229176621521
2019-10-03,1507.0999755859375,0.0040639410965606,52.45000076293945,-0.0036093964458964,1.83,0.017339736996186295,6.822105429749037e-05,0.00399572004226311
2019-10-04,1506.199951171875,-0.0005971895883765,52.810001373291016,0.0068636912319348,1.82,0.017339736996186295,6.822105429749037e-05,-0.0006654106426739904
2019-10-07,1497.699951171875,-0.0056433410407341,52.75,-0.0011361744315606,1.82,0.017339736996186295,6.822105429749037e-05,-0.00571156209503159
2019-10-08,1497.199951171875,-0.0003338452402357,52.630001068115234,-0.0022748612679576,1.82,0.017339736996186295,6.822105429749037e-05,-0.0004020662945331904
2019-10-09,1506.0999755859375,0.0059444461022699,52.59000015258789,-0.0007600401808005,1.82,0.017339736996186295,6.822105429749037e-05,0.00587622504797241
2019-10-10,1494.800048828125,-0.0075027733490377,53.54999923706055,0.0182544035308471,1.82,0.017339736996186295,6.822105429749037e-05,-0.00757099440333519
2019-10-11,1482.699951171875,-0.0080947934579852,54.70000076293945,0.0214752855698086,1.82,0.017339736996186295,6.822105429749037e-05,-0.00816301451228269
2019-10-14,1491.699951171875,0.0060700076187947,53.59000015258789,-0.0202925154455136,1.82,0.017339736996186295,6.822105429749037e-05,0.00600178656449721
2019-10-15,1477.5999755859375,-0.0094522866846382,52.810001373291016,-0.014554931462511,1.9,0.017339736996186295,6.822105429749037e-05,-0.00952050773893569
2019-10-16,1488.0,0.0070384573537491,53.36000061035156,0.0104146794690052,1.9,0.017339736996186295,6.822105429749037e-05,0.00697023629945161
2019-10-17,1492.300048828125,0.0028898177608367,53.93000030517578,0.0106821530791669,1.85,0.017339736996186295,6.822105429749037e-05,0.0028215967065392095
2019-10-18,1488.199951171875,-0.002747502192652,53.77999877929688,-0.0027814115525697,1.85,0.017339736996186295,6.822105429749037e-05,-0.0028157232469494904
2019-10-21,1482.4000244140625,-0.0038972765408609,53.310001373291016,-0.0087392602579751,1.85,0.017339736996186295,6.822105429749037e-05,-0.003965497595158391
2019-10-22,1481.699951171875,-0.0004722566315824,54.15999984741211,0.0159444466746339,1.85,0.017339736996186295,6.822105429749037e-05,-0.0005404776858798904
2019-10-23,1489.9000244140625,0.0055342333214642,55.970001220703125,0.033419523234683,1.85,0.017339736996186295,6.822105429749037e-05,0.00546601226716671
2019-10-24,1498.9000244140625,0.0060406737717448,56.22999954223633,0.0046453156309209,1.85,0.017339736996186295,6.822105429749037e-05,0.0059724527174473095
2019-10-25,1499.5,0.0004002772540963,56.65999984741211,0.0076471689254202,1.83,0.017339736996186295,6.822105429749037e-05,0.0003320561997988096
2019-10-28,1490.0,-0.0063354451483828,55.810001373291016,-0.0150017380234764,1.83,0.017339736996186295,6.822105429749037e-05,-0.006403666202680291
2019-10-29,1487.0,-0.0020134228187919,55.540000915527344,-0.0048378507636605,1.82,0.017339736996186295,6.822105429749037e-05,-0.0020816438730893905
2019-10-30,1493.199951171875,0.0041694358923167,55.060001373291016,-0.0086424114930494,1.82,0.017339736996186295,6.822105429749037e-05,0.004101214838019209
2019-10-31,1511.4000244140625,0.012188637715869,54.18000030517578,-0.0159825834755992,1.58,0.017339736996186295,6.822105429749037e-05,0.01212041666157151
2019-11-01,1508.0,-0.002249586052098,56.20000076293945,0.037283138545326,1.57,0.020922903948629168,8.217411419142451e-05,-0.0023317601662894245
2019-11-04,1508.0,0.0,56.540000915527344,0.0060498246970148,1.56,0.020922903948629168,8.217411419142451e-05,-8.217411419142451e-05
2019-11-05,1480.800048828125,-0.0180371028991213,57.22999954223633,0.0122037250713855,1.56,0.020922903948629168,8.217411419142451e-05,-0.018119277013312726
2019-11-06,1490.199951171875,0.0063478538855998,56.34999847412109,-0.0153765695466375,1.55,0.020922903948629168,8.217411419142451e-05,0.006265679771408375
2019-11-07,1464.199951171875,-0.0174473230787277,57.150001525878906,0.0141970376827111,1.55,0.020922903948629168,8.217411419142451e-05,-0.017529497192919123
2019-11-08,1461.300048828125,-0.0019805371127277,57.2400016784668,0.001574805777514,1.55,0.020922903948629168,8.217411419142451e-05,-0.0020627112269191246
2019-11-11,1455.5,-0.0039691019190591,56.86000061035156,-0.0066387326515083,1.55,0.020922903948629168,8.217411419142451e-05,-0.004051276033250524
2019-11-12,1452.0999755859375,-0.0023359837953023,56.79999923706055,-0.0010552474964288,1.55,0.020922903948629168,8.217411419142451e-05,-0.0024181579094937245
2019-11-13,1461.699951171875,0.006611098235205,57.119998931884766,0.0056337975197617,1.55,0.020922903948629168,8.217411419142451e-05,0.006528924121013575
2019-11-14,1471.800048828125,0.0069098296460587,56.77000045776367,-0.0061274243814055,1.55,0.020922903948629168,8.217411419142451e-05,0.006827655531867275
2019-11-15,1467.300048828125,-0.0030574805345215,57.720001220703125,0.0167342038978182,1.55,0.020922903948629168,8.217411419142451e-05,-0.0031396546487129245
2019-11-18,1470.9000244140625,0.0024534692742719,57.04999923706055,-0.0116077957289137,1.55,0.020922903948629168,8.217411419142451e-05,0.0023712951600804756
2019-11-19,1473.300048828125,0.0016316706602941,55.209999084472656,-0.032252413272472,1.55,0.020922903948629168,8.217411419142451e-05,0.0015494965461026755
2019-11-20,1473.300048828125,0.0,57.11000061035156,0.034414083633145,1.55,0.020922903948629168,8.217411419142451e-05,-8.217411419142451e-05
2019-11-21,1463.0999755859375,-0.0069232830408855,58.58000183105469,0.0257398214847275,1.55,0.020922903948629168,8.217411419142451e-05,-0.007005457155076925
2019-11-22,1463.0999755859375,0.0,57.77000045776367,-0.0138272678042425,1.55,0.020922903948629168,8.217411419142451e-05,-8.217411419142451e-05
2019-11-25,1456.5999755859375,-0.0044426219044921,58.0099983215332,0.0041543683896108,1.55,0.020922903948629168,8.217411419142451e-05,-0.0045247960186835245
2019-11-26,1459.800048828125,0.0021969472029548,58.40999984741211,0.0068953893717047,1.55,0.020922903948629168,8.217411419142451e-05,0.0021147730887633755
2019-11-27,1453.4000244140625,-0.0043841787916093,58.11000061035156,-0.0051360937826442,1.55,0.020922903948629168,8.217411419142451e-05,-0.004466352905800724
2019-11-29,1465.5999755859375,0.0083940766251144,55.16999816894531,-0.0505937430825379,1.56,0.020922903948629168,8.217411419142451e-05,0.008311902510922975
2019-12-02,1462.300048828125,-0.0022515876178922,55.959999084472656,0.0143193935426306,1.56,0.023195274699624457,9.099760476405372e-05,-0.0023425852226562536
2019-12-03,1478.199951171875,0.0108732146706087,56.09999847412109,0.0025017761247119,1.55,0.023195274699624457,9.099760476405372e-05,0.010782217065844646
2019-12-04,1474.0,-0.0028412605267273,58.43000030517578,0.0415330105958828,1.55,0.023195274699624457,9.099760476405372e-05,-0.002932258131491354
2019-12-05,1476.9000244140625,0.0019674521126611,58.43000030517578,0.0,1.55,0.023195274699624457,9.099760476405372e-05,0.001876454507897046
2019-12-06,1459.0999755859375,-0.012052304512072,59.20000076293945,0.0131781696686978,1.55,0.023195274699624457,9.099760476405372e-05,-0.012143302116836053
2019-12-09,1459.300048828125,0.0001371209961862,59.02000045776367,-0.0030405456563518,1.55,0.023195274699624457,9.099760476405372e-05,4.612339142214629e-05
2019-12-10,1462.5999755859375,0.0022613079198225,59.2400016784668,0.0037275706370176,1.55,0.023195274699624457,9.099760476405372e-05,0.0021703103150584463
2019-12-11,1469.4000244140625,0.0046492882138882,58.7599983215332,-0.0081026897929354,1.55,0.023195274699624457,9.099760476405372e-05,0.0045582906091241465
2019-12-12,1466.699951171875,-0.0018375345020592,59.18000030517578,0.0071477534996569,1.55,0.023195274699624457,9.099760476405372e-05,-0.0019285321068232537
2019-12-13,1475.5999755859375,0.0060680607556791,60.06999969482422,0.0150388540902153,1.55,0.023195274699624457,9.099760476405372e-05,0.005977063150915046
2019-12-16,1475.0,-0.0004065977201573,60.209999084472656,0.0023306041345043,1.56,0.023195274699624457,9.099760476405372e-05,-0.0004975953249213537
2019-12-17,1474.5999755859375,-0.0002712029925847,60.93999862670898,0.0121242244367445,1.55,0.023195274699624457,9.099760476405372e-05,-0.0003622005973487537
2019-12-18,1472.5999755859375,-0.0013563000360183,60.93000030517578,-0.0001640682927226,1.55,0.023195274699624457,9.099760476405372e-05,-0.0014472976407823538
2019-12-19,1478.199951171875,0.0038027812568102,61.220001220703125,0.0047595751530418,1.55,0.023195274699624457,9.099760476405372e-05,0.0037117836520461464
2019-12-20,1474.699951171875,-0.0023677446323991,60.43999862670898,-0.0127409764528126,1.55,0.023195274699624457,9.099760476405372e-05,-0.0024587422371631536
2019-12-23,1482.5,0.0052892446507011,60.52000045776367,0.0013236570627475,1.55,0.023195274699624457,9.099760476405372e-05,0.005198247045937046
2019-12-24,1499.0999755859375,0.0111972853868043,61.11000061035156,0.0097488458051093,1.55,0.023195274699624457,9.099760476405372e-05,0.011106287782040246
2019-12-26,1509.300048828125,0.0068041314177198,61.68000030517578,0.0093274372300966,1.55,0.023195274699624457,9.099760476405372e-05,0.006713133812955747
2019-12-27,1513.800048828125,0.002981514512965,61.720001220703125,0.0006485232705808,1.55,0.023195274699624457,9.099760476405372e-05,0.0028905169082009464
2019-12-30,1514.5,0.0004623802016765,61.68000030517578,-0.0006481029607291,1.55,0.023195274699624457,9.099760476405372e-05,0.0003713825969124463
2019-12-31,1519.5,0.0033014196104323,61.060001373291016,-0.0100518633076714,1.55,0.023195274699624457,9.099760476405372e-05,0.0032104220056682464
2020-01-02,1524.5,0.0032905561039815,61.18000030517578,0.0019652625153272,1.55,0.02599767976845202,0.00010185235053405961,0.0031887037534474405
2020-01-03,1549.199951171875,0.0162020014246473,63.04999923706055,0.0305655266844868,1.55,0.02599767976845202,0.00010185235053405961,0.01610014907411324
2020-01-06,1566.199951171875,0.0109734059745745,63.27000045776367,0.0034893136140405,1.55,0.02599767976845202,0.00010185235053405961,0.01087155362404044
2020-01-07,1571.800048828125,0.0035755956013534,62.70000076293945,-0.0090090041204398,1.55,0.02599767976845202,0.00010185235053405961,0.00347374325081934
2020-01-08,1557.4000244140625,-0.0091614861730018,59.61000061035156,-0.0492822984846648,1.55,0.02599767976845202,0.00010185235053405961,-0.00926333852353586
2020-01-09,1551.699951171875,-0.0036599930350791,59.560001373291016,-0.0008387726312464,1.55,0.02599767976845202,0.00010185235053405961,-0.0037618453856131597
2020-01-10,1557.5,0.0037378675070167,59.040000915527344,-0.008730699223873,1.54,0.02599767976845202,0.00010185235053405961,0.0036360151564826405
2020-01-13,1548.4000244140625,-0.0058426809540529,58.08000183105469,-0.0162601468425821,1.54,0.02599767976845202,0.00010185235053405961,-0.00594453330458696
2020-01-14,1542.4000244140625,-0.0038749676475047,58.22999954223633,0.0025826051386492,1.54,0.02599767976845202,0.00010185235053405961,-0.00397681999803876
2020-01-15,1552.0999755859375,0.006288868658155,57.810001373291016,-0.0072127455306035,1.54,0.02599767976845202,0.00010185235053405961,0.00618701630762094
2020-01-16,1549.0,-0.0019972782905091,58.52000045776367,0.0122815960492379,1.54,0.02599767976845202,0.00010185235053405961,-0.00209913064104316
2020-01-17,1558.800048828125,0.0063266938851678,58.540000915527344,0.0003417713193305,1.55,0.02599767976845202,0.00010185235053405961,0.00622484153463374
2020-01-21,1556.4000244140625,-0.0015396614953064,58.34000015258789,-0.0034164803520938,1.55,0.02599767976845202,0.00010185235053405961,-0.0016415138458404596
2020-01-22,1555.300048828125,-0.0007067434905442,56.7400016784668,-0.0274254108662377,1.55,0.02599767976845202,0.00010185235053405961,-0.0008085958410782596
2020-01-23,1564.5999755859375,0.0059795065041112,55.59000015258789,-0.0202679149076469,1.55,0.02599767976845202,0.00010185235053405961,0.00587765415357714
2020-01-24,1571.0999755859375,0.0041544165290976,54.18999862670898,-0.0251844130605517,1.55,0.02599767976845202,0.00010185235053405961,0.0040525641785635405
2020-01-27,1576.800048828125,0.0036280779904294,53.13999938964844,-0.0193762550963237,1.55,0.02599767976845202,0.00010185235053405961,0.0035262256398953403
2020-01-28,1569.199951171875,-0.0048199501654622,53.47999954223633,0.0063981963961805,1.55,0.02599767976845202,0.00010185235053405961,-0.00492180251599626
2020-01-29,1569.800048828125,0.0003824226834838,53.33000183105469,-0.002804744062557,1.55,0.02599767976845202,0.00010185235053405961,0.0002805703329497404
2020-01-30,1583.5,0.0087271950221317,52.13999938964844,-0.0223139396315058,1.6,0.02599767976845202,0.00010185235053405961,0.00862534267159764
2020-01-31,1582.9000244140625,-0.0003788920656377,51.560001373291016,-0.0111238592855176,1.59,0.02599767976845202,0.00010185235053405961,-0.0004807444161717596
2020-02-03,1577.199951171875,-0.003601031748229,50.11000061035156,-0.0281225896881099,1.59,0.023413166797595197,9.184264206041348e-05,-0.0036928743902894133
2020-02-04,1550.4000244140625,-0.0169920920539592,49.61000061035156,-0.0099780481722188,1.59,0.023413166797595197,9.184264206041348e-05,-0.017083934696019612
2020-02-05,1557.800048828125,0.00477297748809,50.75,0.0229792254711354,1.59,0.023413166797595197,9.184264206041348e-05,0.004681134846029587
2020-02-06,1565.0999755859375,0.0046860486127882,50.95000076293945,0.0039409017327971,1.59,0.023413166797595197,9.184264206041348e-05,0.004594205970727787
2020-02-07,1568.5999755859375,0.0022362788669072,50.31999969482422,-0.0123650845668581,1.58,0.023413166797595197,9.184264206041348e-05,0.0021444362248467866
2020-02-10,1574.699951171875,0.0038888025506049,49.56999969482422,-0.0149046105832377,1.58,0.023413166797595197,9.184264206041348e-05,0.0037969599085444865
2020-02-11,1565.5999755859375,-0.0057788631917879,49.93999862670898,0.0074641705499829,1.58,0.023413166797595197,9.184264206041348e-05,-0.005870705833848314
2020-02-12,1567.4000244140625,0.0011497501636401,51.16999816894531,0.0246295469775703,1.58,0.023413166797595197,9.184264206041348e-05,0.0010579075215796864
2020-02-13,1575.0999755859375,0.0049125628760617,51.41999816894531,0.0048856753751405,1.58,0.023413166797595197,9.184264206041348e-05,0.004820720234001287
2020-02-14,1582.699951171875,0.004825075045227,52.04999923706055,0.0122520632156637,1.58,0.023413166797595197,9.184264206041348e-05,0.0047332324031665865
2020-02-18,1600.0,0.0109307192530812,52.04999923706055,0.0,1.59,0.023413166797595197,9.184264206041348e-05,0.010838876611020787
2020-02-19,1607.5,0.0046874999999999,53.290000915527344,0.0238232794743999,1.59,0.023413166797595197,9.184264206041348e-05,0.004595657357939487
2020-02-20,1616.5999755859375,0.0056609490425738,53.77999877929688,0.0091949306690057,1.59,0.023413166797595197,9.184264206041348e-05,0.005569106400513386
2020-02-21,1644.5999755859375,0.0173203021296912,53.380001068115234,-0.0074376667954783,1.58,0.023413166797595197,9.184264206041348e-05,0.017228459487630788
2020-02-24,1672.4000244140625,0.0169038363375995,51.43000030517578,-0.0365305493428366,1.58,0.023413166797595197,9.184264206041348e-05,0.016811993695539085
2020-02-25,1646.9000244140625,-0.015247548210802,49.900001525878906,-0.0297491497223051,1.58,0.023413166797595197,9.184264206041348e-05,-0.015339390852862414
2020-02-26,1640.0,-0.0041897044822239,48.72999954223633,-0.0234469328229538,1.58,0.023413166797595197,9.184264206041348e-05,-0.004281547124284314
2020-02-27,1640.0,0.0,47.09000015258789,-0.0336548205428769,1.58,0.023413166797595197,9.184264206041348e-05,-9.184264206041348e-05
2020-02-28,1564.0999755859375,-0.0462805026915015,44.7599983215332,-0.049479758409528,1.58,0.023413166797595197,9.184264206041348e-05,-0.046372345333561917
2020-03-02,1592.300048828125,0.0180295848618137,46.75,0.0444593778617155,1.59,0.014940399642909163,5.88505062502076e-05,0.017970734355563494
2020-03-03,1642.0999755859375,0.0312754664514791,47.18000030517578,0.0091978674903909,1.59,0.014940399642909163,5.88505062502076e-05,0.03121661594522889
2020-03-04,1641.0999755859375,-0.0006089763198755,46.77999877929688,-0.0084782010023646,1.09,0.014940399642909163,5.88505062502076e-05,-0.0006678268261257076
2020-03-05,1666.4000244140625,0.0154165189229813,45.900001525878906,-0.0188113996661202,1.09,0.014940399642909163,5.88505062502076e-05,0.015357668416731092
2020-03-06,1670.800048828125,0.0026404370796919,41.27999877929688,-0.1006536512635457,1.09,0.014940399642909163,5.88505062502076e-05,0.0025815865734416924
2020-03-09,1674.5,0.0022144787309947,31.1299991607666,-0.2458817809757493,1.09,0.014940399642909163,5.88505062502076e-05,0.0021556282247444923
2020-03-10,1659.0999755859375,-0.0091967897366751,34.36000061035156,0.1037584817430949,1.09,0.014940399642909163,5.88505062502076e-05,-0.009255640242925307
2020-03-11,1641.4000244140625,-0.0106684054200073,32.97999954223633,-0.040163010582121,1.09,0.014940399642909163,5.88505062502076e-05,-0.010727255926257508
2020-03-12,1589.300048828125,-0.0317411811934972,31.5,-0.044875668974493,1.1,0.014940399642909163,5.88505062502076e-05,-0.031800031699747405
2020-03-13,1515.699951171875,-0.0463097561159198,31.729999542236328,0.0073015727694072,1.1,0.014940399642909163,5.88505062502076e-05,-0.04636860662217001
2020-03-16,1485.9000244140625,-0.0196608350714615,28.700000762939453,-0.0954931869842479,0.25,0.014940399642909163,5.88505062502076e-05,-0.01971968557771171
2020-03-17,1524.9000244140625,0.0262467187288586,26.950000762939453,-0.0609756081351673,0.25,0.014940399642909163,5.88505062502076e-05,0.026187868222608393
2020-03-18,1477.300048828125,-0.0312151451399101,20.3700008392334,-0.2441558344129846,0.25,0.014940399642909163,5.88505062502076e-05,-0.031273995646160305
2020-03-19,1478.5999755859375,0.0008799341466505,25.21999931335449,0.2380951533776971,0.2,0.014940399642909163,5.88505062502076e-05,0.0008210836404002924
2020-03-20,1484.0,0.0036521199129078,22.43000030517578,-0.1106264506003119,0.15,0.014940399642909163,5.88505062502076e-05,0.003593269406657592
2020-03-23,1567.0,0.0559299191374662,23.36000061035156,0.0414623402818761,0.15,0.014940399642909163,5.88505062502076e-05,0.05587106863121599
2020-03-24,1660.199951171875,0.0594766759233407,24.01000022888184,0.0278253254086919,0.12,0.014940399642909163,5.88505062502076e-05,0.059417825417090495
2020-03-25,1632.300048828125,-0.0168051458645427,24.489999771118164,0.0199916508813244,0.1,0.014940399642909163,5.88505062502076e-05,-0.016863996370792906
2020-03-26,1650.0999755859375,0.010904812978834,22.600000381469727,-0.0771743326791442,0.1,0.014940399642909163,5.88505062502076e-05,0.010845962472583792
2020-03-27,1623.9000244140625,-0.0158777962302384,21.51000022888184,-0.0482300944331668,0.1,0.014940399642909163,5.88505062502076e-05,-0.01593664673648861
2020-03-30,1622.0,-0.0011700378012791,20.09000015258789,-0.0660158094460309,0.09,0.014940399642909163,5.88505062502076e-05,-0.0012288883075293076
2020-03-31,1583.4000244140625,-0.0237977654660527,20.479999542236328,0.0194126125777156,0.08,0.014940399642909163,5.88505062502076e-05,-0.023856615972302906
2020-04-01,1578.199951171875,-0.0032841184552284,20.309999465942383,-0.0083007851608273,0.06,0.003130472940411133,1.2403184903364561e-05,-0.0032965216401317646
2020-04-02,1625.699951171875,0.0300975804521659,25.31999969482422,0.2466765317883463,0.05,0.003130472940411133,1.2403184903364561e-05,0.030085177267262536
2020-04-03,1633.699951171875,0.0049209572739625,28.34000015258789,0.119273321254463,0.05,0.003130472940411133,1.2403184903364561e-05,0.004908554089059136
2020-04-06,1677.0,0.0265042848272507,26.07999992370605,-0.0797459497781781,0.05,0.003130472940411133,1.2403184903364561e-05,0.026491881642347337
2020-04-07,1664.800048828125,-0.007274866530635,23.6299991607666,-0.0939417473200399,0.05,0.003130472940411133,1.2403184903364561e-05,-0.0072872697155383645
2020-04-08,1665.4000244140625,0.0003603889766581,25.09000015258789,0.0617859095926403,0.05,0.003130472940411133,1.2403184903364561e-05,0.00034798579175473543
2020-04-09,1736.199951171875,0.0425122647531617,22.76000022888184,-0.0928656799336737,0.05,0.003130472940411133,1.2403184903364561e-05,0.042499861568258336
2020-04-13,1744.800048828125,0.0049534027750923,22.40999984741211,-0.0153778724934099,0.05,0.003130472940411133,1.2403184903364561e-05,0.004940999590188936
2020-04-14,1756.699951171875,0.0068202097723131,20.11000061035156,-0.1026327198893822,0.05,0.003130472940411133,1.2403184903364561e-05,0.006807806587409735
2020-04-15,1727.199951171875,-0.0167928506973094,19.8700008392334,-0.0119343492707117,0.05,0.003130472940411133,1.2403184903364561e-05,-0.016805253882212764
2020-04-16,1720.4000244140625,-0.0039369655801569,19.8700008392334,0.0,0.05,0.003130472940411133,1.2403184903364561e-05,-0.003949368765060264
2020-04-17,1689.199951171875,-0.018135359683463,18.270000457763672,-0.0805234179110108,0.05,0.003130472940411133,1.2403184903364561e-05,-0.018147762868366366
2020-04-20,1701.5999755859375,0.0073407676844059,-37.630001068115234,-3.059660652724544,0.05,0.003130472940411133,1.2403184903364561e-05,0.007328364499502535
2020-04-21,1678.199951171875,-0.0137517775915604,10.010000228881836,-1.2660111598392576,0.05,0.003130472940411133,1.2403184903364561e-05,-0.013764180776463764
2020-04-22,1728.699951171875,0.0300917658618309,13.779999732971191,0.3766233184702416,0.05,0.003130472940411133,1.2403184903364561e-05,0.030079362676927537
2020-04-23,1733.300048828125,0.0026610156685269,16.5,0.1973875413452082,0.04,0.003130472940411133,1.2403184903364561e-05,0.0026486124836235356
2020-04-24,1723.5,-0.0056539828950854,16.940000534057617,0.0266666990337949,0.05,0.003130472940411133,1.2403184903364561e-05,-0.0056663860799887646
2020-04-27,1711.9000244140625,-0.0067304761160066,12.779999732971191,-0.245572648756581,0.04,0.003130472940411133,1.2403184903364561e-05,-0.006742879300909965
2020-04-28,1710.5,-0.0008178190280367,12.34000015258789,-0.0344287628776817,0.04,0.003130472940411133,1.2403184903364561e-05,-0.0008302222129400646
2020-04-29,1703.4000244140625,-0.0041508188166836,15.0600004196167,0.220421412754876,0.04,0.003130472940411133,1.2403184903364561e-05,-0.004163222001586964
2020-04-30,1684.199951171875,-0.0112716173341561,18.84000015258789,0.2509959912117585,0.05,0.003130472940411133,1.2403184903364561e-05,-0.011284020519059464
2020-05-01,1694.5,0.0061156923920808,19.780000686645508,0.0498938708303831,0.05,0.001982013035848551,7.857377851250291e-06,0.00610783501422955
2020-05-04,1706.9000244140625,0.0073178072670772,20.38999938964844,0.0308391649053263,0.05,0.001982013035848551,7.857377851250291e-06,0.007309949889225949
2020-05-05,1704.4000244140625,-0.0014646434848216,24.559999465942383,0.204512025557537,0.05,0.001982013035848551,7.857377851250291e-06,-0.0014725008626728503
2020-05-06,1684.199951171875,-0.011851720812508,23.989999771118164,-0.0232084571343188,0.05,0.001982013035848551,7.857377851250291e-06,-0.01185957819035925
2020-05-07,1721.800048828125,0.0223251981631324,23.549999237060547,-0.018340997843082,0.05,0.001982013035848551,7.857377851250291e-06,0.02231734078528115
2020-05-08,1709.9000244140625,-0.0069113858035733,24.739999771118164,0.0505308098772638,0.05,0.001982013035848551,7.857377851250291e-06,-0.00691924318142455
2020-05-11,1695.300048828125,-0.0085384966240588,24.13999938964844,-0.0242522387639702,0.05,0.001982013035848551,7.857377851250291e-06,-0.008546354001910051
2020-05-12,1704.4000244140625,0.0053677669579659,25.780000686645508,0.0679370894143569,0.05,0.001982013035848551,7.857377851250291e-06,0.005359909580114649
2020-05-13,1713.9000244140625,0.0055738088851917,25.290000915527344,-0.0190069727721921,0.05,0.001982013035848551,7.857377851250291e-06,0.00556595150734045
2020-05-14,1738.0999755859375,0.0141198149408676,27.559999465942383,0.0897587373759771,0.05,0.001982013035848551,7.857377851250291e-06,0.01411195756301635
2020-05-15,1753.4000244140625,0.008802743825462,29.43000030517578,0.0678519911273682,0.05,0.001982013035848551,7.857377851250291e-06,0.00879488644761075
2020-05-18,1731.800048828125,-0.0123189091394906,31.81999969482422,0.0812096284357875,0.05,0.001982013035848551,7.857377851250291e-06,-0.012326766517341851
2020-05-19,1744.199951171875,0.0071601235674643,32.5,0.021370217212365,0.05,0.001982013035848551,7.857377851250291e-06,0.00715226618961305
2020-05-20,1750.5999755859375,0.0036693180789062,33.4900016784668,0.0304615901066707,0.05,0.001982013035848551,7.857377851250291e-06,0.00366146070105495
2020-05-21,1720.5,-0.0171940911720067,33.91999816894531,0.0128395481913334,0.05,0.001982013035848551,7.857377851250291e-06,-0.01720194854985795
2020-05-22,1734.5999755859375,0.0081952778761624,33.25,-0.0197523055752613,0.05,0.001982013035848551,7.857377851250291e-06,0.00818742049831115
2020-05-26,1704.800048828125,-0.0171797112747832,34.349998474121094,0.0330826608758223,0.05,0.001982013035848551,7.857377851250291e-06,-0.01718756865263445
2020-05-27,1710.300048828125,0.0032261847973202,32.810001373291016,-0.0448325231219528,0.05,0.001982013035848551,7.857377851250291e-06,0.0032183274194689496
2020-05-28,1713.300048828125,0.0017540781818112,33.709999084472656,0.027430590475814,0.05,0.001982013035848551,7.857377851250291e-06,0.0017462208039599498
2020-05-29,1736.9000244140625,0.0137745724119249,35.4900016784668,0.0528034008406139,0.05,0.001982013035848551,7.857377851250291e-06,0.013766715034073649
2020-06-01,1737.800048828125,0.0005181785948595,35.439998626708984,-0.0014089334852905,0.05,0.007166562831830481,2.833772315402605e-05,0.0004898408717054739
2020-06-02,1725.199951171875,-0.0072506026598093,36.810001373291016,0.0386569638732869,0.06,0.007166562831830481,2.833772315402605e-05,-0.007278940382963326
2020-06-03,1697.800048828125,-0.0158821603983573,37.290000915527344,0.0130399218779875,0.06,0.007166562831830481,2.833772315402605e-05,-0.015910498121511327
2020-06-04,1718.9000244140625,0.0124278330657967,37.40999984741211,0.0032179921946529,0.06,0.007166562831830481,2.833772315402605e-05,0.012399495342642675
2020-06-05,1676.199951171875,-0.0248415106380274,39.54999923706055,0.0572039400795794,0.07,0.007166562831830481,2.833772315402605e-05,-0.024869848361181425
2020-06-08,1698.300048828125,0.0131846428230708,38.18999862670898,-0.0343868681817107,0.07,0.007166562831830481,2.833772315402605e-05,0.013156305099916775
2020-06-09,1714.699951171875,0.0096566577590728,38.93999862670898,0.0196386495671532,0.07,0.007166562831830481,2.833772315402605e-05,0.009628320035918774
2020-06-10,1713.300048828125,-0.0008164124241055,39.59999847412109,0.0169491492215774,0.08,0.007166562831830481,2.833772315402605e-05,-0.0008447501472595261
2020-06-11,1732.0,0.0109145804231229,36.34000015258789,-0.0823231931098087,0.08,0.007166562831830481,2.833772315402605e-05,0.010886242699968874
2020-06-12,1729.300048828125,-0.0015588632632073,36.2599983215332,-0.0022014813076161,0.08,0.007166562831830481,2.833772315402605e-05,-0.0015872009863613261
2020-06-15,1720.300048828125,-0.0052044178256392,37.119998931884766,0.0237176130766902,0.09,0.007166562831830481,2.833772315402605e-05,-0.005232755548793226
2020-06-16,1729.5999755859375,0.0054059911026262,38.380001068115234,0.0339440240432811,0.09,0.007166562831830481,2.833772315402605e-05,0.005377653379472174
2020-06-17,1729.199951171875,-0.000231281463754,37.959999084472656,-0.0109432509628433,0.09,0.007166562831830481,2.833772315402605e-05,-0.00025961918690802605
2020-06-18,1724.800048828125,-0.0025444728591208,38.84000015258789,0.0231823258519305,0.09,0.007166562831830481,2.833772315402605e-05,-0.002572810582274826
2020-06-19,1745.9000244140625,0.0122332879108355,39.75,0.0234294501502847,0.09,0.007166562831830481,2.833772315402605e-05,0.012204950187681474
2020-06-22,1756.699951171875,0.0061858792638695,40.459999084472656,0.0178616121879913,0.08,0.007166562831830481,2.833772315402605e-05,0.006157541540715474
2020-06-23,1772.0999755859375,0.0087664512108567,40.369998931884766,-0.0022244230010975,0.08,0.007166562831830481,2.833772315402605e-05,0.008738113487702674
2020-06-24,1765.800048828125,-0.0035550628320105,38.0099983215332,-0.0584592685854049,0.08,0.007166562831830481,2.833772315402605e-05,-0.003583400555164526
2020-06-25,1762.0999755859375,-0.0020954089590399,38.720001220703125,0.0186793720211162,0.08,0.007166562831830481,2.833772315402605e-05,-0.002123746682193926
2020-06-26,1772.5,0.00590206262877,38.4900016784668,-0.00594007063495,0.08,0.007166562831830481,2.833772315402605e-05,0.005873724905615974
2020-06-29,1774.800048828125,0.0012976298043019,39.70000076293945,0.0314367116577598,0.08,0.007166562831830481,2.833772315402605e-05,0.001269292081147874
2020-06-30,1793.0,0.0102546487892494,39.27000045776367,-0.0108312417358236,0.08,0.007166562831830481,2.833772315402605e-05,0.010226311066095374
2020-07-01,1773.199951171875,-0.0110429720179169,39.81999969482422,0.0140055826495875,0.08,0.009968647625897997,3.936303032592292e-05,-0.011082335048242823
2020-07-02,1784.0,0.0060907112144839,40.650001525878906,0.0208438432299278,0.09,0.009968647625897997,3.936303032592292e-05,0.006051348184157977
2020-07-06,1788.5,0.0025224215246637,40.630001068115234,-0.0004920161626793,0.09,0.009968647625897997,3.936303032592292e-05,0.002483058494337777
2020-07-07,1804.199951171875,0.0087782785417249,40.619998931884766,-0.0002461761252159,0.09,0.009968647625897997,3.936303032592292e-05,0.008738915511398977
2020-07-08,1815.5,0.0062631909621686,40.900001525878906,0.0068932201220308,0.09,0.009968647625897997,3.936303032592292e-05,0.006223827931842677
2020-07-09,1799.199951171875,-0.0089782698034288,39.619998931884766,-0.0312959057760483,0.09,0.009968647625897997,3.936303032592292e-05,-0.009017632833754723
2020-07-10,1798.199951171875,-0.0005558025940077,40.54999923706055,0.0234730017730351,0.09,0.009968647625897997,3.936303032592292e-05,-0.0005951656243336229
2020-07-13,1811.0,0.0071182566876299,40.09999847412109,-0.0110974296277711,0.09,0.009968647625897997,3.936303032592292e-05,0.007078893657303977
2020-07-14,1810.5999755859373,-0.0002208859271466,40.290000915527344,0.004738215676713,0.09,0.009968647625897997,3.936303032592292e-05,-0.00026024895747252296
2020-07-15,1811.4000244140625,0.0004418694570378,41.20000076293945,0.0225862453892724,0.1,0.009968647625897997,3.936303032592292e-05,0.00040250642671187705
2020-07-16,1798.699951171875,-0.0070111919349761,40.75,-0.0109223484127758,0.1,0.009968647625897997,3.936303032592292e-05,-0.007050554965302023
2020-07-17,1808.300048828125,0.0053372424066588,40.59000015258789,-0.00392637662361,0.09,0.009968647625897997,3.936303032592292e-05,0.005297879376332877
2020-07-20,1815.9000244140625,0.00420282883411,40.810001373291016,0.0054200842541534,0.1,0.009968647625897997,3.936303032592292e-05,0.004163465803784077
2020-07-21,1842.4000244140625,0.0145933144136338,41.959999084472656,0.0281793107690087,0.1,0.009968647625897997,3.936303032592292e-05,0.014553951383307877
2020-07-22,1864.0999755859373,0.0117780888429894,41.900001525878906,-0.0014298751168455,0.09,0.009968647625897997,3.936303032592292e-05,0.011738725812663477
2020-07-23,1889.0999755859373,0.0134112978528107,41.06999969482422,-0.0198091121916081,0.09,0.009968647625897997,3.936303032592292e-05,0.013371934822484777
2020-07-24,1897.300048828125,0.0043407301615385,41.290000915527344,0.0053567378217158,0.09,0.009968647625897997,3.936303032592292e-05,0.004301367131212577
2020-07-27,1931.0,0.017762056767294,41.59999847412109,0.0075078118605023,0.1,0.009968647625897997,3.936303032592292e-05,0.017722693736968078
2020-07-28,1944.699951171875,0.0070947442630113,41.040000915527344,-0.0134614802676523,0.1,0.009968647625897997,3.936303032592292e-05,0.007055381232685377
2020-07-29,1953.5,0.0045251447776415,41.27000045776367,0.0056042772199185,0.1,0.009968647625897997,3.936303032592292e-05,0.004485781747315577
2020-07-30,1942.300048828125,-0.0057332742113513,39.91999816894531,-0.0327114677451959,0.1,0.009968647625897997,3.936303032592292e-05,-0.005772637241677223
2020-07-31,1962.800048828125,0.0105544969802007,40.27000045776367,0.0087675928074224,0.1,0.009968647625897997,3.936303032592292e-05,0.010515133949874777
2020-08-03,1966.0,0.0016302991095733,41.0099983215332,0.0183759089982047,0.1,0.012810698495523853,5.05145124716222e-05,0.0015797845971016779
2020-08-04,2001.199951171875,0.017904349527912,41.70000076293945,0.0168252248146021,0.1,0.012810698495523853,5.05145124716222e-05,0.017853835015440377
2020-08-05,2031.0999755859373,0.0149410479430371,42.18999862670898,0.0117505480768482,0.1,0.012810698495523853,5.05145124716222e-05,0.014890533430565478
2020-08-06,2051.5,0.0100438307612984,41.95000076293945,-0.0056885013411116,0.1,0.012810698495523853,5.05145124716222e-05,0.009993316248826777
2020-08-07,2010.0999755859373,-0.0201803677377833,41.220001220703125,-0.017401657424551,0.1,0.012810698495523853,5.05145124716222e-05,-0.020230882250254923
2020-08-10,2024.4000244140625,0.0071140983044668,41.93999862670898,0.0174671854605437,0.1,0.012810698495523853,5.05145124716222e-05,0.007063583791995178
2020-08-11,1932.5999755859373,-0.0453467929860825,41.61000061035156,-0.0078683363653537,0.1,0.012810698495523853,5.05145124716222e-05,-0.04539730749855412
2020-08-12,1934.9000244140625,0.0011901318727005,42.66999816894531,0.0254745864706873,0.1,0.012810698495523853,5.05145124716222e-05,0.0011396173602288779
2020-08-13,1956.699951171875,0.0112666941354833,42.2400016784668,-0.0100772558924425,0.1,0.012810698495523853,5.05145124716222e-05,0.011216179623011678
2020-08-14,1937.0,-0.0100679468817264,42.0099983215332,-0.0054451550140643,0.1,0.012810698495523853,5.05145124716222e-05,-0.010118461394198022
2020-08-17,1985.0,0.0247805885389778,42.88999938964844,0.0209474197399377,0.1,0.012810698495523853,5.05145124716222e-05,0.024730074026506177
2020-08-18,1999.4000244140625,0.0072544203597291,42.88999938964844,0.0,0.09,0.012810698495523853,5.05145124716222e-05,0.007203905847257478
2020-08-19,1958.699951171875,-0.0203561432155703,42.93000030517578,0.0009326396851616,0.09,0.012810698495523853,5.05145124716222e-05,-0.020406657728041924
2020-08-20,1933.800048828125,-0.0127124638609668,42.58000183105469,-0.0081527712935725,0.09,0.012810698495523853,5.05145124716222e-05,-0.012762978373438422
2020-08-21,1934.5999755859373,0.000413655361265,42.34000015258789,-0.005636488213858,0.09,0.012810698495523853,5.05145124716222e-05,0.0003631408487933778
2020-08-24,1927.699951171875,-0.0035666414251724,42.619998931884766,0.0066131029354699,0.09,0.012810698495523853,5.05145124716222e-05,-0.0036171559376440223
2020-08-25,1911.800048828125,-0.0082481209454221,43.34999847412109,0.0171280985577455,0.09,0.012810698495523853,5.05145124716222e-05,-0.008298635457893722
2020-08-26,1940.699951171875,0.015116592533547,43.38999938964844,0.0009227431818994,0.09,0.012810698495523853,5.05145124716222e-05,0.015066078021075378
2020-08-27,1921.5999755859373,-0.0098417973239006,43.040000915527344,-0.0080663396875869,0.08,0.012810698495523853,5.05145124716222e-05,-0.009892311836372222
2020-08-28,1964.5999755859373,0.0223771859629049,42.970001220703125,-0.0016263869269335,0.09,0.012810698495523853,5.05145124716222e-05,0.022326671450433277
2020-08-31,1967.5999755859373,0.0015270284217046,42.61000061035156,-0.0083779520624754,0.09,0.012810698495523853,5.05145124716222e-05,0.0014765139092329778
2020-09-01,1968.199951171875,0.000304927624203,42.7599983215332,0.0035202466330217,0.09,0.013910228912373812,5.482042958981914e-05,0.00025010719461318083
2020-09-02,1934.4000244140625,-0.0171730147324147,41.5099983215332,-0.0292329291175514,0.09,0.013910228912373812,5.482042958981914e-05,-0.017227835162004518
2020-09-03,1927.5999755859373,-0.0035153271000318,41.369998931884766,-0.0033726667142699,0.09,0.013910228912373812,5.482042958981914e-05,-0.003570147529621619
2020-09-04,1923.9000244140625,-0.0019194600636733,39.77000045776367,-0.0386753327394442,0.09,0.013910228912373812,5.482042958981914e-05,-0.001974280493263119
2020-09-08,1933.0,0.0047299628205519,36.7599983215332,-0.0756852426850519,0.09,0.013910228912373812,5.482042958981914e-05,0.004675142390962081
2020-09-09,1944.699951171875,0.0060527424582901,38.04999923706055,0.0350925183468164,0.09,0.013910228912373812,5.482042958981914e-05,0.005997922028700281
2020-09-10,1954.199951171875,0.0048850723703033,37.29999923706055,-0.0197109070969311,0.09,0.013910228912373812,5.482042958981914e-05,0.004830251940713481
2020-09-11,1937.800048828125,-0.0083921311808013,37.33000183105469,0.0008043591047672,0.09,0.013910228912373812,5.482042958981914e-05,-0.008446951610391119
2020-09-14,1953.0999755859373,0.0078955136610019,37.2599983215332,-0.0018752613471143,0.09,0.013910228912373812,5.482042958981914e-05,0.007840693231412081
2020-09-15,1956.300048828125,0.0016384584927493,38.27999877929688,0.0273752148070869,0.09,0.013910228912373812,5.482042958981914e-05,0.001583638063159481
2020-09-16,1960.199951171875,0.0019935093014418,40.15999984741211,0.0491118372013115,0.09,0.013910228912373812,5.482042958981914e-05,0.0019386888718519808
2020-09-17,1940.0,-0.0103050462580609,40.970001220703125,0.0201693569812901,0.09,0.013910228912373812,5.482042958981914e-05,-0.01035986668765072
2020-09-18,1952.0999755859373,0.0062371008174935,41.11000061035156,0.0034171194893128,0.09,0.013910228912373812,5.482042958981914e-05,0.006182280387903681
2020-09-21,1901.199951171875,-0.0260744967218108,39.310001373291016,-0.0437849479527203,0.09,0.013910228912373812,5.482042958981914e-05,-0.02612931715140062
2020-09-22,1898.5999755859373,-0.0013675445259373,39.59999847412109,0.0073771836860609,0.09,0.013910228912373812,5.482042958981914e-05,-0.0014223649555271192
2020-09-23,1859.9000244140625,-0.0203834149739371,39.93000030517578,0.0083333798931923,0.09,0.013910228912373812,5.482042958981914e-05,-0.02043823540352692
2020-09-24,1868.300048828125,0.0045163849152101,40.310001373291016,0.0095166808217124,0.09,0.013910228912373812,5.482042958981914e-05,0.00446156448562028
2020-09-25,1857.699951171875,-0.0056736591442573,40.25,-0.001488498418429,0.09,0.013910228912373812,5.482042958981914e-05,-0.005728479573847119
2020-09-28,1872.800048828125,0.0081283835135617,40.59999847412109,0.0086956142638781,0.09,0.013910228912373812,5.482042958981914e-05,0.00807356308397188
2020-09-29,1894.300048828125,0.0114801363944074,39.290000915527344,-0.0322659509317163,0.09,0.013910228912373812,5.482042958981914e-05,0.01142531596481758
2020-09-30,1887.5,-0.0035897422017867,40.220001220703125,0.0236701522907891,0.09,0.013910228912373812,5.482042958981914e-05,-0.0036445626313765193
2020-10-01,1908.4000244140625,0.0110728606167218,38.720001220703125,-0.0372948770381409,0.09,0.012303863428671624,4.852810642330674e-05,0.011024332510298494
2020-10-02,1900.199951171875,-0.0042968314490067,37.04999923706055,-0.0431302151599533,0.09,0.012303863428671624,4.852810642330674e-05,-0.004345359555430007
2020-10-05,1912.5,0.0064730287044474,39.220001220703125,0.0585695554204481,0.09,0.012303863428671624,4.852810642330674e-05,0.0064245005980240934
2020-10-06,1901.0999755859373,-0.0059607970792483,40.66999816894531,0.0369708542353837,0.09,0.012303863428671624,4.852810642330674e-05,-0.006009325185671607
2020-10-07,1883.5999755859373,-0.0092051971094294,39.95000076293945,-0.0177034039444741,0.09,0.012303863428671624,4.852810642330674e-05,-0.009253725215852706
2020-10-08,1888.5999755859373,0.0026544914338537,41.18999862670898,0.0310387444327622,0.09,0.012303863428671624,4.852810642330674e-05,0.0026059633274303933
2020-10-09,1919.5,0.0163613389884089,40.59999847412109,-0.0143238691978327,0.09,0.012303863428671624,4.852810642330674e-05,0.016312810881985593
2020-10-12,1922.5,0.001562907007033,39.43000030517578,-0.0288176899733403,0.09,0.012303863428671624,4.852810642330674e-05,0.0015143789006096932
2020-10-13,1888.5,-0.0176853055916774,40.20000076293945,0.0195282894193282,0.09,0.012303863428671624,4.852810642330674e-05,-0.017733833698100707
2020-10-14,1901.300048828125,0.0067778918867487,41.040000915527344,0.0208955257872107,0.09,0.012303863428671624,4.852810642330674e-05,0.006729363780325393
2020-10-15,1903.199951171875,0.0009992648687517,40.959999084472656,-0.0019493623116469,0.09,0.012303863428671624,4.852810642330674e-05,0.0009507367623283933
2020-10-16,1900.800048828125,-0.001260982768664,40.880001068115234,-0.0019530766148807,0.09,0.012303863428671624,4.852810642330674e-05,-0.0013095108750873067
2020-10-19,1906.4000244140625,0.002946115026349,40.83000183105469,-0.0012230732816576,0.09,0.012303863428671624,4.852810642330674e-05,0.002897586919925693
2020-10-20,1910.4000244140625,0.0020981955249552,41.459999084472656,0.0154297630459276,0.09,0.012303863428671624,4.852810642330674e-05,0.0020496674185318934
2020-10-21,1924.5999755859373,0.0074329726708572,40.02999877929688,-0.0344910838580152,0.09,0.012303863428671624,4.852810642330674e-05,0.007384444564433893
2020-10-22,1901.0999755859373,-0.0122103295739913,40.63999938964844,0.0152385867837461,0.09,0.012303863428671624,4.852810642330674e-05,-0.012258857680414606
2020-10-23,1902.0,0.0004734229791283,39.84999847412109,-0.019438999197637,0.09,0.012303863428671624,4.852810642330674e-05,0.0004248948727049933
2020-10-26,1902.699951171875,0.0003680079768006,38.560001373291016,-0.0323713212101579,0.09,0.012303863428671624,4.852810642330674e-05,0.00031947987037729325
2020-10-27,1908.800048828125,0.0032060218703915,39.56999969482422,0.0261929015965436,0.09,0.012303863428671624,4.852810642330674e-05,0.0031574937639681933
2020-10-28,1876.199951171875,-0.0170788436831108,37.38999938964844,-0.0550922497343594,0.09,0.012303863428671624,4.852810642330674e-05,-0.017127371789534107
2020-10-29,1865.5999755859373,-0.0056497046486525,36.16999816894531,-0.0326290783797361,0.09,0.012303863428671624,4.852810642330674e-05,-0.005698232755075807
2020-10-30,1877.4000244140625,0.0063250691372993,35.790000915527344,-0.0105058687490956,0.09,0.012303863428671624,4.852810642330674e-05,0.006276541030875994
2020-11-02,1890.4000244140625,0.0069244699216712,36.810001373291016,0.0284995929497489,0.09,0.011757452138405844,4.63854818819609e-05,0.006878084439789239
2020-11-03,1908.5,0.0095746801482123,37.65999984741211,0.0230915088945866,0.09,0.011757452138405844,4.63854818819609e-05,0.00952829466633034
2020-11-04,1894.5999755859373,-0.0072832194991158,39.150001525878906,0.0395645694238946,0.09,0.011757452138405844,4.63854818819609e-05,-0.007329604980997761
2020-11-05,1945.300048828125,0.0267603050224403,38.790000915527344,-0.0091954175305356,0.09,0.011757452138405844,4.63854818819609e-05,0.02671391954055834
2020-11-06,1950.300048828125,0.0025702975759509,37.13999938964844,-0.0425367746051901,0.09,0.011757452138405844,4.63854818819609e-05,0.002523912094068939
2020-11-09,1853.199951171875,-0.0497872610497007,40.290000915527344,0.0848142589565272,0.09,0.011757452138405844,4.63854818819609e-05,-0.04983364653158266
2020-11-10,1875.4000244140625,0.0119793189224666,41.36000061035156,0.0265574502484524,0.09,0.011757452138405844,4.63854818819609e-05,0.01193293344058464
2020-11-11,1860.699951171875,-0.0078383667755258,41.45000076293945,0.0021760191310384,0.09,0.011757452138405844,4.63854818819609e-05,-0.00788475225740776
2020-11-12,1872.5999755859373,0.0063954558641052,41.119998931884766,-0.0079614433047187,0.09,0.011757452138405844,4.63854818819609e-05,0.006349070382223239
2020-11-13,1885.699951171875,0.0069956081153095,40.130001068115234,-0.0240758241606343,0.09,0.011757452138405844,4.63854818819609e-05,0.006949222633427539
2020-11-16,1887.300048828125,0.0008485430862188,41.34000015258789,0.0301519823639886,0.09,0.011757452138405844,4.63854818819609e-05,0.0008021576043368391
2020-11-17,1884.5,-0.0014836267449171,41.43000030517578,0.0021770718978155,0.09,0.011757452138405844,4.63854818819609e-05,-0.001530012226799061
2020-11-18,1873.5,-0.0058370920668612,41.81999969482422,0.0094134536996302,0.09,0.011757452138405844,4.63854818819609e-05,-0.005883477548743161
2020-11-19,1861.0999755859373,-0.0066186412671803,41.7400016784668,-0.0019129128871639,0.08,0.011757452138405844,4.63854818819609e-05,-0.006665026749062261
2020-11-20,1872.5999755859373,0.0061791414490666,42.150001525878906,0.0098227079761623,0.08,0.011757452138405844,4.63854818819609e-05,0.006132755967184639
2020-11-23,1837.800048828125,-0.0185837483773989,43.060001373291016,0.0215895566896573,0.08,0.011757452138405844,4.63854818819609e-05,-0.018630133859280862
2020-11-24,1804.800048828125,-0.0179562515634073,44.90999984741211,0.0429632702071534,0.08,0.011757452138405844,4.63854818819609e-05,-0.01800263704528926
2020-11-25,1805.699951171875,0.000498616090095,45.709999084472656,0.0178133876592887,0.08,0.011757452138405844,4.63854818819609e-05,0.00045223060821303915
2020-11-27,1781.9000244140625,-0.0131804438175715,45.52999877929688,-0.0039378759304531,0.08,0.011757452138405844,4.63854818819609e-05,-0.013226829299453461
2020-11-30,1775.699951171875,-0.003479473122644,45.34000015258789,-0.0041730426488695,0.09,0.011757452138405844,4.63854818819609e-05,-0.0035258586045259607
2020-12-01,1814.0999755859373,0.0216252888832486,44.54999923706055,-0.0174239283826348,0.09,0.013204191315779434,5.2056020931168234e-05,0.02157323286231743
2020-12-02,1825.699951171875,0.0063943419558178,45.27999877929688,0.01638607305809,0.09,0.013204191315779434,5.2056020931168234e-05,0.006342285934886632
2020-12-03,1836.800048828125,0.0060799134321742,45.63999938964844,0.00795054372917,0.09,0.013204191315779434,5.2056020931168234e-05,0.006027857411243032
2020-12-04,1835.9000244140625,-0.0004899958569996,46.2599983215332,0.013584551712886,0.09,0.013204191315779434,5.2056020931168234e-05,-0.0005420518779307682
2020-12-07,1861.800048828125,0.0141075353067379,45.7599983215332,-0.0108084742356606,0.09,0.013204191315779434,5.2056020931168234e-05,0.014055479285806732
2020-12-08,1870.800048828125,0.0048340314555608,45.59999847412109,-0.0034965002902287,0.09,0.013204191315779434,5.2056020931168234e-05,0.004781975434629632
2020-12-09,1834.5999755859373,-0.0193500493357712,45.52000045776367,-0.0017543425226828,0.09,0.013204191315779434,5.2056020931168234e-05,-0.01940210535670237
2020-12-10,1833.5999755859373,-0.0005450779533999,46.77999877929688,0.0276801034460074,0.09,0.013204191315779434,5.2056020931168234e-05,-0.0005971339743310682
2020-12-11,1839.800048828125,0.0033813663420267,46.56999969482422,-0.0044890784513144,0.09,0.013204191315779434,5.2056020931168234e-05,0.003329310321095532
2020-12-14,1828.699951171875,-0.0060333174049649,46.9900016784668,0.0090187242086079,0.09,0.013204191315779434,5.2056020931168234e-05,-0.006085373425896068
2020-12-15,1852.300048828125,0.0129053963396927,47.619998931884766,0.0134070489660498,0.09,0.013204191315779434,5.2056020931168234e-05,0.012853340318761532
2020-12-16,1856.0999755859373,0.0020514639408537,47.81999969482422,0.0041999321172923,0.09,0.013204191315779434,5.2056020931168234e-05,0.0019994079199225317
2020-12-17,1887.199951171875,0.0167555498060494,48.36000061035156,0.011292365515966,0.09,0.013204191315779434,5.2056020931168234e-05,0.01670349378511823
2020-12-18,1885.699951171875,-0.0007948283376483,49.09999847412109,0.0153018580320516,0.09,0.013204191315779434,5.2056020931168234e-05,-0.0008468843585794682
2020-12-21,1879.199951171875,-0.0034469958998304,47.7400016784668,-0.0276985099372478,0.09,0.013204191315779434,5.2056020931168234e-05,-0.003499051920761568
2020-12-22,1866.5999755859373,-0.0067049680253983,47.02000045776367,-0.015081717540615,0.09,0.013204191315779434,5.2056020931168234e-05,-0.006757024046329468
2020-12-23,1874.699951171875,0.0043394276716386,48.119998931884766,0.0233942676182909,0.09,0.013204191315779434,5.2056020931168234e-05,0.004287371650707431
2020-12-24,1879.9000244140625,0.0027738162786727,48.22999954223633,0.0022859645218877,0.09,0.013204191315779434,5.2056020931168234e-05,0.002721760257741532
2020-12-28,1877.199951171875,-0.001436285550892,47.619998931884766,-0.0126477424039236,0.09,0.013204191315779434,5.2056020931168234e-05,-0.0014883415718231683
2020-12-29,1879.699951171875,0.0013317707569933,48.0,0.0079798630121512,0.09,0.013204191315779434,5.2056020931168234e-05,0.0012797147360621318
2020-12-30,1891.0,0.0060116237280742,48.400001525878906,0.0083333651224772,0.09,0.013204191315779434,5.2056020931168234e-05,0.0059595677071430314
2020-12-31,1893.0999755859373,0.00111051062186,48.52000045776367,0.0024793166963146,0.09,0.013204191315779434,5.2056020931168234e-05,0.0010584546009288318
2021-01-04,1944.699951171875,0.0272568677044997,47.619998931884766,-0.0185490832107957,0.09,0.013738437137002402,5.414797528335846e-05,0.02720271972921634
2021-01-05,1952.699951171875,0.0041137451539396,49.93000030517578,0.0485090597459949,0.09,0.013738437137002402,5.414797528335846e-05,0.004059597178656242
2021-01-06,1906.9000244140625,-0.0234546668218671,50.630001068115234,0.0140196426729621,0.09,0.013738437137002402,5.414797528335846e-05,-0.02350881479715046
2021-01-07,1912.300048828125,0.0028318340473678,50.83000183105469,0.0039502421236448,0.09,0.013738437137002402,5.414797528335846e-05,0.0027776860720844414
2021-01-08,1834.0999755859373,-0.0408932025547503,52.2400016784668,0.0277395199020171,0.09,0.013738437137002402,5.414797528335846e-05,-0.040947350530033656
2021-01-11,1849.5999755859373,0.0084510115077278,52.25,0.0001913920599532,0.09,0.013738437137002402,5.414797528335846e-05,0.008396863532444442
2021-01-12,1842.9000244140625,-0.0036223784928157,53.209999084472656,0.0183731882195723,0.09,0.013738437137002402,5.414797528335846e-05,-0.0036765264680990585
2021-01-13,1853.5999755859373,0.0058060399534027,52.90999984741211,-0.0056380237215243,0.09,0.013738437137002402,5.414797528335846e-05,0.005751891978119342
2021-01-14,1850.300048828125,-0.0017802798884745,53.56999969482422,0.0124740096260724,0.09,0.013738437137002402,5.414797528335846e-05,-0.0018344278637578584
2021-01-15,1829.300048828125,-0.0113495105906202,52.36000061035156,-0.0225872520322146,0.09,0.013738437137002402,5.414797528335846e-05,-0.011403658565903559
2021-01-19,1839.5,0.0055758765099303,52.97999954223633,0.0118410795389141,0.09,0.013738437137002402,5.414797528335846e-05,0.005521728534646941
2021-01-20,1865.9000244140625,0.0143517392846221,53.2400016784668,0.0049075526326343,0.09,0.013738437137002402,5.414797528335846e-05,0.014297591309338742
2021-01-21,1865.300048828125,-0.0003215475524342,53.130001068115234,-0.0020661271014957,0.08,0.013738437137002402,5.414797528335846e-05,-0.00037569552771755845
2021-01-22,1855.699951171875,-0.0051466774271953,52.27000045776367,-0.0161867230013603,0.08,0.013738437137002402,5.414797528335846e-05,-0.005200825402478658
2021-01-25,1854.9000244140625,-0.0004310647081212,52.77000045776367,0.0095657163883904,0.08,0.013738437137002402,5.414797528335846e-05,-0.0004852126834045585
2021-01-26,1850.699951171875,-0.002264312462616,52.61000061035156,-0.0030320228543521,0.08,0.013738437137002402,5.414797528335846e-05,-0.0023184604378993583
2021-01-27,1844.9000244140625,-0.0031339098237614,52.84999847412109,0.0045618297088996,0.08,0.013738437137002402,5.414797528335846e-05,-0.0031880577990447585
2021-01-28,1837.9000244140625,-0.0037942435402282,52.34000015258789,-0.0096499212158527,0.07,0.013738437137002402,5.414797528335846e-05,-0.0038483915155115584
2021-01-29,1847.300048828125,0.0051145461065322,52.20000076293945,-0.0026748068253782,0.07,0.013738437137002402,5.414797528335846e-05,0.0050603981312488415
2021-02-01,1860.800048828125,0.0073079627798224,53.54999923706055,0.0258620393561288,0.08,0.016698167791706853,6.571758067197564e-05,0.007242245199150424
2021-02-02,1830.5,-0.016283344815692,54.7599983215332,0.0225956881738897,0.08,0.016698167791706853,6.571758067197564e-05,-0.016349062396363977
2021-02-03,1832.199951171875,0.0009286813285305,55.68999862670898,0.0169832055091585,0.08,0.016698167791706853,6.571758067197564e-05,0.0008629637478585244
2021-02-04,1788.9000244140625,-0.023632751834819,56.22999954223633,0.0096965510656048,0.08,0.016698167791706853,6.571758067197564e-05,-0.023698469415490975
2021-02-05,1810.9000244140625,0.0122980600926572,56.84999847412109,0.0110261237227835,0.08,0.016698167791706853,6.571758067197564e-05,0.012232342511985224
2021-02-08,1831.9000244140625,0.0115964436009077,57.970001220703125,0.0197010162997959,0.07,0.016698167791706853,6.571758067197564e-05,0.011530726020235724
2021-02-09,1835.300048828125,0.0018560098088049,58.36000061035156,0.0067276070628949,0.08,0.016698167791706853,6.571758067197564e-05,0.0017902922281329244
2021-02-10,1840.5999755859373,0.0028877712727117,58.68000030517578,0.0054832023899509,0.08,0.016698167791706853,6.571758067197564e-05,0.0028220536920397243
2021-02-11,1824.9000244140625,-0.0085298008150179,58.2400016784668,-0.0074982723998072,0.08,0.016698167791706853,6.571758067197564e-05,-0.008595518395689875
2021-02-12,1821.5999755859373,-0.001808344996425,59.470001220703125,0.0211194970258921,0.08,0.016698167791706853,6.571758067197564e-05,-0.0018740625770969756
2021-02-16,1797.199951171875,-0.0133948313247062,60.04999923706055,0.0097527829906198,0.08,0.016698167791706853,6.571758067197564e-05,-0.013460548905378176
2021-02-17,1771.0999755859375,-0.0145225775067036,61.13999938964844,0.0181515431546448,0.08,0.016698167791706853,6.571758067197564e-05,-0.014588295087375575
2021-02-18,1773.4000244140625,0.0012986555585965,60.52000045776367,-0.0101406434097828,0.07,0.016698167791706853,6.571758067197564e-05,0.0012329379779245243
2021-02-19,1775.800048828125,0.0013533463296615,59.2400016784668,-0.021150012716708,0.07,0.016698167791706853,6.571758067197564e-05,0.0012876287489895243
2021-02-22,1806.699951171875,0.0174005527053235,61.4900016784668,0.037981092779372,0.07,0.016698167791706853,6.571758067197564e-05,0.017334835124651525
2021-02-23,1804.4000244140625,-0.0012729987380144,61.66999816894531,0.0029272480983124,0.07,0.016698167791706853,6.571758067197564e-05,-0.0013387163186863757
2021-02-24,1796.4000244140625,-0.0044336066790942,63.220001220703125,0.0251338267841612,0.07,0.016698167791706853,6.571758067197564e-05,-0.0044993242597661754
2021-02-25,1774.4000244140625,-0.0122467154870896,63.52999877929688,0.0049034728346735,0.07,0.016698167791706853,6.571758067197564e-05,-0.012312433067761575
2021-02-26,1728.0999755859375,-0.0260933544809964,61.5,-0.0319533892381942,0.07,0.016698167791706853,6.571758067197564e-05,-0.026159072061668377
2021-03-01,1722.5,-0.0032405391268168,60.63999938964844,-0.013983749761814,0.07,0.026678187820641908,0.00010448375232341434,-0.003345022879140214
2021-03-02,1733.0999755859375,0.006153831980225,59.75,-0.0146767710851983,0.07,0.026678187820641908,0.00010448375232341434,0.006049348227901586
2021-03-03,1715.300048828125,-0.010270571235681,61.27999877929688,0.0256066741304916,0.07,0.026678187820641908,0.00010448375232341434,-0.010375054988004414
2021-03-04,1700.199951171875,-0.0088031814996835,63.83000183105469,0.0416123221696165,0.07,0.026678187820641908,0.00010448375232341434,-0.008907665252006914
2021-03-05,1698.0,-0.0012939367339462,66.08999633789062,0.0354064615698694,0.07,0.026678187820641908,0.00010448375232341434,-0.0013984204862696142
2021-03-08,1677.699951171875,-0.0119552702167992,65.05000305175781,-0.0157360167008598,0.07,0.026678187820641908,0.00010448375232341434,-0.012059753969122615
2021-03-09,1716.5999755859375,0.0231865205616121,64.01000213623047,-0.0159877150920324,0.07,0.026678187820641908,0.00010448375232341434,0.023082036809288685
2021-03-10,1721.5,0.0028544940485566,64.44000244140625,0.0067177049027529,0.07,0.026678187820641908,0.00010448375232341434,0.0027500102962331858
2021-03-11,1722.300048828125,0.0004647393715508,66.0199966430664,0.0245188414307837,0.07,0.026678187820641908,0.00010448375232341434,0.00036025561922738565
2021-03-12,1719.5,-0.0016257613358544,65.61000061035156,-0.0062101795450166,0.07,0.026678187820641908,0.00010448375232341434,-0.0017302450881778143
2021-03-15,1728.9000244140625,0.005466719635977,65.38999938964844,-0.0033531659603187,0.07,0.026678187820641908,0.00010448375232341434,0.005362235883653586
2021-03-16,1730.5999755859375,0.000983255912933,64.80000305175781,-0.0090227304388692,0.07,0.026678187820641908,0.00010448375232341434,0.0008787721606095856
2021-03-17,1726.800048828125,-0.0021957279622206,64.5999984741211,-0.00308649025027,0.07,0.026678187820641908,0.00010448375232341434,-0.002300211714544014
2021-03-18,1732.199951171875,0.003127115005246,60.0,-0.0712074084020893,0.07,0.026678187820641908,0.00010448375232341434,0.0030226312529225857
2021-03-19,1741.4000244140625,0.0053112074249646,61.41999816894531,0.0236666361490884,0.07,0.026678187820641908,0.00010448375232341434,0.005206723672641186
2021-03-22,1737.800048828125,-0.0020672881218942,61.54999923706055,0.0021165918591798,0.07,0.026678187820641908,0.00010448375232341434,-0.0021717718742176144
2021-03-23,1724.699951171875,-0.007538322757606,57.7599983215332,-0.0615759701463213,0.07,0.026678187820641908,0.00010448375232341434,-0.007642806509929414
2021-03-24,1732.9000244140625,0.0047544926505134,61.18000030517578,0.0592105623792511,0.07,0.026678187820641908,0.00010448375232341434,0.004650008898189986
2021-03-25,1724.9000244140625,-0.0046165386850317,58.560001373291016,-0.0428244347632524,0.07,0.026678187820641908,0.00010448375232341434,-0.004721022437355114
2021-03-26,1732.199951171875,0.0042320868772045,60.970001220703125,0.0411543680139205,0.07,0.026678187820641908,0.00010448375232341434,0.004127603124881086
2021-03-29,1712.0999755859375,-0.0116037271403566,61.560001373291016,0.0096768925828321,0.07,0.026678187820641908,0.00010448375232341434,-0.011708210892680015
2021-03-30,1683.9000244140625,-0.0164709722411064,60.54999923706055,-0.0164067919704218,0.07,0.026678187820641908,0.00010448375232341434,-0.016575455993429813
2021-03-31,1713.800048828125,0.0177564130771163,59.15999984741211,-0.0229562247260552,0.06,0.026678187820641908,0.00010448375232341434,0.017651929324792887
2021-04-01,1726.5,0.0074104042537279,61.45000076293945,0.0387086024583132,0.07,0.04133077115360573,0.00016072514834086782,0.007249679105387032
2021-04-05,1727.0,0.0002896032435564,58.650001525878906,-0.0455654874254978,0.07,0.04133077115360573,0.00016072514834086782,0.0001288780952155322
2021-04-06,1741.5,0.0083960625361898,59.33000183105469,0.011594207800246,0.07,0.04133077115360573,0.00016072514834086782,0.008235337387848932
2021-04-07,1740.0999755859375,-0.0008039186988587,59.77000045776367,0.0074161235990166,0.07,0.04133077115360573,0.00016072514834086782,-0.0009646438471995678
2021-04-08,1756.800048828125,0.0095971918145474,59.59999847412109,-0.0028442694050623,0.07,0.04133077115360573,0.00016072514834086782,0.009436466666206532
2021-04-09,1743.300048828125,-0.0076844260159288,59.31999969482422,-0.0046979662158624,0.07,0.04133077115360573,0.00016072514834086782,-0.007845151164269669
2021-04-12,1731.199951171875,-0.0069409151134848,59.70000076293945,0.0064059519566785,0.07,0.04133077115360573,0.00016072514834086782,-0.007101640261825668
2021-04-13,1746.199951171875,0.0086645104107392,60.18000030517578,0.0080401932345417,0.07,0.04133077115360573,0.00016072514834086782,0.008503785262398332
2021-04-14,1734.9000244140625,-0.0064711528311687,63.150001525878906,0.0493519642014306,0.07,0.04133077115360573,0.00016072514834086782,-0.006631877979509568
2021-04-15,1765.4000244140625,0.0175802637447659,63.459999084472656,0.0049089081726578,0.07,0.04133077115360573,0.00016072514834086782,0.017419538596425033
2021-04-16,1779.0,0.0077036226338851,63.130001068115234,-0.005200094880527,0.07,0.04133077115360573,0.00016072514834086782,0.007542897485544232
2021-04-19,1769.4000244140625,-0.0053962763271149,63.380001068115234,0.0039600823027114,0.07,0.04133077115360573,0.00016072514834086782,-0.005557001475455767
2021-04-20,1777.300048828125,0.0044648040607315,62.43999862670898,-0.0148312152976459,0.07,0.04133077115360573,0.00016072514834086782,0.004304078912390632
2021-04-21,1792.300048828125,0.008439767955833,61.34999847412109,-0.0174567613158408,0.07,0.04133077115360573,0.00016072514834086782,0.008279042807492133
2021-04-22,1781.199951171875,-0.0061932139451247,61.43000030517578,0.0013040233585079,0.07,0.04133077115360573,0.00016072514834086782,-0.006353939093465568
2021-04-23,1777.0,-0.0023579335768069,62.13999938964844,0.0115578557861872,0.07,0.04133077115360573,0.00016072514834086782,-0.002518658725147768
2021-04-26,1779.199951171875,0.0012380141653769,61.90999984741211,-0.0037013122706055,0.07,0.04133077115360573,0.00016072514834086782,0.0010772890170360322
2021-04-27,1778.0,-0.0006744330062985,62.93999862670898,0.016637034111379,0.07,0.04133077115360573,0.00016072514834086782,-0.0008351581546393678
2021-04-28,1773.199951171875,-0.0026996900045697,63.86000061035156,0.0146171274819852,0.07,0.04133077115360573,0.00016072514834086782,-0.0028604151529105677
2021-04-29,1768.0999755859375,-0.0028761424127984,65.01000213623047,0.0180081665344127,0.06,0.04133077115360573,0.00016072514834086782,-0.003036867561139268
2021-04-30,1767.300048828125,-0.0004524216779921,63.58000183105469,-0.0219966198767256,0.05,0.04133077115360573,0.00016072514834086782,-0.0006131468263329678
2021-05-03,1791.4000244140625,0.0136366066429511,64.48999786376953,0.0143126141319229,0.06,0.04918257089467626,0.00019053940853419604,0.013446067234416903
2021-05-04,1775.800048828125,-0.0087082591120539,65.69000244140625,0.0186076076505947,0.06,0.04918257089467626,0.00019053940853419604,-0.008898798520588096
2021-05-05,1784.0999755859375,0.0046739083959872,65.62999725341797,-0.0009134599750061,0.06,0.04918257089467626,0.00019053940853419604,0.004483368987453004
2021-05-06,1815.5,0.0175999242440154,64.70999908447266,-0.014017952269492,0.06,0.04918257089467626,0.00019053940853419604,0.017409384835481205
2021-05-07,1831.0999755859373,0.0085926607468671,64.9000015258789,0.0029362145587148,0.06,0.04918257089467626,0.00019053940853419604,0.008402121338332904
2021-05-10,1837.5,0.0034951802192091,64.91999816894531,0.0003081146779084,0.06,0.04918257089467626,0.00019053940853419604,0.003304640810674904
2021-05-11,1835.9000244140625,-0.0008707350127551,65.27999877929688,0.0055452960644686,0.06,0.04918257089467626,0.00019053940853419604,-0.001061274421289296
2021-05-12,1822.5999755859373,-0.00724442978989,66.08000183105469,0.0122549489386867,0.06,0.04918257089467626,0.00019053940853419604,-0.007434969198424196
2021-05-13,1823.800048828125,0.0006584402821587,63.81999969482422,-0.0342009999032471,0.06,0.04918257089467626,0.00019053940853419604,0.00046790087362450395
2021-05-14,1837.9000244140625,0.0077310972740665,65.37000274658203,0.0242871052831346,0.06,0.04918257089467626,0.00019053940853419604,0.007540557865532304
2021-05-17,1867.5,0.0161053241159698,66.2699966430664,0.0137676894396556,0.06,0.04918257089467626,0.00019053940853419604,0.015914784707435604
2021-05-18,1867.800048828125,0.0001606687165327,65.48999786376953,-0.0117700138646149,0.06,0.04918257089467626,0.00019053940853419604,-2.9870692001496046e-05
2021-05-19,1881.300048828125,0.0072277543886296,63.36000061035156,-0.0325240085951556,0.06,0.04918257089467626,0.00019053940853419604,0.007037214980095404
2021-05-20,1881.800048828125,0.0002657736602469,62.04999923706055,-0.0206755265257524,0.06,0.04918257089467626,0.00019053940853419604,7.523425171270394e-05
2021-05-21,1876.699951171875,-0.0027102229375677,63.58000183105469,0.0246575763546554,0.06,0.04918257089467626,0.00019053940853419604,-0.002900762346101896
2021-05-24,1884.5999755859373,0.0042095298234166,66.05000305175781,0.0388487126387071,0.06,0.04918257089467626,0.00019053940853419604,0.004018990414882404
2021-05-25,1898.0999755859373,0.0071633238750323,66.06999969482422,0.0003027500702874,0.06,0.04918257089467626,0.00019053940853419604,0.006972784466498104
2021-05-26,1901.300048828125,0.0016859350315305,66.20999908447266,0.0021189555062068,0.06,0.04918257089467626,0.00019053940853419604,0.001495395622996304
2021-05-27,1895.699951171875,-0.0029454044666445,66.8499984741211,0.009666204478147,0.06,0.04918257089467626,0.00019053940853419604,-0.003135943875178696
2021-05-28,1902.5,0.0035870913136444,66.31999969482422,-0.0079281793776262,0.05,0.04918257089467626,0.00019053940853419604,0.003396551905110204
2021-06-01,1902.9000244140625,0.0002102625041064,67.72000122070312,0.021109793913165,0.06,0.05295632620349999,0.000204789842376929,5.472661729471014e-06
2021-06-02,1907.5,0.0024173501113669,68.83000183105469,0.0163910305721053,0.06,0.05295632620349999,0.000204789842376929,0.002212560268989971
2021-06-03,1871.199951171875,-0.0190301697657273,68.80999755859375,-0.0002906330368847,0.06,0.05295632620349999,0.000204789842376929,-0.01923495960810423
2021-06-04,1889.800048828125,0.0099401978097537,69.62000274658203,0.0117716206471092,0.06,0.05295632620349999,0.000204789842376929,0.00973540796737677
2021-06-07,1896.800048828125,0.0037040955757943,69.2300033569336,-0.0056018295642423,0.06,0.05295632620349999,0.000204789842376929,0.003499305733417371
2021-06-08,1892.199951171875,-0.0024251884952724,70.05000305175781,0.0118445710683632,0.06,0.05295632620349999,0.000204789842376929,-0.002629978337649329
2021-06-09,1893.199951171875,0.000528485374593,69.95999908447266,-0.0012848531529492,0.06,0.05295632620349999,0.000204789842376929,0.00032369553221607106
2021-06-10,1894.199951171875,0.0005282062253282,70.29000091552734,0.0047170073666842,0.06,0.05295632620349999,0.000204789842376929,0.00032341638295127104
2021-06-11,1877.4000244140625,-0.0088691411629585,70.91000366210938,0.0088206393300112,0.06,0.05295632620349999,0.000204789842376929,-0.009073931005335429
2021-06-14,1864.0,-0.0071375435388335,70.87999725341797,-0.000423161855052,0.06,0.05295632620349999,0.000204789842376929,-0.007342333381210429
2021-06-15,1854.5,-0.0050965665236051,72.12000274658203,0.01749443483654,0.06,0.05295632620349999,0.000204789842376929,-0.005301356365982029
2021-06-16,1859.5,0.0026961445133459,72.1500015258789,0.0004159564358627,0.06,0.05295632620349999,0.000204789842376929,0.002491354670968971
2021-06-17,1773.800048828125,-0.0460876317138343,71.04000091552734,-0.0153846235187317,0.1,0.05295632620349999,0.000204789842376929,-0.04629242155621123
2021-06-18,1767.9000244140625,-0.0033262060275397,71.63999938964844,0.0084459243579479,0.1,0.05295632620349999,0.000204789842376929,-0.003530995869916629
2021-06-21,1781.800048828125,0.0078624493591878,73.66000366210938,0.028196598124941,0.1,0.05295632620349999,0.000204789842376929,0.007657659516810871
2021-06-22,1776.300048828125,-0.0030867661069026,73.05999755859375,-0.0081456159881276,0.1,0.05295632620349999,0.000204789842376929,-0.003291555949279529
2021-06-23,1782.300048828125,0.0033778077098844,73.08000183105469,0.0002738060926554,0.1,0.05295632620349999,0.000204789842376929,0.003173017867507471
2021-06-24,1775.5999755859375,-0.0037592285578361,73.30000305175781,0.0030104161903514,0.1,0.05295632620349999,0.000204789842376929,-0.003964018400213029
2021-06-25,1776.5999755859375,0.0005631899153806,74.05000305175781,0.0102319231756431,0.1,0.05295632620349999,0.000204789842376929,0.00035840007300367096
2021-06-28,1779.5999755859375,0.0016886187331002,72.91000366210938,-0.0153949944992118,0.1,0.05295632620349999,0.000204789842376929,0.001483828890723271
2021-06-29,1762.800048828125,-0.0094402826412048,72.9800033569336,0.0009600835455807,0.1,0.05295632620349999,0.000204789842376929,-0.00964507248358173
2021-06-30,1770.800048828125,0.0045382345010247,73.47000122070312,0.0067141386849904,0.08,0.05295632620349999,0.000204789842376929,0.004333444658647771
2021-07-01,1775.9000244140625,0.0028800403463464,75.2300033569336,0.0239553846057989,0.1,0.05245169381309234,0.00020288720146965922,0.0026771531448767406
2021-07-02,1782.5999755859375,0.0037727074045654,75.16000366210938,-0.0009304757636671,0.1,0.05245169381309234,0.00020288720146965922,0.0035698202030957408
2021-07-06,1793.5,0.0061146777534761,73.37000274658203,-0.0238158705203701,0.1,0.05245169381309234,0.00020288720146965922,0.005911790552006441
2021-07-07,1801.5,0.0044605519933091,72.19999694824219,-0.0159466506002597,0.1,0.05245169381309234,0.00020288720146965922,0.004257664791839441
2021-07-08,1799.5999755859375,-0.0010546902104149,72.94000244140625,0.0102493839950512,0.1,0.05245169381309234,0.00020288720146965922,-0.0012575774118845592
2021-07-09,1810.0,0.0057790756585647,74.55999755859375,0.0222099679594727,0.1,0.05245169381309234,0.00020288720146965922,0.005576188457095041
2021-07-12,1805.5,-0.0024861878453038,74.0999984741211,-0.0061695158199429,0.1,0.05245169381309234,0.00020288720146965922,-0.002689075046773459
2021-07-13,1809.4000244140625,0.0021600799856342,75.25,0.0155195890628869,0.1,0.05245169381309234,0.00020288720146965922,0.001957192784164541
2021-07-14,1824.300048828125,0.0082347873400121,73.12999725341797,-0.028172793974512,0.1,0.05245169381309234,0.00020288720146965922,0.008031900138542441
2021-07-15,1828.4000244140625,0.0022474239303842,71.6500015258789,-0.0202378747863263,0.1,0.05245169381309234,0.00020288720146965922,0.0020445367289145407
2021-07-16,1814.5,-0.0076022884644825,71.80999755859375,0.0022330220419752,0.1,0.05245169381309234,0.00020288720146965922,-0.007805175665952159
2021-07-19,1808.699951171875,-0.0031964997674979,66.41999816894531,-0.0750591780100039,0.1,0.05245169381309234,0.00020288720146965922,-0.0033993869689675593
2021-07-20,1810.9000244140625,0.0012163837571632,67.41999816894531,0.0150557065276697,0.1,0.05245169381309234,0.00020288720146965922,0.0010134965556935407
2021-07-21,1802.9000244140625,-0.0044176928003457,70.30000305175781,0.0427173681553001,0.1,0.05245169381309234,0.00020288720146965922,-0.0046205800018153595
2021-07-22,1805.0,0.0011647765031341,71.91000366210938,0.0229018569055567,0.1,0.05245169381309234,0.00020288720146965922,0.0009618893016644409
2021-07-23,1801.4000244140625,-0.0019944463079986,72.06999969482422,0.0022249481931142,0.1,0.05245169381309234,0.00020288720146965922,-0.0021973335094682593
2021-07-26,1798.699951171875,-0.0014988748782024,71.91000366210938,-0.0022200087885713,0.1,0.05245169381309234,0.00020288720146965922,-0.0017017620796720592
2021-07-27,1799.5,0.000444792822507,71.6500015258789,-0.003615660172292,0.1,0.05245169381309234,0.00020288720146965922,0.0002419056210373408
2021-07-28,1799.5,0.0,72.38999938964844,0.0103279532171713,0.1,0.05245169381309234,0.00020288720146965922,-0.00020288720146965922
2021-07-29,1831.199951171875,0.0176159773114059,73.62000274658203,0.0169913436566415,0.1,0.05245169381309234,0.00020288720146965922,0.01741309010993624
2021-07-30,1812.5999755859373,-0.0101572608573052,73.94999694824219,0.0044823986599955,0.07,0.05245169381309234,0.00020288720146965922,-0.01036014805877486
2021-08-02,1818.0999755859373,0.0030343153889882,71.26000213623047,-0.0363758610280194,0.1,0.05152015301793966,0.0001993725782116762,0.0028349428107765236
2021-08-03,1810.0999755859373,-0.0044001980679977,70.55999755859375,-0.0098232466552343,0.1,0.05152015301793966,0.0001993725782116762,-0.004599570646209376
2021-08-04,1810.5,0.000220995756841,68.1500015258789,-0.0341552737542764,0.1,0.05152015301793966,0.0001993725782116762,2.162317862932381e-05
2021-08-05,1805.0999755859373,-0.002982614976008,69.08999633789062,0.0137930270134296,0.1,0.05152015301793966,0.0001993725782116762,-0.003181987554219676
2021-08-06,1760.0,-0.0249847521998319,68.27999877929688,-0.0117238037563699,0.1,0.05152015301793966,0.0001993725782116762,-0.025184124778043576
2021-08-09,1723.4000244140625,-0.0207954406738281,66.4800033569336,-0.0263619720934888,0.1,0.05152015301793966,0.0001993725782116762,-0.020994813252039776
2021-08-10,1728.800048828125,0.0031333551918095,68.29000091552734,0.0272261953549521,0.1,0.05152015301793966,0.0001993725782116762,0.002933982613597824
2021-08-11,1750.4000244140625,0.0124942011660511,69.25,0.0140576815288104,0.1,0.05152015301793966,0.0001993725782116762,0.012294828587839424
2021-08-12,1749.0,-0.0007998311211925,69.08999633789062,-0.0023105221965252,0.1,0.05152015301793966,0.0001993725782116762,-0.0009992036994041762
2021-08-13,1775.199951171875,0.0149799606471554,68.44000244140625,-0.0094079306837059,0.1,0.05152015301793966,0.0001993725782116762,0.014780588068943723
2021-08-16,1786.9000244140625,0.0065908481095122,67.29000091552734,-0.0168030608541176,0.1,0.05152015301793966,0.0001993725782116762,0.006391475531300524
2021-08-17,1785.0,-0.0010633076210772,66.58999633789062,-0.010402802319998,0.1,0.05152015301793966,0.0001993725782116762,-0.0012626801992888762
2021-08-18,1781.5999755859375,-0.0019047755821078,65.45999908447266,-0.0169694746292542,0.09,0.05152015301793966,0.0001993725782116762,-0.002104148160319476
2021-08-19,1780.199951171875,-0.0007858242216253,63.68999862670898,-0.0270394207534219,0.09,0.05152015301793966,0.0001993725782116762,-0.0009851967998369762
2021-08-20,1781.0,0.000449415150022,62.31999969482422,-0.0215104248928378,0.09,0.05152015301793966,0.0001993725782116762,0.0002500425718103238
2021-08-23,1803.199951171875,0.0124648799392896,65.63999938964844,0.0532734228350766,0.09,0.05152015301793966,0.0001993725782116762,0.012265507361077925
2021-08-24,1805.5999755859373,0.0013309807448158,67.54000091552734,0.0289457882929009,0.09,0.05152015301793966,0.0001993725782116762,0.0011316081666041238
2021-08-25,1788.199951171875,-0.0096366995177965,68.36000061035156,0.012140948826012,0.09,0.05152015301793966,0.0001993725782116762,-0.009836072096008177
2021-08-26,1792.199951171875,0.0022368863154138,67.41999816894531,-0.0137507670130697,0.09,0.05152015301793966,0.0001993725782116762,0.002037513737202124
2021-08-27,1816.5999755859373,0.0136145659406519,68.73999786376953,0.0195787560171165,0.08,0.05152015301793966,0.0001993725782116762,0.013415193362440224
2021-08-30,1809.0,-0.0041836263833957,69.20999908447266,0.0068373761319369,0.08,0.05152015301793966,0.0001993725782116762,-0.004382998961607376
2021-08-31,1815.0,0.0033167495854062,68.5,-0.0102586200529505,0.06,0.05152015301793966,0.0001993725782116762,0.003117377007194524
2021-09-01,1813.0999755859373,-0.001046845407197,68.58999633789062,0.001313815151688,0.08,0.05351215590949132,0.0002068844642675316,-0.0012537298714645317
2021-09-02,1808.699951171875,-0.0024267963561361,69.98999786376953,0.0204111619861031,0.08,0.05351215590949132,0.0002068844642675316,-0.0026336808204036315
2021-09-03,1830.9000244140625,0.0122740497824438,69.29000091552734,-0.0100013854780318,0.08,0.05351215590949132,0.0002068844642675316,0.012067165318176268
2021-09-07,1795.9000244140625,-0.0191162813552318,68.3499984741211,-0.013566206220032,0.08,0.05351215590949132,0.0002068844642675316,-0.019323165819499333
2021-09-08,1790.699951171875,-0.0028955249019967,69.30000305175781,0.0138991162961972,0.08,0.05351215590949132,0.0002068844642675316,-0.0031024093662642316
2021-09-09,1797.4000244140625,0.0037415945858505,68.13999938964844,-0.0167388688459798,0.08,0.05351215590949132,0.0002068844642675316,0.0035347101215829685
2021-09-10,1789.5999755859375,-0.0043396287538539,69.72000122070312,0.0231875821134026,0.08,0.05351215590949132,0.0002068844642675316,-0.004546513218121432
2021-09-13,1792.0,0.0013410954664752,70.44999694824219,0.0104703917779378,0.08,0.05351215590949132,0.0002068844642675316,0.0011342110022076685
2021-09-14,1804.699951171875,0.0070870263235909,70.45999908447266,0.0001419749703865,0.08,0.05351215590949132,0.0002068844642675316,0.006880141859323369
2021-09-15,1792.4000244140625,-0.0068154968086664,72.61000061035156,0.0305137887285709,0.08,0.05351215590949132,0.0002068844642675316,-0.007022381272933932
2021-09-16,1754.5999755859375,-0.0210890695789194,72.61000061035156,0.0,0.08,0.05351215590949132,0.0002068844642675316,-0.021295954043186932
2021-09-17,1749.4000244140625,-0.0029636106487113,71.97000122070312,-0.0088142044383511,0.08,0.05351215590949132,0.0002068844642675316,-0.0031704951129788318
2021-09-20,1761.800048828125,0.0070881583634456,70.29000091552734,-0.0233430634525612,0.08,0.05351215590949132,0.0002068844642675316,0.006881273899178068
2021-09-21,1776.0,0.0080599107607699,70.55999755859375,0.0038411813849723,0.08,0.05351215590949132,0.0002068844642675316,0.007853026296502369
2021-09-22,1776.699951171875,0.0003941166508305,72.2300033569336,0.0236678834484518,0.08,0.05351215590949132,0.0002068844642675316,0.00018723218656296843
2021-09-23,1747.699951171875,-0.0163223959008228,73.30000305175781,0.0148137843706954,0.08,0.05351215590949132,0.0002068844642675316,-0.016529280365090333
2021-09-24,1749.699951171875,0.001144361192354,73.9800033569336,0.00927694784263,0.08,0.05351215590949132,0.0002068844642675316,0.0009374767280864683
2021-09-27,1750.0,0.0001714858755776,75.44999694824219,0.0198701476697191,0.08,0.05351215590949132,0.0002068844642675316,-3.539858868993159e-05
2021-09-28,1735.800048828125,-0.0081142578124999,75.29000091552734,-0.0021205571794071,0.08,0.05351215590949132,0.0002068844642675316,-0.008321142276767432
2021-09-29,1721.5,-0.0082383041974098,74.83000183105469,-0.0061096968904111,0.08,0.05351215590949132,0.0002068844642675316,-0.008445188661677332
2021-09-30,1755.300048828125,0.0196340684450333,75.02999877929688,0.0026726839950335,0.06,0.05351215590949132,0.0002068844642675316,0.019427183980765768
2021-10-01,1757.0,0.0009684675694106,75.87999725341797,0.0113287816600049,0.08,0.06235042390298062,0.00024004402184241158,0.0007284235475681885
2021-10-04,1766.199951171875,0.00523617027426,77.62000274658203,0.022931016817949,0.08,0.06235042390298062,0.00024004402184241158,0.004996126252417589
2021-10-05,1759.5999755859375,-0.0037368224257725,78.93000030517578,0.0168770614820861,0.08,0.06235042390298062,0.00024004402184241158,-0.003976866447614911
2021-10-06,1760.5,0.0005114937636678,77.43000030517578,-0.0190041808463243,0.08,0.06235042390298062,0.00024004402184241158,0.00027144974182538844
2021-10-07,1757.9000244140625,-0.0014768392990273,78.30000305175781,0.0112359904837024,0.08,0.06235042390298062,0.00024004402184241158,-0.0017168833208697117
2021-10-08,1756.300048828125,-0.0009101630147998,79.3499984741211,0.0134099027003768,0.08,0.06235042390298062,0.00024004402184241158,-0.0011502070366422117
2021-10-11,1754.5999755859375,-0.0009679856487631,80.5199966430664,0.014744778720152,0.08,0.06235042390298062,0.00024004402184241158,-0.0012080296706055114
2021-10-12,1758.300048828125,0.002108784505683,80.63999938964844,0.0014903471384131,0.08,0.06235042390298062,0.00024004402184241158,0.0018687404838405885
2021-10-13,1793.699951171875,0.0201330269923745,80.44000244140625,-0.0024801209047115,0.08,0.06235042390298062,0.00024004402184241158,0.01989298297053209
2021-10-14,1796.699951171875,0.0016725205339054,81.30999755859375,0.0108154536397635,0.08,0.06235042390298062,0.00024004402184241158,0.0014324765120629884
2021-10-15,1767.199951171875,-0.0164189908174478,82.27999877929688,0.0119296673204807,0.08,0.06235042390298062,0.00024004402184241158,-0.01665903483929021
2021-10-18,1764.800048828125,-0.0013580253565299,82.44000244140625,0.0019446240214291,0.08,0.06235042390298062,0.00024004402184241158,-0.0015980693783723115
2021-10-19,1769.699951171875,0.0027764631732662,82.95999908447266,0.0063075767548161,0.08,0.06235042390298062,0.00024004402184241158,0.0025364191514237883
2021-10-20,1784.0999755859375,0.0081369863883009,83.87000274658203,0.0109691860191896,0.08,0.06235042390298062,0.00024004402184241158,0.007896942366458489
2021-10-21,1781.199951171875,-0.0016254831308486,82.5,-0.0163348360762736,0.08,0.06235042390298062,0.00024004402184241158,-0.0018655271526910116
2021-10-22,1795.5,0.0080283231642337,83.76000213623047,0.0152727531664298,0.08,0.06235042390298062,0.00024004402184241158,0.007788279142391288
2021-10-25,1806.0,0.0058479532163742,83.76000213623047,0.0,0.08,0.06235042390298062,0.00024004402184241158,0.005607909194531789
2021-10-26,1792.699951171875,-0.0073643681218853,84.6500015258789,0.0106255893857416,0.08,0.06235042390298062,0.00024004402184241158,-0.007604412143727712
2021-10-27,1797.9000244140625,0.0029006935816493,82.66000366210938,-0.0235085390182911,0.08,0.06235042390298062,0.00024004402184241158,0.0026606495598068885
2021-10-28,1801.5999755859373,0.0020579293184452,82.80999755859375,0.0018145885535827,0.08,0.06235042390298062,0.00024004402184241158,0.0018178852966027883
2021-10-29,1783.0,-0.0103241428940895,83.56999969482422,0.0091776616186072,0.07,0.06235042390298062,0.00024004402184241158,-0.010564186915931912
2021-11-01,1795.0999755859375,0.0067863015064146,84.05000305175781,0.0057437281163867,0.08,0.06901970403700863,0.00026488453637862897,0.006521416970035971
2021-11-02,1788.699951171875,-0.0035652746371263,83.91000366210938,-0.0016656678710912,0.08,0.06901970403700863,0.00026488453637862897,-0.003830159173504929
2021-11-03,1763.5999755859375,-0.0140325243311452,80.86000061035156,-0.0363485033803553,0.08,0.06901970403700863,0.00026488453637862897,-0.014297408867523828
2021-11-04,1793.0,0.0166704608874213,78.80999755859375,-0.0253524985936665,0.08,0.06901970403700863,0.00026488453637862897,0.016405576351042672
2021-11-05,1816.4000244140625,0.0130507665443739,81.2699966430664,0.0312143022545292,0.08,0.06901970403700863,0.00026488453637862897,0.012785882007995271
2021-11-08,1827.4000244140625,0.0060559347347224,81.93000030517578,0.0081211232849938,0.08,0.06901970403700863,0.00026488453637862897,0.005791050198343771
2021-11-09,1830.199951171875,0.001532191485392,84.1500015258789,0.0270963165193944,0.08,0.06901970403700863,0.00026488453637862897,0.001267306949013371
2021-11-10,1847.5999755859373,0.0095071712808871,81.33999633789062,-0.0333928120859761,0.08,0.06901970403700863,0.00026488453637862897,0.009242286744508471
2021-11-11,1863.199951171875,0.0084433729119259,81.58999633789062,0.0030735187024288,0.08,0.06901970403700863,0.00026488453637862897,0.008178488375547271
2021-11-12,1867.9000244140625,0.0025225812394591,80.79000091552734,-0.0098050675115886,0.08,0.06901970403700863,0.00026488453637862897,0.002257696703080471
2021-11-15,1866.0999755859373,-0.0009636751456704,80.87999725341797,0.0011139539159645,0.08,0.06901970403700863,0.00026488453637862897,-0.001228559682049029
2021-11-16,1853.5999755859373,-0.0066984621207527,80.76000213623047,-0.0014836192045299,0.08,0.06901970403700863,0.00026488453637862897,-0.006963346657131329
2021-11-17,1869.699951171875,0.0086857875474712,78.36000061035156,-0.0297177001287153,0.08,0.06901970403700863,0.00026488453637862897,0.008420903011092572
2021-11-18,1861.0,-0.0046531269182641,79.01000213623047,0.0082950679021949,0.08,0.06901970403700863,0.00026488453637862897,-0.004918011454642729
2021-11-19,1851.199951171875,-0.0052660122665905,76.0999984741211,-0.0368308262679438,0.08,0.06901970403700863,0.00026488453637862897,-0.005530896802969129
2021-11-22,1806.0,-0.0244165689088646,76.75,0.0085414131263084,0.08,0.06901970403700863,0.00026488453637862897,-0.02468145344524323
2021-11-23,1783.5,-0.0124584717607973,78.5,0.0228013029315961,0.08,0.06901970403700863,0.00026488453637862897,-0.01272335629717593
2021-11-24,1784.0999755859375,0.0003364034684258,78.38999938964844,-0.0014012816605294,0.08,0.06901970403700863,0.00026488453637862897,7.151893204717101e-05
2021-11-26,1785.300048828125,0.0006726490996074,68.1500015258789,-0.1306288805140844,0.08,0.06901970403700863,0.00026488453637862897,0.00040776456322877104
2021-11-29,1782.300048828125,-0.0016803898044864,69.94999694824219,0.0264122579906291,0.08,0.06901970403700863,0.00026488453637862897,-0.001945274340865029
2021-11-30,1773.5999755859375,-0.0048813740693706,66.18000030517578,-0.0538955941035411,0.07,0.06901970403700863,0.00026488453637862897,-0.005146258605749229
2021-12-01,1781.5999755859375,0.0045105999718775,65.56999969482422,-0.0092172953692757,0.08,0.07174340285065539,0.0002749849085006417,0.004235615063376858
2021-12-02,1760.699951171875,-0.0117310421533817,66.5,0.0141833202608538,0.08,0.07174340285065539,0.0002749849085006417,-0.012006027061882342
2021-12-03,1782.0,0.0120974893047212,66.26000213623047,-0.0036089904326245,0.08,0.07174340285065539,0.0002749849085006417,0.01182250439622056
2021-12-06,1777.5,-0.0025252525252524,69.48999786376953,0.048747292837362,0.08,0.07174340285065539,0.0002749849085006417,-0.002800237433753042
2021-12-07,1782.5999755859375,0.0028691845771799,72.05000305175781,0.0368399088600779,0.08,0.07174340285065539,0.0002749849085006417,0.0025941996686792584
2021-12-08,1783.4000244140625,0.0004488100746562,72.36000061035156,0.0043025335942188,0.08,0.07174340285065539,0.0002749849085006417,0.0001738251661555583
2021-12-09,1774.5999755859375,-0.0049344222875719,70.94000244140625,-0.019624076243335,0.08,0.07174340285065539,0.0002749849085006417,-0.005209407196072542
2021-12-10,1782.9000244140625,0.0046771379140724,71.66999816894531,0.0102903256613504,0.08,0.07174340285065539,0.0002749849085006417,0.004402153005571758
2021-12-13,1786.300048828125,0.0019070191079164,71.29000091552734,-0.0053020407859117,0.08,0.07174340285065539,0.0002749849085006417,0.0016320341994157583
2021-12-14,1770.4000244140625,-0.0089010938696965,70.7300033569336,-0.0078552048169742,0.08,0.07174340285065539,0.0002749849085006417,-0.009176078778197141
2021-12-15,1762.5999755859375,-0.0044058115231366,70.87000274658203,0.0019793493991784,0.08,0.07174340285065539,0.0002749849085006417,-0.004680796431637242
2021-12-16,1796.5999755859375,0.0192896859587765,72.37999725341797,0.0213065394146434,0.08,0.07174340285065539,0.0002749849085006417,0.01901470105027586
2021-12-17,1803.800048828125,0.0040076106757371,70.86000061035156,-0.0210002307370166,0.08,0.07174340285065539,0.0002749849085006417,0.0037326257672364582
2021-12-20,1793.699951171875,-0.0055993443745673,68.2300033569336,-0.0371153998132165,0.08,0.07174340285065539,0.0002749849085006417,-0.005874329283067942
2021-12-21,1787.9000244140625,-0.0032334988658628,71.12000274658203,0.042356723544771,0.08,0.07174340285065539,0.0002749849085006417,-0.0035084837743634416
2021-12-22,1801.5999755859373,0.0076625935369987,72.76000213623047,0.0230596080752718,0.08,0.07174340285065539,0.0002749849085006417,0.007387608628498059
2021-12-23,1811.199951171875,0.0053285833237288,73.79000091552734,0.0141561125488751,0.08,0.07174340285065539,0.0002749849085006417,0.005053598415228159
2021-12-27,1808.0999755859373,-0.0017115590048087,75.56999969482422,0.0241224929829526,0.08,0.07174340285065539,0.0002749849085006417,-0.0019865439133093417
2021-12-28,1810.199951171875,0.0011614266989063,75.9800033569336,0.0054254818547716,0.08,0.07174340285065539,0.0002749849085006417,0.0008864417904056582
2021-12-29,1805.0999755859373,-0.0028173548356554,76.55999755859375,0.0076335111349692,0.08,0.07174340285065539,0.0002749849085006417,-0.003092339744156042
2021-12-30,1812.699951171875,0.0042102795904535,76.98999786376953,0.0056165140920581,0.08,0.07174340285065539,0.0002749849085006417,0.0039352946819528585
2021-12-31,1827.5,0.0081646434748106,75.20999908447266,-0.0231198704855987,0.07,0.07174340285065539,0.0002749849085006417,0.007889658566309958
2022-01-03,1799.4000244140625,-0.015376183631156,76.08000183105469,0.0115676473497212,0.08,0.07558805726967832,0.0002891987227136017,-0.015665382353869602
2022-01-04,1814.0,0.0081138020383719,76.98999786376953,0.0119610411515973,0.08,0.07558805726967832,0.0002891987227136017,0.007824603315658298
2022-01-05,1824.5999755859373,0.0058434264531077,77.8499984741211,0.0111702900924,0.08,0.07558805726967832,0.0002891987227136017,0.005554227730394099
2022-01-06,1788.699951171875,-0.0196755589687728,79.45999908447266,0.0206808046487856,0.08,0.07558805726967832,0.0002891987227136017,-0.019964757691486403
2022-01-07,1797.0,0.004640268940963,78.9000015258789,-0.0070475404611876,0.08,0.07558805726967832,0.0002891987227136017,0.004351070218249398
2022-01-10,1798.4000244140625,0.0007790898241861,78.2300033569336,-0.0084917383521919,0.08,0.07558805726967832,0.0002891987227136017,0.0004898911014724983
2022-01-11,1818.5999755859373,0.0112321791023419,81.22000122070312,0.038220602524166,0.08,0.07558805726967832,0.0002891987227136017,0.010942980379628299
2022-01-12,1827.199951171875,0.0047288989889966,82.63999938964844,0.0174833556710578,0.08,0.07558805726967832,0.0002891987227136017,0.004439700266282999
2022-01-13,1821.199951171875,-0.0032837128723388,82.12000274658203,-0.0062923117970344,0.08,0.07558805726967832,0.0002891987227136017,-0.0035729115950524017
2022-01-14,1816.5,-0.0025806892696492,83.81999969482422,0.0207013747124229,0.08,0.07558805726967832,0.0002891987227136017,-0.0028698879923628015
2022-01-18,1812.300048828125,-0.0023121118479906,85.43000030517578,0.0192078336460668,0.08,0.07558805726967832,0.0002891987227136017,-0.0026013105707042017
2022-01-19,1843.0999755859373,0.016994937884446,86.95999908447266,0.0179093851554648,0.08,0.07558805726967832,0.0002891987227136017,0.0167057391617324
2022-01-20,1842.5,-0.0003255252530437,86.9000015258789,-0.0006899443333189,0.08,0.07558805726967832,0.0002891987227136017,-0.0006147239757573017
2022-01-21,1831.800048828125,-0.0058073005003391,85.13999938964844,-0.0202531887839649,0.08,0.07558805726967832,0.0002891987227136017,-0.006096499223052701
2022-01-24,1841.699951171875,0.0054044666884267,83.30999755859375,-0.0214940315265868,0.08,0.07558805726967832,0.0002891987227136017,0.005115267965713099
2022-01-25,1852.699951171875,0.0059727427331475,85.5999984741211,0.02748770834997,0.08,0.07558805726967832,0.0002891987227136017,0.005683544010433898
2022-01-26,1829.9000244140625,-0.0123063244770914,87.3499984741211,0.0204439255980719,0.08,0.07558805726967832,0.0002891987227136017,-0.012595523199805001
2022-01-27,1793.300048828125,-0.0200010793473031,86.61000061035156,-0.0084716414046506,0.08,0.07558805726967832,0.0002891987227136017,-0.020290278070016703
2022-01-28,1784.9000244140625,-0.0046841154214832,86.81999969482422,0.002424651691407,0.08,0.07558805726967832,0.0002891987227136017,-0.004973314144196802
2022-01-31,1795.0,0.0056585665571118,88.1500015258789,0.0153190720540163,0.08,0.07558805726967832,0.0002891987227136017,0.005369367834398198
2022-02-01,1800.300048828125,0.0029526734418523,88.19999694824219,0.0005671630345758,0.08,0.07937278766517819,0.000303141653514194,0.002649531788338106
2022-02-02,1809.199951171875,0.0049435661291812,88.26000213623047,0.000680330953112,0.08,0.07937278766517819,0.000303141653514194,0.004640424475667006
2022-02-03,1803.0,-0.0034269021330998,90.2699966430664,0.0227735605958119,0.08,0.07937278766517819,0.000303141653514194,-0.003730043786613994
2022-02-04,1806.5999755859373,0.0019966586721782,92.30999755859376,0.0225988810389972,0.08,0.07937278766517819,0.000303141653514194,0.001693517018664006
2022-02-07,1820.5999755859373,0.0077493635498691,91.31999969482422,-0.0107247090234308,0.08,0.07937278766517819,0.000303141653514194,0.007446221896354906
2022-02-08,1826.5999755859373,0.0032956168738105,89.36000061035156,-0.0214629773436556,0.08,0.07937278766517819,0.000303141653514194,0.002992475220296306
2022-02-09,1835.199951171875,0.004708187726313,89.66000366210938,0.0033572409322819,0.08,0.07937278766517819,0.000303141653514194,0.004405046072798806
2022-02-10,1836.199951171875,0.000544899752946,89.87999725341797,0.0024536424528562,0.08,0.07937278766517819,0.000303141653514194,0.000241758099431806
2022-02-11,1840.800048828125,0.0025052269788561,93.0999984741211,0.0358255598475851,0.08,0.07937278766517819,0.000303141653514194,0.002202085325341906
2022-02-14,1868.0,0.0147761573502731,95.45999908447266,0.0253490939745564,0.08,0.07937278766517819,0.000303141653514194,0.014473015696758906
2022-02-15,1854.800048828125,-0.0070663550170636,92.06999969482422,-0.0355122503892821,0.08,0.07937278766517819,0.000303141653514194,-0.007369496670577794
2022-02-16,1870.199951171875,0.008302729101975,93.66000366210938,0.0172695120294927,0.08,0.07937278766517819,0.000303141653514194,0.007999587448460806
2022-02-17,1900.699951171875,0.0163084166379581,91.76000213623048,-0.0202861568608667,0.08,0.07937278766517819,0.000303141653514194,0.016005274984443905
2022-02-18,1898.5999755859373,-0.0011048432892538,91.06999969482422,-0.0075196428219546,0.08,0.07937278766517819,0.000303141653514194,-0.001407984942767994
2022-02-22,1906.0999755859373,0.0039502792038568,92.3499984741211,0.0140551090763825,0.08,0.07937278766517819,0.000303141653514194,0.0036471375503426056
2022-02-23,1909.199951171875,0.0016263446963136,92.0999984741211,-0.002707092627295,0.08,0.07937278766517819,0.000303141653514194,0.001323203042799406
2022-02-24,1925.0999755859373,0.0083281085379784,92.80999755859376,0.0077090021306802,0.08,0.07937278766517819,0.000303141653514194,0.008024966884464206
2022-02-25,1886.5,-0.0200508940187321,91.58999633789062,-0.0131451487209974,0.08,0.07937278766517819,0.000303141653514194,-0.020354035672246293
2022-02-28,1899.4000244140625,0.0068380728407433,95.72000122070312,0.04509231409483,0.08,0.07937278766517819,0.000303141653514194,0.006534931187229106
2022-03-01,1942.4000244140625,0.0226387277283861,103.41000366210938,0.0803385117356536,0.08,0.08572204966013852,0.00032642330105892015,0.02231230442732718
2022-03-02,1920.9000244140625,-0.0110687807504973,110.5999984741211,0.0695290064538138,0.08,0.08572204966013852,0.00032642330105892015,-0.01139520405155622
2022-03-03,1934.4000244140625,0.0070279555564678,107.66999816894533,-0.0264918656925783,0.08,0.08572204966013852,0.00032642330105892015,0.0067015322554088794
2022-03-04,1965.0999755859373,0.0158705287347038,115.68000030517578,0.0743940027161693,0.08,0.08572204966013852,0.00032642330105892015,0.01554410543364488
2022-03-07,1993.9000244140625,0.0146557677400294,119.4000015258789,0.0321576868161253,0.08,0.08572204966013852,0.00032642330105892015,0.01432934443897048
2022-03-08,2040.0999755859373,0.0231706457726994,123.6999969482422,0.0360133615361075,0.08,0.08572204966013852,0.00032642330105892015,0.02284422247164048
2022-03-09,1985.9000244140625,-0.0265673015148721,108.6999969482422,-0.1212611185938525,0.08,0.08572204966013852,0.00032642330105892015,-0.02689372481593102
2022-03-10,1998.0999755859373,0.0061432856749545,106.0199966430664,-0.0246550172991437,0.08,0.08572204966013852,0.00032642330105892015,0.00581686237389558
2022-03-11,1982.699951171875,-0.0077073342686702,109.33000183105467,0.0312205743519493,0.08,0.08572204966013852,0.00032642330105892015,-0.00803375756972912
2022-03-14,1959.5999755859373,-0.0116507672138107,103.01000213623048,-0.0578066366868846,0.08,0.08572204966013852,0.00032642330105892015,-0.01197719051486962
2022-03-15,1928.5,-0.0158705735728733,96.44000244140624,-0.0637802112277933,0.08,0.08572204966013852,0.00032642330105892015,-0.01619699687393222
2022-03-16,1908.0,-0.0106300233341976,95.04000091552734,-0.0145168134636817,0.08,0.08572204966013852,0.00032642330105892015,-0.010956446635256521
2022-03-17,1942.0999755859373,0.0178721046047889,102.9800033569336,0.0835437959271845,0.33,0.08572204966013852,0.00032642330105892015,0.01754568130372998
2022-03-18,1928.199951171875,-0.0071572136289579,104.6999969482422,0.0167022095090345,0.33,0.08572204966013852,0.00032642330105892015,-0.00748363693001682
2022-03-21,1928.5999755859373,0.0002074600270678,112.12000274658205,0.0708692073984289,0.33,0.08572204966013852,0.00032642330105892015,-0.00011896327399112014
2022-03-22,1920.699951171875,-0.0040962483221345,111.76000213623048,-0.0032108508877336,0.33,0.08572204966013852,0.00032642330105892015,-0.00442267162319342
2022-03-23,1936.5999755859373,0.0082782448160949,114.93000030517578,0.0283643352572704,0.33,0.08572204966013852,0.00032642330105892015,0.00795182151503598
2022-03-24,1961.5999755859373,0.0129092225111879,112.33999633789062,-0.0225354908240482,0.33,0.08572204966013852,0.00032642330105892015,0.01258279921012898
2022-03-25,1953.800048828125,-0.0039763085516365,113.9000015258789,0.0138864628702335,0.33,0.08572204966013852,0.00032642330105892015,-0.00430273185269542
2022-03-28,1939.5999755859373,-0.007267925523241,105.95999908447266,-0.0697102926693308,0.33,0.08572204966013852,0.00032642330105892015,-0.00759434882429992
2022-03-29,1912.0,-0.0142297256822762,104.23999786376952,-0.0162325522420202,0.33,0.08572204966013852,0.00032642330105892015,-0.01455614898333512
2022-03-30,1933.5,0.011244769874477,107.81999969482422,0.034343840218928,0.33,0.08572204966013852,0.00032642330105892015,0.01091834657341808
2022-03-31,1949.199951171875,0.0081199644023144,100.27999877929688,-0.0699313757824958,0.33,0.08572204966013852,0.00032642330105892015,0.007793541101255479
2022-04-01,1919.0999755859373,-0.015442220572518,99.2699966430664,-0.0100718203881648,0.33,0.08231750770777224,0.00031395634770703396,-0.015756176920225032
2022-04-04,1929.199951171875,0.0052628709887059,103.27999877929688,0.0403949055286942,0.33,0.08231750770777224,0.00031395634770703396,0.004948914640998866
2022-04-05,1922.9000244140625,-0.0032655644398008,101.95999908447266,-0.0127807872814268,0.33,0.08231750770777224,0.00031395634770703396,-0.0035795207875078338
2022-04-06,1918.4000244140625,-0.002340215270095,96.2300033569336,-0.0561984678206188,0.33,0.08231750770777224,0.00031395634770703396,-0.002654171617802034
2022-04-07,1933.800048828125,0.008027535559882,96.02999877929688,-0.0020784014409193,0.33,0.08231750770777224,0.00031395634770703396,0.007713579212174967
2022-04-08,1941.5999755859373,0.0040334711763707,98.26000213623048,0.0232219450721722,0.33,0.08231750770777224,0.00031395634770703396,0.0037195148286636656
2022-04-11,1944.300048828125,0.0013906434261119,94.29000091552734,-0.0404030239608482,0.33,0.08231750770777224,0.00031395634770703396,0.0010766870784048661
2022-04-12,1972.0999755859373,0.0142981669802293,100.5999984741211,0.0669211740091799,0.33,0.08231750770777224,0.00031395634770703396,0.013984210632522266
2022-04-13,1981.0,0.0045129681680657,104.25,0.0362823218811265,0.33,0.08231750770777224,0.00031395634770703396,0.004199011820358666
2022-04-14,1970.9000244140625,-0.0050984228096605,106.9499969482422,0.0258992513020832,0.33,0.08231750770777224,0.00031395634770703396,-0.005412379157367534
2022-04-18,1982.9000244140625,0.0060885888940853,108.20999908447266,0.011781226481383,0.33,0.08231750770777224,0.00031395634770703396,0.0057746325463782664
2022-04-19,1955.699951171875,-0.013717319535676,102.55999755859376,-0.0522133035179892,0.33,0.08231750770777224,0.00031395634770703396,-0.014031275883383034
2022-04-20,1952.300048828125,-0.0017384580603546,102.75,0.0018525979517276,0.33,0.08231750770777224,0.00031395634770703396,-0.0020524144080616338
2022-04-21,1944.9000244140625,-0.0037904134758919,103.79000091552734,0.0101216634114582,0.33,0.08231750770777224,0.00031395634770703396,-0.004104369823598934
2022-04-22,1931.0,-0.0071469094758482,102.06999969482422,-0.0165719356925625,0.33,0.08231750770777224,0.00031395634770703396,-0.007460865823555234
2022-04-25,1893.199951171875,-0.0195753748462583,98.54000091552734,-0.0345840970887734,0.33,0.08231750770777224,0.00031395634770703396,-0.019889331193965333
2022-04-26,1901.4000244140625,0.0043313297346705,101.6999969482422,0.0320681550979862,0.33,0.08231750770777224,0.00031395634770703396,0.004017373386963466
2022-04-27,1885.9000244140625,-0.0081518879777949,102.0199966430664,0.003146506434873,0.33,0.08231750770777224,0.00031395634770703396,-0.008465844325501935
2022-04-28,1888.699951171875,0.0014846634082219,105.36000061035156,0.0327387186550369,0.33,0.08231750770777224,0.00031395634770703396,0.0011707070605148661
2022-04-29,1909.300048828125,0.0109070250377611,104.69000244140624,-0.0063591321665148,0.33,0.08231750770777224,0.00031395634770703396,0.010593068690054067
2022-05-02,1861.800048828125,-0.0248782269864572,105.16999816894533,0.0045849242176463,0.33,0.08538171195642064,0.00032517878526228117,-0.02520340577171948
2022-05-03,1868.800048828125,0.0037598022432141,102.41000366210938,-0.0262431734799717,0.33,0.08538171195642064,0.00032517878526228117,0.0034346234579518188
2022-05-04,1867.0,-0.0009632110344034,107.80999755859376,0.0527291641771741,0.33,0.08538171195642064,0.00032517878526228117,-0.0012883898196656813
2022-05-05,1874.0,0.0037493304767006,108.26000213623048,0.0041740523868589,0.83,0.08538171195642064,0.00032517878526228117,0.0034241516914383188
2022-05-06,1881.199951171875,0.0038420230372866,109.7699966430664,0.0139478521803075,0.83,0.08538171195642064,0.00032517878526228117,0.003516844252024319
2022-05-09,1857.0999755859373,-0.0128109590747781,103.08999633789062,-0.0608545186249462,0.83,0.08538171195642064,0.00032517878526228117,-0.013136137860040382
2022-05-10,1839.9000244140625,-0.0092617260233651,99.76000213623048,-0.0323018170526039,0.83,0.08538171195642064,0.00032517878526228117,-0.00958690480862738
2022-05-11,1852.5999755859373,0.0069025224215208,105.70999908447266,0.0596431116763307,0.83,0.08538171195642064,0.00032517878526228117,0.006577343636258519
2022-05-12,1823.800048828125,-0.015545680199366,106.12999725341795,0.0039731167588952,0.83,0.08538171195642064,0.00032517878526228117,-0.015870858984628283
2022-05-13,1807.4000244140625,-0.008992227204183,110.48999786376952,0.0410816990783551,0.83,0.08538171195642064,0.00032517878526228117,-0.009317405989445282
2022-05-16,1813.5,0.003375000278599,114.1999969482422,0.0335776917024377,0.83,0.08538171195642064,0.00032517878526228117,0.003049821493336719
2022-05-17,1818.199951171875,0.0025916466346154,112.4000015258789,-0.0157617817028408,0.83,0.08538171195642064,0.00032517878526228117,0.002266467849353119
2022-05-18,1815.9000244140625,-0.0012649471012966,109.58999633789062,-0.0250000458170929,0.83,0.08538171195642064,0.00032517878526228117,-0.0015901258865588812
2022-05-19,1841.199951171875,0.0139324447478743,112.20999908447266,0.0239073166724448,0.83,0.08538171195642064,0.00032517878526228117,0.013607265962612018
2022-05-20,1841.800048828125,0.0003259274778211,113.2300033569336,0.0090901370714124,0.83,0.08538171195642064,0.00032517878526228117,7.486925588188467e-07
2022-05-23,1847.800048828125,0.00325768261534,110.29000091552734,-0.025964871096387,0.83,0.08538171195642064,0.00032517878526228117,0.0029325038300777187
2022-05-24,1865.0999755859373,0.0093624452325262,109.7699966430664,-0.004714881386747,0.83,0.08538171195642064,0.00032517878526228117,0.009037266447263919
2022-05-25,1846.199951171875,-0.0101335181284986,110.33000183105467,0.0051016234409591,0.83,0.08538171195642064,0.00032517878526228117,-0.010458696913760881
2022-05-26,1847.4000244140625,0.0006500234394577,114.08999633789062,0.0340795290894087,0.83,0.08538171195642064,0.00032517878526228117,0.0003248446541954188
2022-05-27,1851.300048828125,0.0021110882118231,115.06999969482422,0.0085897395774403,0.83,0.08538171195642064,0.00032517878526228117,0.0017859094265608188
2022-05-31,1842.699951171875,-0.0046454369520996,114.66999816894533,-0.0034761582249043,0.83,0.08538171195642064,0.00032517878526228117,-0.004970615737361881
2022-06-01,1843.300048828125,0.0003256621653831,115.26000213623048,0.0051452339470337,0.83,0.08979361103105798,0.0003412817576367022,-1.56195922536022e-05
2022-06-02,1866.5,0.0125860958917807,116.87000274658205,0.0139684242626392,0.83,0.08979361103105798,0.0003412817576367022,0.012244814134143998
2022-06-03,1845.4000244140625,-0.0113045676860099,118.87000274658205,0.0171130311713669,0.83,0.08979361103105798,0.0003412817576367022,-0.011645849443646602
2022-06-06,1839.199951171875,-0.0033597448575715,118.5,-0.0031126670987872,0.83,0.08979361103105798,0.0003412817576367022,-0.003701026615208202
2022-06-07,1847.5,0.004512858334319,119.41000366210938,0.0076793557983914,0.83,0.08979361103105798,0.0003412817576367022,0.004171576576682298
2022-06-08,1851.9000244140625,0.0023816099670161,122.11000061035156,0.0226111453432518,0.83,0.08979361103105798,0.0003412817576367022,0.0020403282093793976
2022-06-09,1848.800048828125,-0.0016739432718125,121.51000213623048,-0.0049135899690613,0.83,0.08979361103105798,0.0003412817576367022,-0.0020152250294492025
2022-06-10,1871.5,0.0122782077955176,120.66999816894533,-0.0069130438031215,0.83,0.08979361103105798,0.0003412817576367022,0.011936926037880899
2022-06-13,1828.0,-0.0232433876569596,120.93000030517578,0.0021546543480215,0.83,0.08979361103105798,0.0003412817576367022,-0.0235846694145963
2022-06-14,1809.5,-0.0101203501094091,118.93000030517578,-0.0165384933015203,0.83,0.08979361103105798,0.0003412817576367022,-0.010461631867045802
2022-06-15,1815.300048828125,0.0032053323172838,115.30999755859376,-0.0304380958319436,0.83,0.08979361103105798,0.0003412817576367022,0.0028640505596470977
2022-06-16,1845.699951171875,0.0167464890244313,117.58999633789062,0.0197727762342403,1.58,0.08979361103105798,0.0003412817576367022,0.0164052072667946
2022-06-17,1835.5999755859373,-0.0054721654944644,109.55999755859376,-0.0682881114837605,1.58,0.08979361103105798,0.0003412817576367022,-0.005813447252101102
2022-06-21,1834.5999755859373,-0.0005447810052845,110.6500015258789,0.0099489228876827,1.58,0.08979361103105798,0.0003412817576367022,-0.0008860627629212022
2022-06-22,1834.300048828125,-0.0001634834633182,106.19000244140624,-0.0403072663621206,1.58,0.08979361103105798,0.0003412817576367022,-0.0005047652209549022
2022-06-23,1825.699951171875,-0.004688490120111,104.2699966430664,-0.018080852756353,1.58,0.08979361103105798,0.0003412817576367022,-0.005029771877747702
2022-06-24,1826.5,0.0004382148488373,107.62000274658205,0.0321281884661726,1.58,0.08979361103105798,0.0003412817576367022,9.69330912005978e-05
2022-06-27,1820.9000244140625,-0.0030659598061524,109.56999969482422,0.0181192798594693,1.58,0.08979361103105798,0.0003412817576367022,-0.0034072415637891023
2022-06-28,1817.5,-0.0018672219059124,111.76000213623048,0.0199872451173301,1.58,0.08979361103105798,0.0003412817576367022,-0.0022085036635491025
2022-06-29,1813.699951171875,-0.0020908109095598,109.77999877929688,-0.0177165651314148,1.58,0.08979361103105798,0.0003412817576367022,-0.0024320926671965023
2022-06-30,1804.0999755859373,-0.0052930340433293,105.76000213623048,-0.0366186617577602,1.58,0.08979361103105798,0.0003412817576367022,-0.005634315800966002
2022-07-01,1798.9000244140625,-0.0028822965701699,108.43000030517578,0.0252458218136764,1.58,0.08462576727730098,0.0003224131248307227,-0.0032047096950006226
2022-07-05,1761.800048828125,-0.0206237006406299,99.5,-0.0823572837779427,1.58,0.08462576727730098,0.0003224131248307227,-0.020946113765460624
2022-07-06,1734.9000244140625,-0.0152684888571522,98.52999877929688,-0.0097487559869661,1.58,0.08462576727730098,0.0003224131248307227,-0.015590901981982923
2022-07-07,1737.9000244140625,0.0017292062699769,102.7300033569336,0.0426266581718381,1.58,0.08462576727730098,0.0003224131248307227,0.0014067931451461773
2022-07-08,1740.5999755859375,0.0015535710535392,104.79000091552734,0.0200525405556186,1.58,0.08462576727730098,0.0003224131248307227,0.0012311579287084774
2022-07-11,1730.0,-0.0060898401324918,104.08999633789062,-0.0066800703456525,1.58,0.08462576727730098,0.0003224131248307227,-0.006412253257322522
2022-07-12,1723.300048828125,-0.0038728041455924,95.83999633789062,-0.0792583369224008,1.58,0.08462576727730098,0.0003224131248307227,-0.0041952172704231225
2022-07-13,1734.199951171875,0.0063250171385778,96.3000030517578,0.004799736346456,1.58,0.08462576727730098,0.0003224131248307227,0.006002604013747077
2022-07-14,1704.5,-0.0171260246846423,95.77999877929688,-0.0053998365107159,1.58,0.08462576727730098,0.0003224131248307227,-0.017448437809473024
2022-07-15,1702.4000244140625,-0.0012320185309108,97.58999633789062,0.018897448127604,1.58,0.08462576727730098,0.0003224131248307227,-0.0015544316557415227
2022-07-18,1709.199951171875,0.0039943178220718,102.5999984741211,0.0513372509912193,1.58,0.08462576727730098,0.0003224131248307227,0.0036719046972410775
2022-07-19,1710.0,0.0004680838117134,104.22000122070312,0.0157895006888391,1.58,0.08462576727730098,0.0003224131248307227,0.0001456706868826773
2022-07-20,1699.5,-0.006140350877193,102.26000213623048,-0.0188063621331382,1.58,0.08462576727730098,0.0003224131248307227,-0.0064627640020237225
2022-07-21,1712.699951171875,0.0077669615603854,96.3499984741211,-0.0577938933957392,1.58,0.08462576727730098,0.0003224131248307227,0.007444548435554677
2022-07-22,1727.0999755859375,0.0084077916883278,94.6999969482422,-0.0171250809757105,1.58,0.08462576727730098,0.0003224131248307227,0.008085378563497078
2022-07-25,1719.0,-0.0046899286089038,96.6999969482422,0.0211193248622076,1.58,0.08462576727730098,0.0003224131248307227,-0.005012341733734523
2022-07-26,1717.699951171875,-0.000756282040794,94.9800033569336,-0.0177869042977241,1.58,0.08462576727730098,0.0003224131248307227,-0.0010786951656247227
2022-07-27,1719.0999755859375,0.0008150576083485,97.26000213623048,0.0240050399948783,1.58,0.08462576727730098,0.0003224131248307227,0.0004926444835177773
2022-07-28,1750.300048828125,0.0181490743326624,96.41999816894533,-0.008636684647699,2.33,0.08462576727730098,0.0003224131248307227,0.017826661207831676
2022-07-29,1762.9000244140625,0.0071987517765159,98.62000274658205,0.0228168908879453,2.32,0.08462576727730098,0.0003224131248307227,0.006876338651685177
2022-08-01,1769.0,0.0034601937157299,93.88999938964844,-0.0479619065625864,2.33,0.08222579178218825,0.00031361995684831,0.00314657375888159
2022-08-02,1771.0999755859375,0.0011870975612988,94.41999816894533,0.0056448906458861,2.33,0.08222579178218825,0.00031361995684831,0.00087347760445049
2022-08-03,1758.0,-0.0073965195452072,90.66000366210938,-0.0398220141892843,2.33,0.08222579178218825,0.00031361995684831,-0.00771013950205551
2022-08-04,1788.5,0.0173492605233218,88.54000091552734,-0.0233841017090987,2.33,0.08222579178218825,0.00031361995684831,0.01703564056647349
2022-08-05,1772.9000244140625,-0.0087223794162356,89.01000213623047,0.0053083489478562,2.33,0.08222579178218825,0.00031361995684831,-0.00903599937308391
2022-08-08,1786.800048828125,0.0078402753808164,90.76000213623048,0.0196607118076641,2.33,0.08222579178218825,0.00031361995684831,0.00752665542396809
2022-08-09,1794.0,0.0040295225963291,90.5,-0.0028647215746007,2.33,0.08222579178218825,0.00031361995684831,0.0037159026394807896
2022-08-10,1795.5999755859375,0.0008918481526964,91.93000030517578,0.0158011083444837,2.33,0.08222579178218825,0.00031361995684831,0.00057822819584809
2022-08-11,1789.699951171875,-0.0032858233984645,94.33999633789062,0.0262155555826659,2.33,0.08222579178218825,0.00031361995684831,-0.00359944335531281
2022-08-12,1798.5999755859375,0.0049729142632175,92.08999633789062,-0.0238499055261921,2.33,0.08222579178218825,0.00031361995684831,0.00465929430636919
2022-08-15,1781.4000244140625,-0.0095629664212976,89.41000366210938,-0.0291018870925784,2.33,0.08222579178218825,0.00031361995684831,-0.00987658637814591
2022-08-16,1773.199951171875,-0.0046031621925483,86.52999877929688,-0.0322112153545632,2.33,0.08222579178218825,0.00031361995684831,-0.00491678214939661
2022-08-17,1760.300048828125,-0.0072749282083076,88.11000061035156,0.0182595845758029,2.33,0.08222579178218825,0.00031361995684831,-0.00758854816515591
2022-08-18,1755.300048828125,-0.0028404248487799,90.5,0.0271251773135006,2.33,0.08222579178218825,0.00031361995684831,-0.00315404480562821
2022-08-19,1747.5999755859375,-0.0043867561260129,90.7699966430664,0.0029833883211758,2.33,0.08222579178218825,0.00031361995684831,-0.00470037608286121
2022-08-22,1734.0,-0.0077820873059795,90.2300033569336,-0.0059490283805586,2.33,0.08222579178218825,0.00031361995684831,-0.008095707262827809
2022-08-23,1746.800048828125,0.0073818043991493,93.73999786376952,0.0389005250609493,2.33,0.08222579178218825,0.00031361995684831,0.00706818444230099
2022-08-24,1747.800048828125,0.0005724753675562,94.88999938964844,0.0122679918080452,2.33,0.08222579178218825,0.00031361995684831,0.00025885541070789
2022-08-25,1757.699951171875,0.0056642076136728,92.5199966430664,-0.0249763174394178,2.33,0.08222579178218825,0.00031361995684831,0.00535058765682449
2022-08-26,1736.0999755859375,-0.0122887729339337,93.05999755859376,0.0058365859827105,2.33,0.08222579178218825,0.00031361995684831,-0.01260239289078201
2022-08-29,1736.5999755859375,0.0002880018472617,97.01000213623048,0.042445784238815,2.33,0.08222579178218825,0.00031361995684831,-2.5618109586610007e-05
2022-08-30,1723.199951171875,-0.0077162412774659,91.63999938964844,-0.0553551451224686,2.33,0.08222579178218825,0.00031361995684831,-0.00802986123431421
2022-08-31,1712.800048828125,-0.0060352266936157,89.55000305175781,-0.0228065948473447,2.33,0.08222579178218825,0.00031361995684831,-0.00634884665046401
2022-09-01,1696.5999755859375,-0.0094582395961929,86.61000061035156,-0.0328308469147342,2.33,0.08192106896425821,0.00031250210655797694,-0.009770741702750878
2022-09-02,1709.800048828125,0.0077803096971216,86.87000274658203,0.0030019874656297,2.33,0.08192106896425821,0.00031250210655797694,0.007467807590563623
2022-09-06,1700.4000244140625,-0.0054977331533621,86.87999725341797,0.0001150513010237,2.33,0.08192106896425821,0.00031250210655797694,-0.005810235259920077
2022-09-07,1715.300048828125,0.0087626583157671,81.94000244140625,-0.0568599789155422,2.33,0.08192106896425821,0.00031250210655797694,0.008450156209209123
2022-09-08,1708.0,-0.0042558436543579,83.54000091552734,0.0195264635885898,2.33,0.08192106896425821,0.00031250210655797694,-0.004568345760915877
2022-09-09,1716.199951171875,0.0048009081802546,86.79000091552734,0.0389035188458555,2.33,0.08192106896425821,0.00031250210655797694,0.004488406073696623
2022-09-12,1728.0999755859375,0.0069339382080373,87.77999877929688,0.0114068193723502,2.33,0.08192106896425821,0.00031250210655797694,0.006621436101479323
2022-09-13,1705.0,-0.013367268047154,87.30999755859375,-0.0053543088088305,2.33,0.08192106896425821,0.00031250210655797694,-0.013679770153711976
2022-09-14,1696.5,-0.0049853372434017,88.4800033569336,0.0134005936439827,2.33,0.08192106896425821,0.00031250210655797694,-0.005297839349959677
2022-09-15,1665.4000244140625,-0.0183318453203286,85.0999984741211,-0.038200777063461,2.33,0.08192106896425821,0.00031250210655797694,-0.018644347426886577
2022-09-16,1671.699951171875,0.0037828309507974,85.11000061035156,0.0001175339178591,2.33,0.08192106896425821,0.00031250210655797694,0.003470328844239423
2022-09-19,1666.199951171875,-0.0032900641027981,85.7300033569336,0.0072847226193841,2.33,0.08192106896425821,0.00031250210655797694,-0.003602566209356077
2022-09-20,1659.699951171875,-0.0039010924201674,84.44999694824219,-0.0149306702271099,2.33,0.08192106896425821,0.00031250210655797694,-0.004213594526725377
2022-09-21,1664.5999755859375,0.002952355581262,82.94000244140625,-0.0178803382048833,2.33,0.08192106896425821,0.00031250210655797694,0.002639853474704023
2022-09-22,1670.800048828125,0.0037246625814739,83.48999786376953,0.0066312443474043,3.08,0.08192106896425821,0.00031250210655797694,0.003412160474915923
2022-09-23,1645.300048828125,-0.0152621494222994,78.73999786376953,-0.0568930425384675,3.08,0.08192106896425821,0.00031250210655797694,-0.015574651528857376
2022-09-26,1623.300048828125,-0.0133714212284072,76.70999908447266,-0.0257810367585866,3.08,0.08192106896425821,0.00031250210655797694,-0.013683923334965178
2022-09-27,1626.699951171875,0.0020944386382568,78.5,0.0233346491577479,3.08,0.08192106896425821,0.00031250210655797694,0.001781936531698823
2022-09-28,1660.4000244140625,0.0207168342372605,82.1500015258789,0.046496834724572,3.08,0.08192106896425821,0.00031250210655797694,0.020404332130702522
2022-09-29,1658.5,-0.0011443172645898,81.2300033569336,-0.0111990036744612,3.08,0.08192106896425821,0.00031250210655797694,-0.001456819371147777
2022-09-30,1662.4000244140625,0.0023515371806226,79.48999786376953,-0.0214207241321693,3.08,0.08192106896425821,0.00031250210655797694,0.002039035074064623
2022-10-03,1692.9000244140625,0.0183469679692469,83.62999725341797,0.0520820166172806,3.08,0.07758813957693,0.00029657309498709594,0.018050394874259804
2022-10-04,1721.0999755859375,0.0166577770483731,86.5199966430664,0.0345569709979911,3.08,0.07758813957693,0.00029657309498709594,0.016361203953386003
2022-10-05,1711.4000244140625,-0.0056359022192029,87.76000213623047,0.0143320104169633,3.08,0.07758813957693,0.00029657309498709594,-0.005932475314189996
2022-10-06,1711.699951171875,0.0001752522809008,88.44999694824219,0.0078622925617142,3.08,0.07758813957693,0.00029657309498709594,-0.00012132081408629594
2022-10-07,1700.5,-0.0065431743245696,92.63999938964844,0.0473714255056232,3.08,0.07758813957693,0.00029657309498709594,-0.006839747419556696
2022-10-10,1667.300048828125,-0.0195236407949868,91.12999725341795,-0.0162996777437284,3.08,0.07758813957693,0.00029657309498709594,-0.019820213889973896
2022-10-11,1678.699951171875,0.0068373430155912,89.3499984741211,-0.0195325231311812,3.08,0.07758813957693,0.00029657309498709594,0.006540769920604104
2022-10-12,1670.300048828125,-0.005003814015653,87.2699966430664,-0.0232792598385676,3.08,0.07758813957693,0.00029657309498709594,-0.005300387110640096
2022-10-13,1670.0,-0.0001796376814665,89.11000061035156,0.0210840384790063,3.08,0.07758813957693,0.00029657309498709594,-0.00047621077645359594
2022-10-14,1641.699951171875,-0.0169461370228293,85.61000061035156,-0.0392772974528901,3.08,0.07758813957693,0.00029657309498709594,-0.017242710117816397
2022-10-17,1657.0,0.009319637743306,85.45999908447266,-0.0017521495714224,3.08,0.07758813957693,0.00029657309498709594,0.009023064648318905
2022-10-18,1649.0,-0.0048280024140011,82.81999969482422,-0.0308916384031193,3.08,0.07758813957693,0.00029657309498709594,-0.005124575508988196
2022-10-19,1627.5,-0.0130382049727106,85.55000305175781,0.0329630930571496,3.08,0.07758813957693,0.00029657309498709594,-0.013334778067697697
2022-10-20,1630.800048828125,0.0020276797715053,85.9800033569336,0.0050263037970392,3.08,0.07758813957693,0.00029657309498709594,0.001731106676518204
2022-10-21,1651.0,0.0123865284320971,85.05000305175781,-0.010816472073338,3.08,0.07758813957693,0.00029657309498709594,0.012089955337110004
2022-10-24,1648.699951171875,-0.0013931246687614,84.58000183105469,-0.0055261752361972,3.08,0.07758813957693,0.00029657309498709594,-0.0016896977637484959
2022-10-25,1652.800048828125,0.0024868670938793,85.31999969482422,0.0087490878192182,3.08,0.07758813957693,0.00029657309498709594,0.002190293998892204
2022-10-26,1664.0,0.0067763497343893,87.91000366210938,0.0303563522802294,3.08,0.07758813957693,0.00029657309498709594,0.006479776639402204
2022-10-27,1660.699951171875,-0.0019832024207482,89.08000183105469,0.0133090447071566,3.08,0.07758813957693,0.00029657309498709594,-0.002279775515735296
2022-10-28,1639.5999755859375,-0.0127054713110867,87.9000015258789,-0.013246523135616,3.08,0.07758813957693,0.00029657309498709594,-0.013002044406073795
2022-10-31,1635.9000244140625,-0.0022566182160088,86.52999877929688,-0.0155859240364026,3.08,0.07758813957693,0.00029657309498709594,-0.002553191310995896
2022-11-01,1645.0,0.005562672198869,88.37000274658203,0.021264347547008,3.08,0.07122856456533988,0.00027307767967310603,0.005289594519195894
2022-11-02,1645.699951171875,0.0004255022321428,90.0,0.0184451420477183,3.08,0.07122856456533988,0.00027307767967310603,0.00015242455246969398
2022-11-03,1627.300048828125,-0.0111805936013109,88.16999816894531,-0.0203333536783854,3.83,0.07122856456533988,0.00027307767967310603,-0.011453671280984005
2022-11-04,1672.5,0.0277760399530653,92.61000061035156,0.0503572931111853,3.83,0.07122856456533988,0.00027307767967310603,0.027502962273392193
2022-11-07,1676.5,0.0023916292974588,91.79000091552734,-0.0088543320313136,3.83,0.07122856456533988,0.00027307767967310603,0.002118551617785694
2022-11-08,1712.0999755859375,0.0212347006179167,88.91000366210938,-0.0313759366455217,3.83,0.07122856456533988,0.00027307767967310603,0.020961622938243593
2022-11-09,1710.0999755859375,-0.0011681560823079,85.83000183105469,-0.0346417917466275,3.83,0.07122856456533988,0.00027307767967310603,-0.001441233761981006
2022-11-10,1750.300048828125,0.0235074403930177,86.47000122070312,0.0074565929860772,3.83,0.07122856456533988,0.00027307767967310603,0.023234362713344593
2022-11-11,1766.0,0.0089698627286141,88.95999908447266,0.02879608914789,3.83,0.07122856456533988,0.00027307767967310603,0.008696785048940994
2022-11-14,1773.5999755859375,0.0043034969342794,85.87000274658203,-0.0347346714218881,3.83,0.07122856456533988,0.00027307767967310603,0.004030419254606294
2022-11-15,1773.800048828125,0.000112806295073,86.91999816894531,0.0122277324883988,3.83,0.07122856456533988,0.00027307767967310603,-0.00016027138460010602
2022-11-16,1773.0,-0.000451036647932,85.58999633789062,-0.0153014479874882,3.83,0.07122856456533988,0.00027307767967310603,-0.000724114327605106
2022-11-17,1760.800048828125,-0.0068809651279611,81.63999938964844,-0.0461502175166412,3.83,0.07122856456533988,0.00027307767967310603,-0.007154042807634206
2022-11-18,1751.9000244140625,-0.00505453439758,80.08000183105469,-0.0191082504930977,3.83,0.07122856456533988,0.00027307767967310603,-0.005327612077253106
2022-11-21,1737.4000244140625,-0.0082767280084088,79.7300033569336,-0.004370610216262,3.83,0.07122856456533988,0.00027307767967310603,-0.008549805688081906
2022-11-22,1738.300048828125,0.0005180294701365,80.94999694824219,0.0153015620210994,3.83,0.07122856456533988,0.00027307767967310603,0.00024495179046339394
2022-11-23,1744.9000244140625,0.0037967988267542,77.94000244140625,-0.0371833801150167,3.83,0.07122856456533988,0.00027307767967310603,0.003523721147081094
2022-11-25,1753.300048828125,0.0048140433815875,76.27999877929688,-0.02129848101246,3.83,0.07122856456533988,0.00027307767967310603,0.004540965701914394
2022-11-28,1740.0999755859375,-0.007528701804925,77.23999786376953,0.0125852005746649,3.83,0.07122856456533988,0.00027307767967310603,-0.0078017794845981064
2022-11-29,1748.4000244140625,0.004769868941197,78.19999694824219,0.0124287818620325,3.83,0.07122856456533988,0.00027307767967310603,0.004496791261523894
2022-11-30,1746.0,-0.0013726975409227,80.55000305175781,0.0300512301179629,3.83,0.07122856456533988,0.00027307767967310603,-0.001645775220595806
2022-12-01,1801.0999755859375,0.0315578325234464,81.22000122070312,0.0083177919746917,3.83,0.06404600402357152,0.0002463741024525401,0.03131145842099386
2022-12-02,1795.9000244140625,-0.0028870974639724,79.9800033569336,-0.0152671490412813,3.83,0.06404600402357152,0.0002463741024525401,-0.00313347156642494
2022-12-05,1767.4000244140625,-0.0158694802675881,76.93000030517578,-0.0381345701893297,3.83,0.06404600402357152,0.0002463741024525401,-0.01611585437004064
2022-12-06,1769.300048828125,0.0010750392598259,74.25,-0.0348368685109113,3.83,0.06404600402357152,0.0002463741024525401,0.0008286651573733599
2022-12-07,1785.5,0.0091561356043621,72.01000213623047,-0.0301683213975694,3.83,0.06404600402357152,0.0002463741024525401,0.00890976150190956
2022-12-08,1788.699951171875,0.0017921877187763,71.45999908447266,-0.0076378702324894,3.83,0.06404600402357152,0.0002463741024525401,0.0015458136163237599
2022-12-09,1798.0999755859375,0.0052552270759016,71.0199966430664,-0.0061573250355926,3.83,0.06404600402357152,0.0002463741024525401,0.0050088529734490595
2022-12-12,1780.5,-0.0097880962265194,73.16999816894531,0.0302731854055755,3.83,0.06404600402357152,0.0002463741024525401,-0.01003447032897194
2022-12-13,1813.9000244140625,0.0187587893367382,75.38999938964844,0.0303403208453998,3.83,0.06404600402357152,0.0002463741024525401,0.01851241523428566
2022-12-14,1807.5,-0.0035283225800329,77.27999877929688,0.0250696299900481,3.83,0.06404600402357152,0.0002463741024525401,-0.0037746966824854403
2022-12-15,1777.199951171875,-0.0167635124913554,76.11000061035156,-0.0151397280981679,4.33,0.06404600402357152,0.0002463741024525401,-0.01700988659380794
2022-12-16,1790.0,0.0072023684333801,74.29000091552734,-0.0239127536490478,4.33,0.06404600402357152,0.0002463741024525401,0.00695599433092756
2022-12-19,1787.699951171875,-0.0012849434793994,75.19000244140625,0.0121147060814048,4.33,0.06404600402357152,0.0002463741024525401,-0.00153131758185194
2022-12-20,1815.9000244140625,0.0157745002027336,76.08999633789062,0.0119695952555092,4.33,0.06404600402357152,0.0002463741024525401,0.015528126100281061
2022-12-21,1815.9000244140625,0.0,78.29000091552734,0.0289131907414901,4.33,0.06404600402357152,0.0002463741024525401,-0.0002463741024525401
2022-12-22,1787.0,-0.0159149865221174,77.48999786376953,-0.0102184575603848,4.33,0.06404600402357152,0.0002463741024525401,-0.01616136062456994
2022-12-23,1795.9000244140625,0.0049804277638849,79.55999755859375,0.0267131210722622,4.33,0.06404600402357152,0.0002463741024525401,0.00473405366143236
2022-12-27,1814.800048828125,0.0105239847191542,79.52999877929688,-0.0003770585748796,4.33,0.06404600402357152,0.0002463741024525401,0.01027761061670166
2022-12-28,1807.9000244140625,-0.0038020852041071,78.95999908447266,-0.0071671030249355,4.33,0.06404600402357152,0.0002463741024525401,-0.0040484593065596396
2022-12-29,1819.5,0.006416270495763,78.4000015258789,-0.0070921677442606,4.33,0.06404600402357152,0.0002463741024525401,0.00616989639331046
2022-12-30,1819.699951171875,0.0001098934717642,80.26000213623047,0.0237244971192711,4.33,0.06404600402357152,0.0002463741024525401,-0.00013648063068834012
2023-01-03,1839.699951171875,0.0109908229579938,76.93000030517578,-0.0414901786995028,4.33,0.06327178517960097,0.0002434849716912435,0.010747337986302556
2023-01-04,1852.800048828125,0.0071207794770584,72.83999633789062,-0.0531652664898011,4.33,0.06327178517960097,0.0002434849716912435,0.006877294505367157
2023-01-05,1834.800048828125,-0.0097150256507089,73.66999816894531,0.0113948637120253,4.33,0.06327178517960097,0.0002434849716912435,-0.009958510622400144
2023-01-06,1864.199951171875,0.0160234911496364,73.7699966430664,0.0013573839637102,4.33,0.06327178517960097,0.0002434849716912435,0.015780006177945158
2023-01-09,1872.699951171875,0.0045595967292331,74.62999725341797,0.0116578643010198,4.33,0.06327178517960097,0.0002434849716912435,0.004316111757541857
2023-01-10,1871.5999755859373,-0.000587374173449,75.12000274658203,0.0065657980865276,4.33,0.06327178517960097,0.0002434849716912435,-0.0008308591451402436
2023-01-11,1874.5999755859373,0.0016029066248843,77.41000366210938,0.0304845691134048,4.33,0.06327178517960097,0.0002434849716912435,0.0013594216531930565
2023-01-12,1895.5,0.0111490582984403,78.38999938964844,0.0126598072752546,4.33,0.06327178517960097,0.0002434849716912435,0.010905573326749057
2023-01-13,1918.4000244140625,0.0120812579340872,79.86000061035156,0.0187524076049072,4.33,0.06327178517960097,0.0002434849716912435,0.011837772962395956
2023-01-17,1907.199951171875,-0.0058382366032383,80.18000030517578,0.0040070084194656,4.33,0.06327178517960097,0.0002434849716912435,-0.006081721574929543
2023-01-18,1904.4000244140625,-0.0014680824399623,79.4800033569336,-0.0087303186028673,4.33,0.06327178517960097,0.0002434849716912435,-0.0017115674116535435
2023-01-19,1922.0999755859373,0.0092942401517353,80.33000183105469,0.010694494693261,4.33,0.06327178517960097,0.0002434849716912435,0.009050755180044057
2023-01-20,1926.4000244140625,0.0022371618972703,81.30999755859375,0.0121996228706695,4.33,0.06327178517960097,0.0002434849716912435,0.0019936769255790563
2023-01-23,1927.0999755859373,0.0003633467415926,81.62000274658203,0.0038126330992063,4.33,0.06327178517960097,0.0002434849716912435,0.0001198617699013565
2023-01-24,1933.9000244140625,0.0035286435131927,80.12999725341797,-0.0182553962634662,4.33,0.06327178517960097,0.0002434849716912435,0.0032851585415014564
2023-01-25,1941.199951171875,0.0037747177546183,80.1500015258789,0.0002496477367603,4.33,0.06327178517960097,0.0002434849716912435,0.0035312327829270566
2023-01-26,1929.0999755859373,-0.0062332453586931,81.01000213623047,0.0107298888830824,4.33,0.06327178517960097,0.0002434849716912435,-0.006476730330384343
2023-01-27,1928.5999755859373,-0.0002591882257674,79.68000030517578,-0.0164177483765287,4.33,0.06327178517960097,0.0002434849716912435,-0.0005026731974586435
2023-01-30,1922.9000244140625,-0.0029554864896974,77.9000015258789,-0.0223393420240894,4.33,0.06327178517960097,0.0002434849716912435,-0.0031989714613886435
2023-01-31,1929.5,0.0034323030329923,78.87000274658203,0.0124518767869457,4.33,0.06327178517960097,0.0002434849716912435,0.0031888180613010566
2023-02-01,1927.800048828125,-0.0008810319626199,76.41000366210938,-0.0311905540611796,4.33,0.05957820738137087,0.00022967284445662983,-0.0011107048070765299
2023-02-02,1916.300048828125,-0.0059653489515111,75.87999725341797,-0.0069363484267731,4.58,0.05957820738137087,0.00022967284445662983,-0.0061950217959677294
2023-02-03,1862.9000244140625,-0.0278662125206948,73.38999938964844,-0.0328149440418881,4.58,0.05957820738137087,0.00022967284445662983,-0.02809588536515143
2023-02-06,1866.199951171875,0.0017713922994071,74.11000061035156,0.0098106176139944,4.58,0.05957820738137087,0.00022967284445662983,0.00154171945495047
2023-02-07,1871.699951171875,0.0029471654398802,77.13999938964844,0.0408851538839907,4.58,0.05957820738137087,0.00022967284445662983,0.00271749259542357
2023-02-08,1877.4000244140625,0.0030453990441248,78.47000122070312,0.0172414031835363,4.58,0.05957820738137087,0.00022967284445662983,0.00281572619966817
2023-02-09,1866.199951171875,-0.0059657361758493,78.05999755859375,-0.0052249733112174,4.57,0.05957820738137087,0.00022967284445662983,-0.0061954090203059295
2023-02-10,1862.800048828125,-0.001821831761176,79.72000122070312,0.0212657406357632,4.58,0.05957820738137087,0.00022967284445662983,-0.00205150460563263
2023-02-13,1851.9000244140625,-0.0058514194375932,80.13999938964844,0.0052684164891387,4.58,0.05957820738137087,0.00022967284445662983,-0.006081092282049829
2023-02-14,1854.0,0.0011339573185662,79.05999755859375,-0.0134764392223615,4.58,0.05957820738137087,0.00022967284445662983,0.0009042844741095702
2023-02-15,1834.199951171875,-0.0106796379871224,78.58999633789062,-0.0059448676349224,4.58,0.05957820738137087,0.00022967284445662983,-0.01090931083157903
2023-02-16,1842.0,0.00425256189934,78.48999786376953,-0.0012724071609719,4.58,0.05957820738137087,0.00022967284445662983,0.00402288905488337
2023-02-17,1840.4000244140625,-0.0008686078099552,76.33999633789062,-0.0273920446476573,4.58,0.05957820738137087,0.00022967284445662983,-0.00109828065441183
2023-02-21,1833.0,-0.0040208782416303,76.16000366210938,-0.0023577768458957,4.58,0.05957820738137087,0.00022967284445662983,-0.00425055108608693
2023-02-22,1832.0,-0.0005455537370431,73.94999694824219,-0.0290179439023149,4.58,0.05957820738137087,0.00022967284445662983,-0.0007752265814997298
2023-02-23,1818.0,-0.0076419213973799,75.38999938964844,0.0194726504507378,4.58,0.05957820738137087,0.00022967284445662983,-0.007871594241836529
2023-02-24,1808.800048828125,-0.0050604791924504,76.31999969482422,0.0123358577093115,4.58,0.05957820738137087,0.00022967284445662983,-0.00529015203690703
2023-02-27,1817.0,0.0045333651871513,75.68000030517578,-0.0083857362710634,4.57,0.05957820738137087,0.00022967284445662983,0.00430369234269467
2023-02-28,1828.9000244140625,0.0065492704535292,77.05000305175781,0.0181025732169339,4.57,0.05957820738137087,0.00022967284445662983,0.00631959760907257
2023-03-01,1837.699951171875,0.0048115952979068,77.69000244140625,0.008306286363396,4.58,0.04917719362889961,0.00019051906652967077,0.004621076231377129
2023-03-02,1833.5,-0.002285439018049,78.16000366210938,0.0060497001664738,4.57,0.04917719362889961,0.00019051906652967077,-0.0024759580845786708
2023-03-03,1847.699951171875,0.0077447238461276,79.68000030517578,0.0194472437544583,4.57,0.04917719362889961,0.00019051906652967077,0.007554204779597929
2023-03-06,1847.9000244140625,0.0001082823226037,80.45999908447266,0.0097891412689441,4.57,0.04917719362889961,0.00019051906652967077,-8.223674392597077e-05
2023-03-07,1813.9000244140625,-0.0183992637863517,77.58000183105469,-0.0357941497164863,4.57,0.04917719362889961,0.00019051906652967077,-0.018589782852881372
2023-03-08,1812.699951171875,-0.0006615983384062,76.66000366210938,-0.0118587025938563,4.57,0.04917719362889961,0.00019051906652967077,-0.0008521174049358708
2023-03-09,1829.300048828125,0.0091576643147799,75.72000122070312,-0.0122619670819408,4.57,0.04917719362889961,0.00019051906652967077,0.008967145248250229
2023-03-10,1862.0,0.0178756629853167,76.68000030517578,0.0126782761357138,4.57,0.04917719362889961,0.00019051906652967077,0.01768514391878703
2023-03-13,1911.699951171875,0.0266917030998254,74.80000305175781,-0.0245174393053708,4.58,0.04917719362889961,0.00019051906652967077,0.026501184033295728
2023-03-14,1906.199951171875,-0.0028770205264839,71.33000183105469,-0.0463903887584343,4.58,0.04917719362889961,0.00019051906652967077,-0.0030675395930135707
2023-03-15,1926.5999755859373,0.0107019331322095,67.61000061035156,-0.0521519854929201,4.58,0.04917719362889961,0.00019051906652967077,0.01051141406567983
2023-03-16,1919.0,-0.0039447605534336,68.3499984741211,0.010945094765407,4.58,0.04917719362889961,0.00019051906652967077,-0.00413527961996327
2023-03-17,1969.800048828125,0.0264721463408676,66.73999786376953,-0.0235552398872568,4.58,0.04917719362889961,0.00019051906652967077,0.02628162727433793
2023-03-20,1979.199951171875,0.0047720083819382,67.63999938964844,0.0134851896117227,4.58,0.04917719362889961,0.00019051906652967077,0.004581489315408529
2023-03-21,1938.0,-0.0208164673546402,69.33000183105469,0.024985252168185,4.58,0.04917719362889961,0.00019051906652967077,-0.02100698642116987
2023-03-22,1946.800048828125,0.0045407888690014,70.9000015258789,0.0226453144866494,4.58,0.04917719362889961,0.00019051906652967077,0.004350269802471729
2023-03-23,1993.800048828125,0.0241421814368103,69.95999908447266,-0.0132581441632712,4.83,0.04917719362889961,0.00019051906652967077,0.023951662370280628
2023-03-24,1982.0999755859373,-0.0058682279845786,69.26000213623047,-0.0100056740623593,4.83,0.04917719362889961,0.00019051906652967077,-0.006058747051108271
2023-03-27,1952.4000244140625,-0.0149840833145136,72.80999755859375,0.0512560686235707,4.83,0.04917719362889961,0.00019051906652967077,-0.01517460238104327
2023-03-28,1972.4000244140625,0.0102438023713926,73.19999694824219,0.0053563988837466,4.83,0.04917719362889961,0.00019051906652967077,0.01005328330486293
2023-03-29,1966.0999755859373,-0.0031941029964226,72.97000122070312,-0.0031420182667724,4.83,0.04917719362889961,0.00019051906652967077,-0.003384622062952271
2023-03-30,1980.300048828125,0.0072224573615364,74.37000274658203,0.0191859874257709,4.83,0.04917719362889961,0.00019051906652967077,0.007031938295006729
2023-03-31,1969.0,-0.0057062306466194,75.66999816894531,0.0174801045361401,4.83,0.04917719362889961,0.00019051906652967077,-0.005896749713149071
2023-04-03,1983.9000244140625,0.0075673054413725,80.41999816894531,0.0627725666042025,4.83,0.049500798791243694,0.0001917430684250654,0.007375562372947435
2023-04-04,2022.199951171875,0.0193053713828772,80.70999908447266,0.0036060796086827,4.83,0.049500798791243694,0.0001917430684250654,0.019113628314452135
2023-04-05,2020.9000244140625,-0.0006428280037585,80.61000061035156,-0.0012389849492679,4.83,0.049500798791243694,0.0001917430684250654,-0.0008345710721835654
2023-04-06,2011.9000244140625,-0.0044534612753094,80.69999694824219,0.0011164413498225,4.83,0.049500798791243694,0.0001917430684250654,-0.004645204343734465
2023-04-10,1989.0999755859373,-0.0113325953334908,79.73999786376953,-0.0118958998857008,4.83,0.049500798791243694,0.0001917430684250654,-0.011524338401915865
2023-04-11,2004.800048828125,0.0078930538609869,81.52999877929688,0.0224479679393199,4.83,0.049500798791243694,0.0001917430684250654,0.007701310792561835
2023-04-12,2010.9000244140625,0.0030426852740268,83.26000213623047,0.0212192246146936,4.83,0.049500798791243694,0.0001917430684250654,0.0028509422056017344
2023-04-13,2041.300048828125,0.0151176209881047,82.16000366210938,-0.0132116075654342,4.83,0.049500798791243694,0.0001917430684250654,0.014925877919679635
2023-04-14,2002.199951171875,-0.0191545077749333,82.5199966430664,0.0043816086284214,4.83,0.049500798791243694,0.0001917430684250654,-0.019346250843358365
2023-04-17,1994.199951171875,-0.0039956049321235,80.83000183105469,-0.0204798216282249,4.83,0.049500798791243694,0.0001917430684250654,-0.004187348000548565
2023-04-18,2007.4000244140625,0.0066192325571117,80.86000061035156,0.0003711342152332,4.83,0.049500798791243694,0.0001917430684250654,0.006427489488686634
2023-04-19,1995.199951171875,-0.0060775496133356,79.16000366210938,-0.021023954185137,4.83,0.049500798791243694,0.0001917430684250654,-0.006269292681760665
2023-04-20,2007.5999755859373,0.0062149281864103,77.29000091552734,-0.0236230755441099,4.83,0.049500798791243694,0.0001917430684250654,0.006023185117985235
2023-04-21,1979.5,-0.0139968001233593,77.87000274658203,0.0075042285442405,4.83,0.049500798791243694,0.0001917430684250654,-0.014188543191784366
2023-04-24,1989.0999755859373,0.0048496971891576,78.76000213623047,0.0114292970111331,4.83,0.049500798791243694,0.0001917430684250654,0.004657954120732535
2023-04-25,1994.0,0.0024634379740611,77.06999969482422,-0.0214576231026895,4.83,0.049500798791243694,0.0001917430684250654,0.002271694905636035
2023-04-26,1985.699951171875,-0.0041625119499122,74.30000305175781,-0.0359413086030209,4.83,0.049500798791243694,0.0001917430684250654,-0.004354255018337265
2023-04-27,1989.9000244140625,0.002115160067214,74.76000213623047,0.0061911045165397,4.83,0.049500798791243694,0.0001917430684250654,0.0019234169987889346
2023-04-28,1990.0999755859373,0.0001004830239819,76.77999877929688,0.0270197510078382,4.83,0.049500798791243694,0.0001917430684250654,-9.126004444316539e-05
2023-05-01,1983.4000244140625,-0.0033666404974967,75.66000366210938,-0.0145870687027087,4.83,0.04131851231385042,0.00016067842515288255,-0.0035273189226495824
2023-05-02,2014.300048828125,0.0155793203759746,71.66000366210938,-0.0528680915462763,4.83,0.04131851231385042,0.00016067842515288255,0.015418641950821717
2023-05-03,2028.5999755859373,0.0070992038977171,68.5999984741211,-0.0427017168798482,4.83,0.04131851231385042,0.00016067842515288255,0.006938525472564218
2023-05-04,2048.0,0.0095632577381152,68.55999755859375,-0.0005831037378584,5.08,0.04131851231385042,0.00016067842515288255,0.009402579312962317
2023-05-05,2017.4000244140625,-0.014941394329071,71.33999633789062,0.0405484083764879,5.08,0.04131851231385042,0.00016067842515288255,-0.015102072754223882
2023-05-08,2026.300048828125,0.0044116309637933,73.16000366210938,0.0255117384026566,5.08,0.04131851231385042,0.00016067842515288255,0.0042509525386404175
2023-05-09,2036.199951171875,0.004885704044411,73.70999908447266,0.0075177063263069,5.08,0.04131851231385042,0.00016067842515288255,0.004725025619258118
2023-05-10,2030.5,-0.0027993081762891,72.55999755859375,-0.0156017031632437,5.08,0.04131851231385042,0.00016067842515288255,-0.0029599866014419825
2023-05-11,2014.699951171875,-0.0077813586939793,70.87000274658203,-0.0232909987441359,5.08,0.04131851231385042,0.00016067842515288255,-0.007942037119132182
2023-05-12,2014.5,-9.924612931011544e-05,70.04000091552734,-0.0117116099744291,5.08,0.04131851231385042,0.00016067842515288255,-0.000259924554462998
2023-05-15,2018.0,0.0017374038222883,71.11000061035156,0.0152769800233827,5.08,0.04131851231385042,0.00016067842515288255,0.0015767253971354174
2023-05-16,1988.4000244140625,-0.0146679760088888,70.86000061035156,-0.0035156799023231,5.08,0.04131851231385042,0.00016067842515288255,-0.014828654434041683
2023-05-17,1980.699951171875,-0.0038724970567511,72.83000183105469,0.0278013153222487,5.08,0.04131851231385042,0.00016067842515288255,-0.004033175481903982
2023-05-18,1956.5,-0.0122178784108906,71.86000061035156,-0.0133187037802533,5.08,0.04131851231385042,0.00016067842515288255,-0.012378556836043483
2023-05-19,1978.699951171875,0.0113467677852669,71.55000305175781,-0.004313909768449,5.08,0.04131851231385042,0.00016067842515288255,0.011186089360114018
2023-05-22,1974.800048828125,-0.0019709417496271,71.98999786376953,0.006149473001328,5.08,0.04131851231385042,0.00016067842515288255,-0.0021316201747799825
2023-05-23,1972.4000244140625,-0.0012153252758357,72.91000366210938,0.0127796336385621,5.08,0.04131851231385042,0.00016067842515288255,-0.0013760037009885825
2023-05-24,1962.800048828125,-0.0048671544651746,74.33999633789062,0.0196131203395399,5.08,0.04131851231385042,0.00016067842515288255,-0.005027832890327482
2023-05-25,1943.0999755859373,-0.0100367193560797,71.83000183105469,-0.0337637157718907,5.08,0.04131851231385042,0.00016067842515288255,-0.010197397781232583
2023-05-26,1944.0999755859373,0.0005146415586252,72.66999816894531,0.0116942268756488,5.08,0.04131851231385042,0.00016067842515288255,0.0003539631334723174
2023-05-30,1958.0,0.0071498506191138,69.45999908447266,-0.0441722741895487,5.08,0.04131851231385042,0.00016067842515288255,0.006989172193960918
2023-05-31,1963.9000244140625,0.003013291324853,68.08999633789062,-0.0197236217195443,5.08,0.04131851231385042,0.00016067842515288255,0.0028526128997001174
2023-06-01,1978.0,0.0071795791082309,70.0999984741211,0.0295197862290372,5.08,0.03070617072997095,0.00012002374978936636,0.007059555358441534
2023-06-02,1952.4000244140625,-0.012942353683487,71.73999786376953,0.0233951415883963,5.08,0.03070617072997095,0.00012002374978936636,-0.013062377433276366
2023-06-05,1958.0,0.0028682521593483,72.1500015258789,0.0057151334585756,5.08,0.03070617072997095,0.00012002374978936636,0.0027482284095589338
2023-06-06,1965.5,0.0038304392236976,71.73999786376953,-0.0056826563193115,5.08,0.03070617072997095,0.00012002374978936636,0.0037104154739082337
2023-06-07,1942.699951171875,-0.0116001265978759,72.52999877929688,0.0110120008231322,5.08,0.03070617072997095,0.00012002374978936636,-0.011720150347665267
2023-06-08,1963.5999755859373,0.0107582359290507,71.29000091552734,-0.0170963447489189,5.08,0.03070617072997095,0.00012002374978936636,0.010638212179261334
2023-06-09,1962.199951171875,-0.0007129886084077,70.16999816894531,-0.0157105166530877,5.08,0.03070617072997095,0.00012002374978936636,-0.0008330123581970664
2023-06-12,1955.300048828125,-0.0035164114338241,67.12000274658203,-0.0434658045026584,5.08,0.03070617072997095,0.00012002374978936636,-0.0036364351836134664
2023-06-13,1944.5999755859373,-0.0054723433616239,69.41999816894531,0.0342669149023597,5.08,0.03070617072997095,0.00012002374978936636,-0.005592367111413267
2023-06-14,1955.300048828125,0.0055024546829809,68.2699966430664,-0.0165658535899149,5.08,0.03070617072997095,0.00012002374978936636,0.005382430933191533
2023-06-15,1957.800048828125,0.0012785761456397,70.62000274658203,0.0344222384512786,5.07,0.03070617072997095,0.00012002374978936636,0.0011585523958503336
2023-06-16,1958.4000244140625,0.0003064539641302,71.77999877929688,0.016425884842818,5.08,0.03070617072997095,0.00012002374978936636,0.00018643021434083362
2023-06-20,1935.5,-0.0116932312748075,70.5,-0.0178322485520305,5.07,0.03070617072997095,0.00012002374978936636,-0.011813255024596866
2023-06-21,1933.300048828125,-0.0011366319668689,72.52999877929688,0.0287943089261968,5.07,0.03070617072997095,0.00012002374978936636,-0.0012566557166582663
2023-06-22,1912.699951171875,-0.0106554063704373,69.51000213623047,-0.0416378973375695,5.07,0.03070617072997095,0.00012002374978936636,-0.010775430120226666
2023-06-23,1919.0999755859373,0.0033460681640846,69.16000366210938,-0.0050352246204099,5.07,0.03070617072997095,0.00012002374978936636,0.0032260444142952335
2023-06-26,1923.699951171875,0.0023969442157556,69.37000274658203,0.0030364238483653,5.07,0.03070617072997095,0.00012002374978936636,0.0022769204659662335
2023-06-27,1914.0,-0.005042341018913,67.69999694824219,-0.0240738897537686,5.07,0.03070617072997095,0.00012002374978936636,-0.0051623647687023665
2023-06-28,1912.300048828125,-0.0008881667564655,69.55999755859375,0.0274741609187008,5.07,0.03070617072997095,0.00012002374978936636,-0.0010081905062548663
2023-06-29,1909.199951171875,-0.0016211355839005,69.86000061035156,0.0043128674854409,5.07,0.03070617072997095,0.00012002374978936636,-0.0017411593336898663
2023-06-30,1921.0999755859373,0.0062329901102071,70.63999938964844,0.011165169946782,5.08,0.03070617072997095,0.00012002374978936636,0.006112966360417734
2023-07-03,1921.699951171875,0.000312308361648,69.79000091552734,-0.0120328210852964,5.08,0.03287749268428297,0.00012837565763157421,0.00018393270401642576
2023-07-05,1919.5999755859373,-0.0010927697555785,71.79000091552734,0.028657400397813,5.08,0.03287749268428297,0.00012837565763157421,-0.0012211454132100743
2023-07-06,1908.699951171875,-0.0056782790960056,71.80000305175781,0.0001393249213388,5.08,0.03287749268428297,0.00012837565763157421,-0.005806654753637174
2023-07-07,1926.199951171875,0.0091685442697557,73.86000061035156,0.0286907725771095,5.08,0.03287749268428297,0.00012837565763157421,0.009040168612124125
2023-07-10,1925.0,-0.0006229629333885,72.98999786376953,-0.0117790785187199,5.07,0.03287749268428297,0.00012837565763157421,-0.0007513385910200742
2023-07-11,1931.300048828125,0.0032727526379869,74.83000183105469,0.0252089878221313,5.08,0.03287749268428297,0.00012837565763157421,0.003144376980355326
2023-07-12,1956.199951171875,0.0128928191965089,75.75,0.0122945095073285,5.08,0.03287749268428297,0.00012837565763157421,0.012764443538877325
2023-07-13,1959.199951171875,0.0015335855612319,76.88999938964844,0.0150494968930485,5.08,0.03287749268428297,0.00012837565763157421,0.0014052099036003258
2023-07-14,1960.0999755859373,0.0004593836445965,75.41999816894531,-0.0191182368626865,5.08,0.03287749268428297,0.00012837565763157421,0.00033100798696492577
2023-07-17,1952.4000244140625,-0.0039283461393714,74.1500015258789,-0.0168389906377555,5.08,0.03287749268428297,0.00012837565763157421,-0.004056721797002974
2023-07-18,1977.199951171875,0.0127022774266023,75.75,0.0215778616479553,5.08,0.03287749268428297,0.00012837565763157421,0.012573901768970726
2023-07-19,1977.5,0.0001517544181341,75.3499984741211,-0.0052805481964212,5.08,0.03287749268428297,0.00012837565763157421,2.3378760502525787e-05
2023-07-20,1968.300048828125,-0.004652314119785,75.62999725341797,0.0037159759119709,5.08,0.03287749268428297,0.00012837565763157421,-0.004780689777416574
2023-07-21,1964.300048828125,-0.002032210486598,77.06999969482422,0.0190400964392627,5.08,0.03287749268428297,0.00012837565763157421,-0.0021605861442295744
2023-07-24,1960.300048828125,-0.0020363487759348,78.73999786376953,0.0216685892767358,5.08,0.03287749268428297,0.00012837565763157421,-0.002164724433566374
2023-07-25,1962.0999755859373,0.0009181894164052,79.62999725341797,0.0113030151612176,5.08,0.03287749268428297,0.00012837565763157421,0.0007898137587736257
2023-07-26,1968.9000244140625,0.0034656994611572,78.77999877929688,-0.0106743501624899,5.08,0.03287749268428297,0.00012837565763157421,0.003337323803525626
2023-07-27,1945.4000244140625,-0.0119355984095705,80.08999633789062,0.0166285552029992,5.33,0.03287749268428297,0.00012837565763157421,-0.012063974067202074
2023-07-28,1960.4000244140625,0.0077104964592142,80.58000183105469,0.0061181859853856,5.33,0.03287749268428297,0.00012837565763157421,0.007582120801582626
2023-07-31,1970.5,0.0051519972761457,81.80000305175781,0.0151402481134339,5.33,0.03287749268428297,0.00012837565763157421,0.005023621618514126
2023-08-01,1940.699951171875,-0.0151230899914361,81.37000274658203,-0.0052567272510211,5.33,0.03722504803505289,0.00014504593107345087,-0.01526813592250955
2023-08-02,1937.4000244140625,-0.0017003796778681,79.48999786376953,-0.0231043974358409,5.33,0.03722504803505289,0.00014504593107345087,-0.001845425608941551
2023-08-03,1932.0,-0.0027872531981079,81.55000305175781,0.0259152754226856,5.33,0.03722504803505289,0.00014504593107345087,-0.0029322991291813507
2023-08-04,1939.5999755859373,0.0039337347753298,82.81999969482422,0.0155732261868877,5.33,0.03722504803505289,0.00014504593107345087,0.003788688844256349
2023-08-07,1933.5,-0.0031449657984733,81.94000244140625,-0.0106254196650639,5.33,0.03722504803505289,0.00014504593107345087,-0.003290011729546751
2023-08-08,1924.0999755859373,-0.0048616624846457,82.91999816894531,0.0119599182125951,5.33,0.03722504803505289,0.00014504593107345087,-0.005006708415719151
2023-08-09,1915.4000244140625,-0.0045215691919675,84.4000015258789,0.0178485695805028,5.33,0.03722504803505289,0.00014504593107345087,-0.0046666151230409505
2023-08-10,1914.4000244140625,-0.000522084153312,82.81999969482422,-0.0187204005034316,5.33,0.03722504803505289,0.00014504593107345087,-0.0006671300843854508
2023-08-11,1912.9000244140625,-0.0007835353013323,83.19000244140625,0.0044675531024562,5.33,0.03722504803505289,0.00014504593107345087,-0.0009285812324057508
2023-08-14,1910.5999755859373,-0.0012023884148516,82.51000213623047,-0.0081740628106692,5.33,0.03722504803505289,0.00014504593107345087,-0.001347434345925051
2023-08-15,1902.5,-0.004239493190328,80.98999786376953,-0.0184220607575708,5.33,0.03722504803505289,0.00014504593107345087,-0.004384539121401451
2023-08-16,1896.0999755859373,-0.0033640075763797,79.37999725341797,-0.0198790054675601,5.33,0.03722504803505289,0.00014504593107345087,-0.003509053507453151
2023-08-17,1884.0999755859373,-0.0063287802091194,80.38999938964844,0.012723635313391,5.33,0.03722504803505289,0.00014504593107345087,-0.006473826140192851
2023-08-18,1886.0999755859373,0.0010615147953483,81.25,0.0106978556646475,5.33,0.03722504803505289,0.00014504593107345087,0.0009164688642748491
2023-08-21,1893.300048828125,0.0038174398681865,80.72000122070312,-0.0065230618990385,5.33,0.03722504803505289,0.00014504593107345087,0.003672393937113049
2023-08-22,1896.4000244140625,0.00163733983309,80.3499984741211,-0.0045837802401709,5.33,0.03722504803505289,0.00014504593107345087,0.0014922939020165491
2023-08-23,1918.5,0.0116536465415653,78.88999938964844,-0.018170492995627,5.33,0.03722504803505289,0.00014504593107345087,0.011508600610491849
2023-08-24,1918.199951171875,-0.0001563976169532,79.05000305175781,0.0020281868848686,5.33,0.03722504803505289,0.00014504593107345087,-0.00030144354802665084
2023-08-25,1911.0999755859373,-0.003701374083343,79.83000183105469,0.0098671568524313,5.33,0.03722504803505289,0.00014504593107345087,-0.003846420014416451
2023-08-28,1917.9000244140625,0.0035581858170659,80.0999984741211,0.0033821450190845,5.33,0.03722504803505289,0.00014504593107345087,0.003413139885992449
2023-08-29,1936.5,0.0096980944518314,81.16000366210938,0.0132335231982652,5.33,0.03722504803505289,0.00014504593107345087,0.009553048520757949
2023-08-30,1944.300048828125,0.0040279105748128,81.62999725341797,0.0057909508391018,5.33,0.03722504803505289,0.00014504593107345087,0.003882864643739349
2023-08-31,1938.199951171875,-0.0031374260675077,83.62999725341797,0.0245007971002504,5.33,0.03722504803505289,0.00014504593107345087,-0.003282471998581151
2023-09-01,1939.800048828125,0.0008255586093077,85.55000305175781,0.0229583386511635,5.33,0.03687206638119256,0.0001436950559623451,0.0006818635533453549
2023-09-05,1926.199951171875,-0.0070110822321435,86.69000244140625,0.0133255330097268,5.33,0.03687206638119256,0.0001436950559623451,-0.007154777288105845
2023-09-06,1918.0999755859373,-0.0042051582344863,87.54000091552734,0.0098050346081788,5.33,0.03687206638119256,0.0001436950559623451,-0.004348853290448645
2023-09-07,1917.5,-0.0003127968268464,86.87000274658203,-0.0076536230516131,5.33,0.03687206638119256,0.0001436950559623451,-0.0004564918828087451
2023-09-08,1918.4000244140625,0.0004693738795631,87.51000213623047,0.0073673232348736,5.33,0.03687206638119256,0.0001436950559623451,0.0003256788236007549
2023-09-11,1923.300048828125,0.0025542245369596,87.29000091552734,-0.0025140122881112,5.33,0.03687206638119256,0.0001436950559623451,0.002410529480997255
2023-09-12,1911.300048828125,-0.0062392760855549,88.83999633789062,0.017756849651809,5.33,0.03687206638119256,0.0001436950559623451,-0.006382971141517245
2023-09-13,1909.0999755859373,-0.0011510873154303,88.5199966430664,-0.003601977802961,5.33,0.03687206638119256,0.0001436950559623451,-0.0012947823713926451
2023-09-14,1910.0,0.0004714391208278,90.16000366210938,0.0185269665752005,5.33,0.03687206638119256,0.0001436950559623451,0.0003277440648654549
2023-09-15,1923.699951171875,0.0071727493046465,90.7699966430664,0.0067656716524002,5.33,0.03687206638119256,0.0001436950559623451,0.007029054248684155
2023-09-18,1931.5,0.0040547117669642,91.4800033569336,0.007822041865432,5.33,0.03687206638119256,0.0001436950559623451,0.003911016711001855
2023-09-19,1932.0,0.0002588661661919,91.1999969482422,-0.0030608482555349,5.33,0.03687206638119256,0.0001436950559623451,0.00011517111022955488
2023-09-20,1945.5999755859373,0.0070393248374418,90.27999877929688,-0.0100876995584487,5.33,0.03687206638119256,0.0001436950559623451,0.006895629781479455
2023-09-21,1919.199951171875,-0.0135690916659843,89.62999725341797,-0.0071998397725716,5.33,0.03687206638119256,0.0001436950559623451,-0.013712786721946646
2023-09-22,1925.4000244140625,0.0032305509586958,90.02999877929688,0.004462808637023,5.33,0.03687206638119256,0.0001436950559623451,0.0030868559027334547
2023-09-25,1916.5999755859373,-0.0045705041635714,89.68000030517578,-0.0038875761286978,5.33,0.03687206638119256,0.0001436950559623451,-0.004714199219533745
2023-09-26,1900.4000244140625,-0.0084524425431667,90.38999938964844,0.0079170281228431,5.33,0.03687206638119256,0.0001436950559623451,-0.008596137599129045
2023-09-27,1871.5999755859373,-0.0151547297716988,93.68000030517578,0.0363978419929507,5.33,0.03687206638119256,0.0001436950559623451,-0.015298424827661146
2023-09-28,1860.4000244140625,-0.0059841586439264,91.70999908447266,-0.0210290479748672,5.33,0.03687206638119256,0.0001436950559623451,-0.006127853699888745
2023-09-29,1848.0999755859373,-0.0066115075611219,90.79000091552734,-0.0100316015497712,5.33,0.03687206638119256,0.0001436950559623451,-0.006755202617084245
2023-10-02,1830.0,-0.0097938292435716,88.81999969482422,-0.0216984381632074,5.33,0.032512659098611785,0.00012697356207191923,-0.00992080280564352
2023-10-03,1824.5999755859373,-0.0029508330131489,89.2300033569336,0.0046161187065763,5.33,0.032512659098611785,0.00012697356207191923,-0.003077806575220819
2023-10-04,1818.5,-0.0033431851734946,84.22000122070312,-0.0561470575787126,5.33,0.032512659098611785,0.00012697356207191923,-0.0034701587355665192
2023-10-05,1816.5999755859373,-0.0010448305823824,82.30999755859375,-0.0226787418003486,5.33,0.032512659098611785,0.00012697356207191923,-0.0011718041444543192
2023-10-06,1830.199951171875,0.0074864999277295,82.79000091552734,0.0058316531547932,5.33,0.032512659098611785,0.00012697356207191923,0.0073595263656575805
2023-10-09,1849.5,0.0105453225565694,86.37999725341797,0.043362680253544,5.33,0.032512659098611785,0.00012697356207191923,0.01041834899449748
2023-10-10,1861.0,0.0062178967288455,85.97000122070312,-0.004746423312703,5.33,0.032512659098611785,0.00012697356207191923,0.006090923166773581
2023-10-11,1872.800048828125,0.0063407032929205,83.48999786376953,-0.0288473109424169,5.33,0.032512659098611785,0.00012697356207191923,0.006213729730848581
2023-10-12,1869.300048828125,-0.001868859413043,82.91000366210938,-0.006946870481498,5.33,0.032512659098611785,0.00012697356207191923,-0.0019958329751149193
2023-10-13,1927.4000244140625,0.0310811395005101,87.69000244140625,0.0576528593434544,5.33,0.032512659098611785,0.00012697356207191923,0.03095416593843818
2023-10-16,1921.0999755859373,-0.0032686773624174,86.66000366210938,-0.0117459088906413,5.33,0.032512659098611785,0.00012697356207191923,-0.0033956509244893194
2023-10-17,1922.699951171875,0.0008328434783564,86.66000366210938,0.0,5.33,0.032512659098611785,0.00012697356207191923,0.0007058699162844807
2023-10-18,1955.300048828125,0.0169553744651527,88.31999969482422,0.0191552730506132,5.33,0.032512659098611785,0.00012697356207191923,0.01682840090308078
2023-10-19,1968.4000244140625,0.0066997265170574,89.37000274658203,0.0118886215510183,5.33,0.032512659098611785,0.00012697356207191923,0.006572752954985481
2023-10-20,1982.5,0.0071631657239663,88.75,-0.0069374815657118,5.33,0.032512659098611785,0.00012697356207191923,0.007036192161894381
2023-10-23,1976.300048828125,-0.0031273398092686,85.48999786376953,-0.0367324184363996,5.33,0.032512659098611785,0.00012697356207191923,-0.003254313371340519
2023-10-24,1975.0,-0.0006578195597859,83.73999786376953,-0.0204702309478199,5.33,0.032512659098611785,0.00012697356207191923,-0.0007847931218578192
2023-10-25,1984.0999755859373,0.0046075825751581,85.38999938964844,0.0197038639595283,5.33,0.032512659098611785,0.00012697356207191923,0.0044806090130861806
2023-10-26,1987.199951171875,0.0015624089632992,83.20999908447266,-0.0255299252928681,5.33,0.032512659098611785,0.00012697356207191923,0.0014354354012272807
2023-10-27,1988.5999755859373,0.0007045211596532,85.54000091552734,0.028001464447672,5.33,0.032512659098611785,0.00012697356207191923,0.0005775475975812808
2023-10-30,1996.199951171875,0.0038217719396773,82.30999755859375,-0.037760151068075,5.33,0.032512659098611785,0.00012697356207191923,0.0036947983776053806
2023-10-31,1985.199951171875,-0.0055104700275854,81.0199966430664,-0.0156724693693379,5.33,0.032512659098611785,0.00012697356207191923,-0.005637443589657319
2023-11-01,1978.800048828125,-0.0032238074255301,80.44000244140625,-0.0071586549702701,5.33,0.031333462745911866,0.00012243840355519175,-0.0033462458290852916
2023-11-02,1985.5999755859373,0.0034363890186073,82.45999908447266,0.0251118421402063,5.33,0.031333462745911866,0.00012243840355519175,0.003313950615052108
2023-11-03,1991.5,0.0029714063691612,80.51000213623047,-0.0236477925041521,5.33,0.031333462745911866,0.00012243840355519175,0.0028489679656060083
2023-11-06,1981.5999755859373,-0.0049711395501192,80.81999969482422,0.0038504229334039,5.33,0.031333462745911866,0.00012243840355519175,-0.005093577953674391
2023-11-07,1966.800048828125,-0.0074686752826772,77.37000274658203,-0.042687416001848,5.33,0.031333462745911866,0.00012243840355519175,-0.007591113686232392
2023-11-08,1951.5,-0.00777915825111,75.33000183105469,-0.026366819737737,5.33,0.031333462745911866,0.00012243840355519175,-0.007901596654665192
2023-11-09,1964.199951171875,0.006507789480848,75.73999786376953,0.0054426659066644,5.33,0.031333462745911866,0.00012243840355519175,0.0063853510772928085
2023-11-10,1932.5999755859373,-0.0160879627184006,77.16999816894531,0.0188803848099898,5.33,0.031333462745911866,0.00012243840355519175,-0.016210401121955792
2023-11-13,1945.5,0.0066749583861251,78.26000213623047,0.0141247115867342,5.33,0.031333462745911866,0.00012243840355519175,0.006552519982569908
2023-11-14,1961.800048828125,0.0083783340159984,78.26000213623047,0.0,5.33,0.031333462745911866,0.00012243840355519175,0.008255895612443208
2023-11-15,1960.0999755859373,-0.0008665884391241,76.66000366210938,-0.0204446515518349,5.33,0.031333462745911866,0.00012243840355519175,-0.0009890268426792919
2023-11-16,1983.9000244140625,0.0121422627032126,72.9000015258789,-0.0490477688052722,5.33,0.031333462745911866,0.00012243840355519175,0.012019824299657408
2023-11-17,1981.5999755859373,-0.001159357225576,75.88999938964844,0.041015059001173,5.33,0.031333462745911866,0.00012243840355519175,-0.0012817956291311917
2023-11-20,1977.699951171875,-0.0019681189251676,77.5999984741211,0.0225326011098361,5.33,0.031333462745911866,0.00012243840355519175,-0.002090557328722792
2023-11-21,1999.300048828125,0.0109218274710736,77.7699966430664,0.0021906980964954,5.33,0.031333462745911866,0.00012243840355519175,0.010799389067518409
2023-11-22,1991.4000244140625,-0.0039513950988462,77.0999984741211,-0.0086151240563933,5.33,0.031333462745911866,0.00012243840355519175,-0.004073833502401392
2023-11-24,2002.199951171875,0.0054232834314593,75.54000091552734,-0.0202334317700066,5.33,0.031333462745911866,0.00012243840355519175,0.005300845027904108
2023-11-27,2011.800048828125,0.0047947746930225,74.86000061035156,-0.0090018572535655,5.33,0.031333462745911866,0.00012243840355519175,0.004672336289467309
2023-11-28,2039.699951171875,0.0138681288729471,76.41000366210938,0.020705357188355,5.33,0.031333462745911866,0.00012243840355519175,0.013745690469391909
2023-11-29,2047.0999755859373,0.0036279965638137,77.86000061035156,0.0189765328981552,5.33,0.031333462745911866,0.00012243840355519175,0.003505558160258508
2023-11-30,2038.0999755859373,-0.0043964633419645,75.95999908447266,-0.0244027936165505,5.33,0.031333462745911866,0.00012243840355519175,-0.004518901745519692
2023-12-01,2071.0,0.0161424978206008,74.06999969482422,-0.0248815088523978,5.33,0.033159099427102934,0.00012945756600468705,0.016013040254596114
2023-12-04,2024.0999755859373,-0.0226460764915801,73.04000091552734,-0.0139057483939594,5.33,0.033159099427102934,0.00012945756600468705,-0.022775534057584788
2023-12-05,2018.5,-0.0027666496978818,72.31999969482422,-0.0098576288564923,5.33,0.033159099427102934,0.00012945756600468705,-0.002896107263886487
2023-12-06,2030.5,0.0059450086698042,69.37999725341797,-0.0406526887971856,5.33,0.033159099427102934,0.00012945756600468705,0.005815551103799513
2023-12-07,2029.9000244140625,-0.0002954816970881,69.33999633789062,-0.0005765482431663,5.33,0.033159099427102934,0.00012945756600468705,-0.0004249392630927871
2023-12-08,1998.300048828125,-0.0155672571091568,71.2300033569336,0.0272570971857721,5.33,0.033159099427102934,0.00012945756600468705,-0.015696714675161486
2023-12-11,1978.0,-0.0101586590262207,71.31999969482422,0.001263461092928,5.33,0.033159099427102934,0.00012945756600468705,-0.010288116592225387
2023-12-12,1977.800048828125,-0.0001010875489761,68.61000061035156,-0.0379977439157129,5.33,0.033159099427102934,0.00012945756600468705,-0.00023054511498078707
2023-12-13,1982.300048828125,0.002275255278038,69.47000122070312,0.0125346247296462,5.33,0.033159099427102934,0.00012945756600468705,0.002145797712033313
2023-12-14,2030.199951171875,0.0241638002138309,71.58000183105469,0.0303728310533375,5.33,0.033159099427102934,0.00012945756600468705,0.024034342647826213
2023-12-15,2021.0999755859373,-0.0044823050954585,71.43000030517578,-0.0020955786817796,5.33,0.033159099427102934,0.00012945756600468705,-0.004611762661463187
2023-12-18,2026.300048828125,0.0025728926351997,72.47000122070312,0.0145597215607458,5.33,0.033159099427102934,0.00012945756600468705,0.002443435069195013
2023-12-19,2038.4000244140625,0.0059714629099156,73.44000244140625,0.0133848655217907,5.33,0.033159099427102934,0.00012945756600468705,0.005842005343910913
2023-12-20,2034.5,-0.0019132772602784,74.22000122070312,0.0106208980578288,5.33,0.033159099427102934,0.00012945756600468705,-0.002042734826283087
2023-12-21,2039.0999755859373,0.0022609857881237,73.88999938964844,-0.0044462655029253,5.33,0.033159099427102934,0.00012945756600468705,0.002131528222119013
2023-12-22,2057.10009765625,0.0088274838339597,73.55999755859375,-0.0044661230718715,5.33,0.033159099427102934,0.00012945756600468705,0.008698026267955013
2023-12-26,2058.199951171875,0.0005346621279529,75.56999969482422,0.0273246629002321,5.33,0.033159099427102934,0.00012945756600468705,0.00040520456194821294
2023-12-27,2081.89990234375,0.0115148924954453,74.11000061035156,-0.0193198238767844,5.33,0.033159099427102934,0.00012945756600468705,0.011385434929440613
2023-12-28,2073.89990234375,-0.0038426439191403,71.7699966430664,-0.0315747395495003,5.33,0.033159099427102934,0.00012945756600468705,-0.003972101485144987
2023-12-29,2062.39990234375,-0.0055451085112659,71.6500015258789,-0.0016719398467338,5.33,0.033159099427102934,0.00012945756600468705,-0.005674566077270587
2024-01-02,2064.39990234375,0.0009697440335054,70.37999725341797,-0.0177251115898753,5.33,0.030883429864855705,0.00012070622697368805,0.0008490378065317119
2024-01-03,2034.199951171875,-0.0146289249178845,72.69999694824219,0.0329639071520644,5.33,0.030883429864855705,0.00012070622697368805,-0.014749631144858189
2024-01-04,2042.300048828125,0.0039819574528963,72.19000244140625,-0.007015055409136,5.33,0.030883429864855705,0.00012070622697368805,0.003861251225922612
2024-01-05,2042.4000244140625,4.895244750890981e-05,73.80999755859375,0.0224407128743677,5.33,0.030883429864855705,0.00012070622697368805,-7.175377946477823e-05
2024-01-08,2026.5999755859373,-0.0077360206811875,70.7699966430664,-0.041186844818875,5.33,0.030883429864855705,0.00012070622697368805,-0.007856726908161188
2024-01-09,2026.4000244140625,-9.866336439545707e-05,72.23999786376953,0.0207715315872796,5.33,0.030883429864855705,0.00012070622697368805,-0.00021936959136914513
2024-01-10,2021.699951171875,-0.0023194202455394,71.37000274658203,-0.0120431221333663,5.33,0.030883429864855705,0.00012070622697368805,-0.002440126472513088
2024-01-11,2014.300048828125,-0.0036602376823824,72.0199966430664,0.009107382254031,5.33,0.030883429864855705,0.00012070622697368805,-0.003780943909356088
2024-01-12,2046.699951171875,0.0160849434336256,72.68000030517578,0.0091641723531366,5.33,0.030883429864855705,0.00012070622697368805,0.015964237206651914
2024-01-16,2026.0,-0.0101138181783914,72.4000015258789,-0.0038524873159216,5.33,0.030883429864855705,0.00012070622697368805,-0.010234524405365089
2024-01-17,2002.5999755859373,-0.0115498639753516,72.55999755859375,0.00220988990805,5.33,0.030883429864855705,0.00012070622697368805,-0.011670570202325288
2024-01-18,2018.5999755859373,0.0079896135998496,74.08000183105469,0.0209482404024821,5.33,0.030883429864855705,0.00012070622697368805,0.007868907372875912
2024-01-19,2026.5,0.003913615629451,73.41000366210938,-0.0090442515170733,5.33,0.030883429864855705,0.00012070622697368805,0.0037929094024773116
2024-01-22,2019.800048828125,-0.0033061688486922,75.19000244140625,0.0242473599032881,5.33,0.030883429864855705,0.00012070622697368805,-0.003426875075665888
2024-01-23,2023.699951171875,0.0019308358498222,74.37000274658203,-0.0109057011331157,5.33,0.030883429864855705,0.00012070622697368805,0.0018101296228485119
2024-01-24,2013.9000244140625,-0.004842578936733,75.08999633789062,0.0096812365835454,5.33,0.030883429864855705,0.00012070622697368805,-0.004963285163706688
2024-01-25,2016.9000244140625,0.0014896469356133,77.36000061035156,0.0302304485706239,5.33,0.030883429864855705,0.00012070622697368805,0.001368940708639612
2024-01-26,2016.800048828125,-4.956893486407488e-05,78.01000213623047,0.0084022947356585,5.33,0.030883429864855705,0.00012070622697368805,-0.00017027516183776292
2024-01-29,2025.199951171875,0.0041649653611575,76.77999877929688,-0.0157672519324587,5.33,0.030883429864855705,0.00012070622697368805,0.004044259134183812
2024-01-30,2031.5,0.0031108280564986,77.81999969482422,0.0135452062003389,5.33,0.030883429864855705,0.00012070622697368805,0.002990121829524912
2024-01-31,2048.39990234375,0.0083189280550086,75.8499984741211,-0.0253148448782909,5.33,0.030883429864855705,0.00012070622697368805,0.008198221828034912
2024-02-01,2053.0,0.0022457029269462,73.81999969482422,-0.0267633331593207,5.33,0.03157074141648697,0.00012335138608143836,0.0021223515408647616
2024-02-02,2036.0999755859373,-0.0082318677126461,72.27999877929688,-0.0208615676225113,5.33,0.03157074141648697,0.00012335138608143836,-0.008355219098727539
2024-02-05,2025.699951171875,-0.0051078161872034,72.77999877929688,0.0069175430055929,5.33,0.03157074141648697,0.00012335138608143836,-0.005231167573284838
2024-02-06,2034.5,0.0043442015304557,73.30999755859375,0.0072822037398501,5.33,0.03157074141648697,0.00012335138608143836,0.004220850144374262
2024-02-07,2035.199951171875,0.0003440408807446,73.86000061035156,0.0075024290011498,5.33,0.03157074141648697,0.00012335138608143836,0.00022068949466316166
2024-02-08,2032.199951171875,-0.0014740566391389,76.22000122070312,0.0319523502687435,5.33,0.03157074141648697,0.00012335138608143836,-0.0015974080252203384
2024-02-09,2023.300048828125,-0.0043794422584342,76.83999633789062,0.0081342837478084,5.33,0.03157074141648697,0.00012335138608143836,-0.0045027936445156385
2024-02-12,2018.199951171875,-0.0025206828118271,76.91999816894531,0.0010411482934342,5.33,0.03157074141648697,0.00012335138608143836,-0.0026440341979085385
2024-02-13,1992.9000244140625,-0.0125358871122368,77.87000274658203,0.0123505538254193,5.33,0.03157074141648697,0.00012335138608143836,-0.012659238498318239
2024-02-14,1990.300048828125,-0.0013046191751149,76.63999938964844,-0.015795599249386,5.33,0.03157074141648697,0.00012335138608143836,-0.0014279705611963383
2024-02-15,2002.0999755859373,0.0059287175141056,78.02999877929688,0.0181367353955925,5.33,0.03157074141648697,0.00012335138608143836,0.005805366128024162
2024-02-16,2011.5,0.0046950824277951,79.19000244140625,0.0148661243144496,5.33,0.03157074141648697,0.00012335138608143836,0.004571731041713662
2024-02-20,2027.5,0.0079542629878199,78.18000030517578,-0.0127541622059903,5.33,0.03157074141648697,0.00012335138608143836,0.007830911601738462
2024-02-21,2022.300048828125,-0.0025647108122688,77.91000366210938,-0.0034535257356417,5.33,0.03157074141648697,0.00012335138608143836,-0.0026880621983502383
2024-02-22,2019.699951171875,-0.0012857130957182,78.61000061035156,0.0089846863732419,5.33,0.03157074141648697,0.00012335138608143836,-0.0014090644817996384
2024-02-23,2038.5999755859373,0.0093578377338159,76.48999786376953,-0.0269686137911423,5.33,0.03157074141648697,0.00012335138608143836,0.009234486347734461
2024-02-26,2028.5,-0.004954368540613,77.58000183105469,0.0142502810527787,5.33,0.03157074141648697,0.00012335138608143836,-0.005077719926694439
2024-02-27,2034.0,0.0027113630761645,78.87000274658203,0.0166280083150367,5.33,0.03157074141648697,0.00012335138608143836,0.0025880116900830617
2024-02-28,2033.0,-0.0004916420845624,78.54000091552734,-0.0041841234888125,5.33,0.03157074141648697,0.00012335138608143836,-0.0006149934706438383
2024-02-29,2045.699951171875,0.0062469017077595,78.26000213623047,-0.0035650468045961,5.33,0.03157074141648697,0.00012335138608143836,0.006123550321678062
2024-03-01,2086.89990234375,0.0201397820576147,79.97000122070312,0.0218502304855037,5.33,0.034868349120836584,0.0001360180579894621,0.020003763999625238
2024-03-04,2117.699951171875,0.0147587571370979,78.73999786376953,-0.0153808095305513,5.33,0.034868349120836584,0.0001360180579894621,0.014622739079108438
2024-03-05,2133.5,0.0074609478171738,78.1500015258789,-0.0074929686804334,5.33,0.034868349120836584,0.0001360180579894621,0.007324929759184338
2024-03-06,2150.300048828125,0.007874407700082,79.12999725341797,0.0125399322892469,5.33,0.034868349120836584,0.0001360180579894621,0.007738389642092537
2024-03-07,2158.0,0.0035808729000732,78.93000030517578,-0.0025274479361054,5.33,0.034868349120836584,0.0001360180579894621,0.003444854842083738
2024-03-08,2178.60009765625,0.009545921064064,78.01000213623047,-0.0116558743872826,5.33,0.034868349120836584,0.0001360180579894621,0.009409903006074537
2024-03-11,2182.5,0.0017900955517011,77.93000030517578,-0.0010255329940253,5.33,0.034868349120836584,0.0001360180579894621,0.0016540774937116379
2024-03-12,2160.39990234375,-0.0101260470360824,77.55999755859375,-0.0047478858608122,5.33,0.034868349120836584,0.0001360180579894621,-0.010262065094071862
2024-03-13,2175.39990234375,0.0069431589881701,79.72000122070312,0.0278494550038834,5.33,0.034868349120836584,0.0001360180579894621,0.006807140930180638
2024-03-14,2163.0,-0.0057000564955392,81.26000213623047,0.0193176228292306,5.33,0.034868349120836584,0.0001360180579894621,-0.005836074553528662
2024-03-15,2157.300048828125,-0.0026352062745608,81.04000091552734,-0.0027073740452812,5.33,0.034868349120836584,0.0001360180579894621,-0.002771224332550262
2024-03-18,2160.699951171875,0.0015759988257531,82.72000122070312,0.0207305069866292,5.33,0.034868349120836584,0.0001360180579894621,0.0014399807677636378
2024-03-19,2156.300048828125,-0.0020363319494517,83.47000122070312,0.009066731007401,5.33,0.034868349120836584,0.0001360180579894621,-0.0021723500074411622
2024-03-20,2157.89990234375,0.0007419438294287,81.68000030517578,-0.021444841132737,5.33,0.034868349120836584,0.0001360180579894621,0.0006059257714392379
2024-03-21,2182.39990234375,0.011353631358614,81.06999969482422,-0.0074681759068616,5.33,0.034868349120836584,0.0001360180579894621,0.011217613300624539
2024-03-22,2158.10009765625,-0.0111344417956597,80.62999725341797,-0.0054274385477065,5.33,0.034868349120836584,0.0001360180579894621,-0.011270459853649162
2024-03-25,2174.800048828125,0.0077382653334807,81.94999694824219,0.0163710745353926,5.33,0.034868349120836584,0.0001360180579894621,0.007602247275491238
2024-03-26,2175.60009765625,0.0003678723607516,81.62000274658203,-0.0040267750329334,5.33,0.034868349120836584,0.0001360180579894621,0.00023185430276213793
2024-03-27,2190.60009765625,0.0068946494423121,81.3499984741211,-0.0033080649764158,5.33,0.034868349120836584,0.0001360180579894621,0.006758631384322638
2024-03-28,2217.39990234375,0.0122340014118385,83.16999816894531,0.0223724613271283,5.33,0.034868349120836584,0.0001360180579894621,0.012097983353849038
2024-04-01,2236.5,0.0086137361312506,83.70999908447266,0.0064927368933016,5.33,0.033607951262196734,0.00013118140829537772,0.008482554722955222
2024-04-02,2261.0,0.0109546165884193,85.1500015258789,0.017202275201952,5.33,0.033607951262196734,0.00013118140829537772,0.010823435180123922
2024-04-03,2294.39990234375,0.0147721814877266,85.43000030517578,0.0032883003438559,5.33,0.033607951262196734,0.00013118140829537772,0.014641000079431222
2024-04-04,2288.800048828125,-0.0024406615036484,86.58999633789062,0.0135783217671903,5.33,0.033607951262196734,0.00013118140829537772,-0.002571842911943778
2024-04-05,2325.699951171875,0.0161219423088718,86.91000366210938,0.0036956615977903,5.33,0.033607951262196734,0.00013118140829537772,0.015990760900576422
2024-04-08,2331.699951171875,0.0025798684808746,86.43000030517578,-0.0055229931734873,5.33,0.033607951262196734,0.00013118140829537772,0.0024486870725792223
2024-04-09,2343.5,0.0050607063838528,85.2300033569336,-0.0138840326738992,5.33,0.033607951262196734,0.00013118140829537772,0.004929524975557422
2024-04-10,2329.60009765625,-0.0059312576674844,86.20999908447266,0.0114982481396246,5.33,0.033607951262196734,0.00013118140829537772,-0.006062439075779778
2024-04-11,2354.800048828125,0.0108172862789746,85.0199966430664,-0.0138035315397722,5.33,0.033607951262196734,0.00013118140829537772,0.010686104870679222
2024-04-12,2356.199951171875,0.0005944888375752,85.66000366210938,0.0075277234099393,5.33,0.033607951262196734,0.00013118140829537772,0.00046330742927982223
2024-04-15,2365.800048828125,0.004074398546471,85.41000366210938,-0.0029185149347662,5.33,0.033607951262196734,0.00013118140829537772,0.003943217138175623
2024-04-16,2390.800048828125,0.0105672497607662,85.36000061035156,-0.0005854472498986,5.33,0.033607951262196734,0.00013118140829537772,0.010436068352470823
2024-04-17,2371.699951171875,-0.0079889983545935,82.69000244140625,-0.0312792660479611,5.33,0.033607951262196734,0.00013118140829537772,-0.008120179762888877
2024-04-18,2382.300048828125,0.0044694092315566,82.7300033569336,0.0004837454873178,5.33,0.033607951262196734,0.00013118140829537772,0.004338227823261222
2024-04-19,2398.39990234375,0.0067581132458711,83.13999938964844,0.0049558324196596,5.33,0.033607951262196734,0.00013118140829537772,0.006626931837575722
2024-04-22,2332.199951171875,-0.0276017152549011,82.8499984741211,-0.003488103411791,5.33,0.033607951262196734,0.00013118140829537772,-0.027732896663196477
2024-04-23,2327.699951171875,-0.0019295086588689,83.36000061035156,0.0061557289755385,5.33,0.033607951262196734,0.00013118140829537772,-0.0020606900671642776
2024-04-24,2324.5,-0.0013747266567858,82.80999755859375,-0.0065979252366933,5.33,0.033607951262196734,0.00013118140829537772,-0.0015059080650811777
2024-04-25,2329.800048828125,0.0022800812338674,83.56999969482422,0.0091776616186072,5.33,0.033607951262196734,0.00013118140829537772,0.0021488998255720223
2024-04-26,2334.800048828125,0.0021461069169927,83.8499984741211,0.0033504700289501,5.33,0.033607951262196734,0.00013118140829537772,0.0020149255086973224
2024-04-29,2345.39990234375,0.0045399405918915,82.62999725341797,-0.0145498061169274,5.33,0.033607951262196734,0.00013118140829537772,0.004408759183596123
2024-04-30,2291.39990234375,-0.0230237922096091,81.93000030517578,-0.0084714628041844,5.33,0.033607951262196734,0.00013118140829537772,-0.023154973617904476
2024-05-01,2299.89990234375,0.0037095227207202,79.0,-0.0357622396467961,5.33,0.03244278584003113,0.00012670497515809842,0.0035828177455621015
2024-05-02,2299.199951171875,-0.0003043398415564,78.94999694824219,-0.0006329500222508,5.33,0.03244278584003113,0.00012670497515809842,-0.00043104481671449844
2024-05-03,2299.0,-8.696554285025915e-05,78.11000061035156,-0.0106395993712489,5.33,0.03244278584003113,0.00012670497515809842,-0.00021367051800835757
2024-05-06,2321.60009765625,0.0098304035042409,78.4800033569336,0.0047369446126082,5.33,0.03244278584003113,0.00012670497515809842,0.009703698529082802
2024-05-07,2315.199951171875,-0.0027567824841308,78.37999725341797,-0.0012742877069052,5.33,0.03244278584003113,0.00012670497515809842,-0.0028834874592888983
2024-05-08,2313.60009765625,-0.0006910217473075,78.98999786376953,0.0077826056612289,5.33,0.03244278584003113,0.00012670497515809842,-0.0008177267224655984
2024-05-09,2332.10009765625,0.0079961960663561,79.26000213623047,0.0034182083778075,5.33,0.03244278584003113,0.00012670497515809842,0.007869491091198002
2024-05-10,2367.300048828125,0.0150936708108073,78.26000213623047,-0.0126167041767324,5.33,0.03244278584003113,0.00012670497515809842,0.014966965835649201
2024-05-13,2336.10009765625,-0.0131795507659959,79.12000274658203,0.0109890184880716,5.33,0.03244278584003113,0.00012670497515809842,-0.013306255741153999
2024-05-14,2353.39990234375,0.0074054209855376,78.0199966430664,-0.0139030089146848,5.33,0.03244278584003113,0.00012670497515809842,0.007278716010379501
2024-05-15,2388.699951171875,0.0149995964531866,78.62999725341797,0.0078185162342707,5.33,0.03244278584003113,0.00012670497515809842,0.014872891478028501
2024-05-16,2380.0,-0.0036421280821004,79.2300033569336,0.0076307532045545,5.33,0.03244278584003113,0.00012670497515809842,-0.0037688330572584984
2024-05-17,2412.199951171875,0.0135293912486869,80.05999755859375,0.0104757562349329,5.33,0.03244278584003113,0.00012670497515809842,0.0134026862735288
2024-05-20,2433.89990234375,0.0089959172585725,79.80000305175781,-0.0032474958126954,5.33,0.03244278584003113,0.00012670497515809842,0.008869212283414401
2024-05-21,2421.699951171875,-0.0050125114677587,79.26000213623047,-0.006766928507222,5.33,0.03244278584003113,0.00012670497515809842,-0.005139216442916798
2024-05-22,2389.199951171875,-0.0134203248359785,77.56999969482422,-0.0213222608611782,5.33,0.03244278584003113,0.00012670497515809842,-0.0135470298111366
2024-05-23,2335.0,-0.0226853977396452,76.87000274658203,-0.0090240679514775,5.33,0.03244278584003113,0.00012670497515809842,-0.022812102714803297
2024-05-24,2332.5,-0.0010706638115631,77.72000122070312,0.0110576095193244,5.33,0.03244278584003113,0.00012670497515809842,-0.0011973687867211985
2024-05-28,2355.199951171875,0.0097320262258842,79.83000183105469,0.0271487464901054,5.33,0.03244278584003113,0.00012670497515809842,0.009605321250726101
2024-05-29,2340.300048828125,-0.0063263852974929,79.2300033569336,-0.0075159521528118,5.33,0.03244278584003113,0.00012670497515809842,-0.006453090272650998
2024-05-30,2342.89990234375,0.0011109060639156,77.91000366210938,-0.0166603513681247,5.33,0.03244278584003113,0.00012670497515809842,0.0009842010887575017
2024-05-31,2322.89990234375,-0.0085364295674743,76.98999786376953,-0.0118085708522085,5.33,0.03244278584003113,0.00012670497515809842,-0.008663134542632399
2024-06-03,2346.60009765625,0.0102028482969012,74.22000122070312,-0.0359786559283686,5.33,0.029702579486470926,0.00011615755038052455,0.010086690746520676
2024-06-04,2325.5,-0.0089917739615388,73.25,-0.0130692698026061,5.33,0.029702579486470926,0.00011615755038052455,-0.009107931511919324
2024-06-05,2354.10009765625,0.0122984724387229,74.06999969482422,0.0111945350829245,5.33,0.029702579486470926,0.00011615755038052455,0.012182314888342375
2024-06-06,2370.300048828125,0.0068815897794676,75.55000305175781,0.0199811443638633,5.33,0.029702579486470926,0.00011615755038052455,0.006765432229087076
2024-06-07,2305.199951171875,-0.0274649184977384,75.52999877929688,-0.0002647818881917,5.33,0.029702579486470926,0.00011615755038052455,-0.027581076048118925
2024-06-10,2307.699951171875,0.001084504621271,77.73999786376953,0.0292598850812959,5.33,0.029702579486470926,0.00011615755038052455,0.0009683470708904754
2024-06-11,2307.5,-8.664522082846293e-05,77.9000015258789,0.0020581896900713,5.33,0.029702579486470926,0.00011615755038052455,-0.0002028027712089875
2024-06-12,2336.0,0.0123510292524378,78.5,0.0077021625464508,5.33,0.029702579486470926,0.00011615755038052455,0.012234871702057275
2024-06-13,2300.199951171875,-0.0153253633682042,78.62000274658203,0.0015286974086883,5.33,0.029702579486470926,0.00011615755038052455,-0.015441520918584724
2024-06-14,2331.39990234375,0.0135640169699071,78.44999694824219,-0.0021623733452137,5.33,0.029702579486470926,0.00011615755038052455,0.013447859419526576
2024-06-17,2312.39990234375,-0.008149610017955,80.33000183105469,0.0239643716500441,5.33,0.029702579486470926,0.00011615755038052455,-0.008265767568335525
2024-06-18,2330.39990234375,0.007784120723131,81.56999969482422,0.0154362982136788,5.33,0.029702579486470926,0.00011615755038052455,0.007667963172750475
2024-06-20,2353.800048828125,0.010041257923518,82.16999816894531,0.0073556267790346,5.33,0.029702579486470926,0.00011615755038052455,0.009925100373137475
2024-06-21,2316.39990234375,-0.0158892623453701,80.7300033569336,-0.0175245812839258,5.33,0.029702579486470926,0.00011615755038052455,-0.016005419895750623
2024-06-24,2330.0,0.0058712218224881,81.62999725341797,0.0111481959502119,5.33,0.029702579486470926,0.00011615755038052455,0.005755064272107575
2024-06-25,2316.60009765625,-0.0057510310488196,80.83000183105469,-0.009800262762226,5.33,0.029702579486470926,0.00011615755038052455,-0.005867188599200124
2024-06-26,2299.199951171875,-0.0075110704268634,80.9000015258789,0.0008660112982619,5.33,0.029702579486470926,0.00011615755038052455,-0.007627227977243925
2024-06-27,2324.5,0.0110038488889276,81.73999786376953,0.0103831436594215,5.33,0.029702579486470926,0.00011615755038052455,0.010887691338547075
2024-06-28,2327.699951171875,0.0013766191318025,81.54000091552734,-0.002446745210044,5.33,0.029702579486470926,0.00011615755038052455,0.0012604615814219755
2024-07-01,2327.60009765625,-4.289793260281449e-05,83.37999725341797,0.0225655668044055,5.33,0.029414757935583014,0.00011504806425866043,-0.00015794599686147492
2024-07-02,2323.0,-0.0019763264578318,82.80999755859375,-0.0068361683089507,5.33,0.029414757935583014,0.00011504806425866043,-0.0020913745220904603
2024-07-03,2359.800048828125,0.0158416051778411,83.87999725341797,0.0129211414849652,5.33,0.029414757935583014,0.00011504806425866043,0.01572655711358244
2024-07-05,2388.5,0.0121620266878659,83.16000366210938,-0.0085836148650952,5.33,0.029414757935583014,0.00011504806425866043,0.01204697862360724
2024-07-08,2355.199951171875,-0.0139418249228071,82.33000183105469,-0.0099807815596918,5.33,0.029414757935583014,0.00011504806425866043,-0.01405687298706576
2024-07-09,2360.10009765625,0.0020805649566768,81.41000366210938,-0.0111745189904549,5.33,0.029414757935583014,0.00011504806425866043,0.0019655168924181394
2024-07-10,2372.199951171875,0.0051268391233241,82.0999984741211,0.0084755531381073,5.33,0.029414757935583014,0.00011504806425866043,0.00501179105906544
2024-07-11,2415.0,0.0180423445363371,82.62000274658203,0.0063337914997019,5.33,0.029414757935583014,0.00011504806425866043,0.01792729647207844
2024-07-12,2414.0,-0.0004140786749482,82.20999908447266,-0.0049625229784483,5.33,0.029414757935583014,0.00011504806425866043,-0.0005291267392068604
2024-07-15,2422.89990234375,0.0036867863892915,81.91000366210938,-0.0036491354543749,5.33,0.029414757935583014,0.00011504806425866043,0.0035717383250328397
2024-07-16,2462.39990234375,0.0163027783202229,80.76000213623047,-0.0140398177812667,5.33,0.029414757935583014,0.00011504806425866043,0.01618773025596424
2024-07-17,2454.800048828125,-0.0030863603870319,82.8499984741211,0.0258791020629878,5.33,0.029414757935583014,0.00011504806425866043,-0.0032014084512905602
2024-07-18,2451.800048828125,-0.0012220954620854,82.81999969482422,-0.0003620854538246,5.33,0.029414757935583014,0.00011504806425866043,-0.0013371435263440604
2024-07-19,2395.5,-0.022962740723916,80.12999725341797,-0.0324801068741655,5.33,0.029414757935583014,0.00011504806425866043,-0.02307778878817466
2024-07-22,2392.0,-0.0014610728449175,79.77999877929688,-0.0043678832661655,5.33,0.029414757935583014,0.00011504806425866043,-0.0015761209091761604
2024-07-23,2404.60009765625,0.0052675993546196,76.95999908447266,-0.0353472015288626,5.33,0.029414757935583014,0.00011504806425866043,0.005152551290360939
2024-07-24,2413.300048828125,0.0036180449216294,77.58999633789062,0.0081860350950169,5.33,0.029414757935583014,0.00011504806425866043,0.0035029968573707395
2024-07-25,2351.89990234375,-0.0254424005478267,78.27999877929688,0.0088929304546092,5.33,0.029414757935583014,0.00011504806425866043,-0.02555744861208536
2024-07-26,2380.0,0.0119478289140821,77.16000366210938,-0.0143075515412975,5.33,0.029414757935583014,0.00011504806425866043,0.01183278084982344
2024-07-29,2377.300048828125,-0.0011344332654936,75.80999755859375,-0.0174961902467944,5.33,0.029414757935583014,0.00011504806425866043,-0.0012494813297522604
2024-07-30,2405.0,0.0116518531960361,74.7300033569336,-0.0142460656435904,5.33,0.029414757935583014,0.00011504806425866043,0.01153680513177744
2024-07-31,2426.5,0.0089397089397089,77.91000366210938,0.0425531936615486,5.33,0.029414757935583014,0.00011504806425866043,0.00882466087545024
2024-08-01,2435.0,0.0035029878425716,76.30999755859375,-0.0205365938686737,5.33,0.02607144490692037,0.00010213767099997995,0.00340085017157162
2024-08-02,2425.699951171875,-0.0038193219006673,73.5199966430664,-0.0365614074798662,5.33,0.02607144490692037,0.00010213767099997995,-0.00392145957166728
2024-08-05,2401.699951171875,-0.0098940514008772,72.94000244140625,-0.0078889312859463,5.33,0.02607144490692037,0.00010213767099997995,-0.00999618907187718
2024-08-06,2389.10009765625,-0.0052462229969555,73.19999694824219,0.0035644981921243,5.33,0.02607144490692037,0.00010213767099997995,-0.00534836066795548
2024-08-07,2390.5,0.0005859538263479,75.2300033569336,0.0277323291437672,5.33,0.02607144490692037,0.00010213767099997995,0.00048381615534792005
2024-08-08,2422.199951171875,0.013260803669473,76.19000244140625,0.0127608539363992,5.33,0.02607144490692037,0.00010213767099997995,0.01315866599847302
2024-08-09,2432.10009765625,0.0040872540186391,76.83999633789062,0.0085312229381309,5.33,0.02607144490692037,0.00010213767099997995,0.00398511634763912
2024-08-12,2462.39990234375,0.01245828850412,80.05999755859375,0.0419052755617495,5.33,0.02607144490692037,0.00010213767099997995,0.01235615083312002
2024-08-13,2466.699951171875,0.0017462837064086,78.3499984741211,-0.021358969980247,5.33,0.02607144490692037,0.00010213767099997995,0.00164414603540862
2024-08-14,2439.39990234375,-0.011067438021862,76.9800033569336,-0.0174855793729211,5.33,0.02607144490692037,0.00010213767099997995,-0.01116957569286198
2024-08-15,2453.10009765625,0.0056162154058205,78.16000366210938,0.0153286600898738,5.33,0.02607144490692037,0.00010213767099997995,0.0055140777348205204
2024-08-16,2498.60009765625,0.0185479589860486,76.6500015258789,-0.0193193713597852,5.33,0.02607144490692037,0.00010213767099997995,0.01844582131504862
2024-08-19,2501.800048828125,0.0012806976093839,74.37000274658203,-0.0297455803510596,5.33,0.02607144490692037,0.00010213767099997995,0.00117855993838392
2024-08-20,2511.300048828125,0.0037972658943907,74.04000091552734,-0.004437297550992,5.33,0.02607144490692037,0.00010213767099997995,0.00369512822339072
2024-08-21,2508.39990234375,-0.0011548387002693,71.93000030517578,-0.02849811702135,5.33,0.02607144490692037,0.00010213767099997995,-0.00125697637126928
2024-08-22,2478.89990234375,-0.0117604852290243,73.01000213623047,0.0150146229177337,5.33,0.02607144490692037,0.00010213767099997995,-0.01186262290002428
2024-08-23,2508.39990234375,0.01190044017998,74.83000183105469,0.0249280871328869,5.33,0.02607144490692037,0.00010213767099997995,0.01179830250898002
2024-08-26,2517.699951171875,0.00370756226686,77.41999816894531,0.0346117369305711,5.33,0.02607144490692037,0.00010213767099997995,0.00360542459586002
2024-08-27,2516.0,-0.0006752000654739,75.52999877929688,-0.0244122892579266,5.33,0.02607144490692037,0.00010213767099997995,-0.0007773377364738799
2024-08-28,2501.0,-0.0059618441971383,74.5199966430664,-0.0133721984980001,5.33,0.02607144490692037,0.00010213767099997995,-0.0060639818681382796
2024-08-29,2525.699951171875,0.0098760300567273,75.91000366210938,0.0186528057120127,5.33,0.02607144490692037,0.00010213767099997995,0.009773892385727321
2024-08-30,2493.800048828125,-0.0126301235144534,73.55000305175781,-0.031089454571184,5.33,0.02607144490692037,0.00010213767099997995,-0.01273226118545338
2024-09-03,2489.89990234375,-0.0015639371272799,70.33999633789062,-0.0436438692138227,5.33,0.024264830315416708,9.514387722076023e-05,-0.0016590810045006602
2024-09-04,2493.39990234375,0.0014056789980614,69.19999694824219,-0.0162069867642905,5.33,0.024264830315416708,9.514387722076023e-05,0.0013105351208406398
2024-09-05,2511.39990234375,0.0072190585966898,69.1500015258789,-0.0007224772336431,5.33,0.024264830315416708,9.514387722076023e-05,0.00712391471946904
2024-09-06,2493.5,-0.007127459998324,67.66999816894531,-0.0214027957234348,5.33,0.024264830315416708,9.514387722076023e-05,-0.00722260387554476
2024-09-09,2501.800048828125,0.003328674083868,68.70999908447266,0.0153687149943593,5.33,0.024264830315416708,9.514387722076023e-05,0.0032335302066472398
2024-09-10,2512.300048828125,0.0041969780938002,65.75,-0.0430795972043837,5.33,0.024264830315416708,9.514387722076023e-05,0.00410183421657944
2024-09-11,2512.10009765625,-7.95888898574848e-05,67.30999755859375,0.0237261986097909,5.33,0.024264830315416708,9.514387722076023e-05,-0.00017473276707824503
2024-09-12,2551.199951171875,0.0155646080950773,68.97000122070312,0.0246620668893107,5.33,0.024264830315416708,9.514387722076023e-05,0.01546946421785654
2024-09-13,2581.300048828125,0.0117984078991628,68.6500015258789,-0.0046396939127233,5.33,0.024264830315416708,9.514387722076023e-05,0.01170326402194204
2024-09-16,2580.39990234375,-0.0003487182688365,70.08999633789062,0.0209758890022586,5.33,0.024264830315416708,9.514387722076023e-05,-0.00044386214605726025
2024-09-17,2564.300048828125,-0.0062392862055999,71.19000244140625,0.0156941954770934,5.33,0.024264830315416708,9.514387722076023e-05,-0.00633443008282066
2024-09-18,2570.699951171875,0.0024957696922693,70.91000366210938,-0.0039331193945011,5.33,0.024264830315416708,9.514387722076023e-05,0.00240062581504854
2024-09-19,2588.0,0.0067297036436471,71.94999694824219,0.0146663831959232,4.83,0.024264830315416708,9.514387722076023e-05,0.00663455976642634
2024-09-20,2619.89990234375,0.01232608282216,71.91999816894531,-0.0004169392712893,4.83,0.024264830315416708,9.514387722076023e-05,0.01223093894493924
2024-09-23,2626.5,0.0025192174900825,70.37000274658203,-0.0215516610376188,4.83,0.024264830315416708,9.514387722076023e-05,0.0024240736128617398
2024-09-24,2651.199951171875,0.009404131418951,71.55999755859375,0.0169105409345677,4.83,0.024264830315416708,9.514387722076023e-05,0.00930898754173024
2024-09-25,2659.199951171875,0.0030175015643252,69.69000244140625,-0.0261318499299323,4.83,0.024264830315416708,9.514387722076023e-05,0.0029223576871044397
2024-09-26,2669.89990234375,0.0040237482582532,67.66999816894531,-0.0289855675376007,4.83,0.024264830315416708,9.514387722076023e-05,0.00392860438103244
2024-09-27,2644.300048828125,-0.0095883195820009,68.18000030517578,0.0075366063252608,4.83,0.024264830315416708,9.514387722076023e-05,-0.00968346345922166
2024-09-30,2636.10009765625,-0.0031009911963315,68.16999816894531,-0.0001467019094412,4.83,0.024264830315416708,9.514387722076023e-05,-0.0031961350735522603
2024-10-01,2667.300048828125,0.0118356473639278,69.83000183105469,0.0243509418614826,4.83,0.02578844053871343,0.00010104291076662442,0.011734604453161176
2024-10-02,2647.10009765625,-0.0075731829198405,70.0999984741211,0.0038664848344072,4.83,0.02578844053871343,0.00010104291076662442,-0.0076742258306071245
2024-10-03,2657.10009765625,0.0037777188738929,73.70999908447266,0.0514978700275474,4.83,0.02578844053871343,0.00010104291076662442,0.0036766759631262757
2024-10-04,2645.800048828125,-0.0042527749850644,74.37999725341797,0.0090896510279085,4.83,0.02578844053871343,0.00010104291076662442,-0.004353817895831024
2024-10-07,2644.800048828125,-0.0003779575105998,77.13999938964844,0.0371067792168229,4.83,0.02578844053871343,0.00010104291076662442,-0.00047900042136642443
2024-10-08,2615.0,-0.0112674108733962,73.56999969482422,-0.0462794882430772,4.83,0.02578844053871343,0.00010104291076662442,-0.011368453784162824
2024-10-09,2606.0,-0.0034416826003823,73.23999786376953,-0.0044855488979688,4.83,0.02578844053871343,0.00010104291076662442,-0.0035427255111489244
2024-10-10,2620.60009765625,0.0056024933446854,75.8499984741211,0.0356362737094326,4.83,0.02578844053871343,0.00010104291076662442,0.005501450433918776
2024-10-11,2657.60009765625,0.014118903541632,75.55999755859375,-0.0038233476778023,4.83,0.02578844053871343,0.00010104291076662442,0.014017860630865376
2024-10-14,2647.800048828125,-0.0036875558654471,73.83000183105469,-0.0228956562127667,4.83,0.02578844053871343,0.00010104291076662442,-0.0037885987762137246
2024-10-15,2661.39990234375,0.0051362841849194,70.58000183105469,-0.0440200449600012,4.83,0.02578844053871343,0.00010104291076662442,0.005035241274152775
2024-10-16,2674.0,0.0047343872092104,70.38999938964844,-0.0026920152518705,4.83,0.02578844053871343,0.00010104291076662442,0.004633344298443776
2024-10-17,2691.0,0.006357516828721,70.66999816894531,0.003977820453541,4.83,0.02578844053871343,0.00010104291076662442,0.006256473917954376
2024-10-18,2713.699951171875,0.008435507681856,69.22000122070312,-0.020517857447453,4.83,0.02578844053871343,0.00010104291076662442,0.008334464771089376
2024-10-21,2723.10009765625,0.0034639594109568,70.55999755859375,0.0193585136414278,4.83,0.02578844053871343,0.00010104291076662442,0.0033629165001901754
2024-10-22,2744.199951171875,0.0077484678340635,72.08999633789062,0.0216836569194371,4.83,0.02578844053871343,0.00010104291076662442,0.0076474249232968755
2024-10-23,2714.39990234375,-0.0108592848037182,70.7699966430664,-0.0183104419736309,4.83,0.02578844053871343,0.00010104291076662442,-0.010960327714484824
2024-10-24,2734.89990234375,0.0075523138585067,70.19000244140625,-0.0081954815482809,4.83,0.02578844053871343,0.00010104291076662442,0.007451270947740076
2024-10-25,2740.89990234375,0.0021938645706405,71.77999877929688,0.0226527465819357,4.83,0.02578844053871343,0.00010104291076662442,0.0020928216598738755
2024-10-28,2742.89990234375,0.0007296873549778,67.37999725341797,-0.0612984341140442,4.83,0.02578844053871343,0.00010104291076662442,0.0006286444442111756
2024-10-29,2768.39990234375,0.0092967300695918,67.20999908447266,-0.0025229767865074,4.83,0.02578844053871343,0.00010104291076662442,0.009195687158825176
2024-10-30,2788.5,0.0072605470182371,68.61000061035156,0.0208302565830913,4.83,0.02578844053871343,0.00010104291076662442,0.007159504107470476
2024-10-31,2738.300048828125,-0.0180024927996682,69.26000213623047,0.0094738597886099,4.83,0.02578844053871343,0.00010104291076662442,-0.018103535710434826
2024-11-01,2738.60009765625,0.0001095748540242,69.48999786376953,0.0033207583084775,4.83,0.02719472461284833,0.00010647994733381516,3.094906690384835e-06
2024-11-04,2736.10009765625,-0.0009128751591513,71.47000122070312,0.02849335757378,4.83,0.02719472461284833,0.00010647994733381516,-0.0010193551064851152
2024-11-05,2740.300048828125,0.0015350137136695,71.98999786376953,0.0072757329534756,4.83,0.02719472461284833,0.00010647994733381516,0.0014285337663356849
2024-11-06,2667.60009765625,-0.0265299236858987,71.69000244140625,-0.0041671819872947,4.83,0.02719472461284833,0.00010647994733381516,-0.026636403633232515
2024-11-07,2698.39990234375,0.0115458852751433,72.36000061035156,0.0093457685329683,4.83,0.02719472461284833,0.00010647994733381516,0.011439405327809484
2024-11-08,2687.5,-0.0040393947295516,70.37999725341797,-0.0273632302409121,4.58,0.02719472461284833,0.00010647994733381516,-0.004145874676885415
2024-11-11,2611.199951171875,-0.0283907158430232,68.04000091552734,-0.0332480311055565,4.58,0.02719472461284833,0.00010647994733381516,-0.028497195790357015
2024-11-12,2600.0,-0.0042891970669839,68.12000274658203,0.0011758058491799,4.58,0.02719472461284833,0.00010647994733381516,-0.004395677014317715
2024-11-13,2580.800048828125,-0.0073845966045673,68.43000030517578,0.0045507566954599,4.58,0.02719472461284833,0.00010647994733381516,-0.007491076551901115
2024-11-14,2568.199951171875,-0.0048822448147315,68.69999694824219,0.0039455888040671,4.58,0.02719472461284833,0.00010647994733381516,-0.004988724762065315
2024-11-15,2565.699951171875,-0.0009734444542992,67.0199966430664,-0.0244541540000573,4.58,0.02719472461284833,0.00010647994733381516,-0.0010799244016330152
2024-11-18,2610.60009765625,0.0175001548656799,69.16000366210938,0.0319308732651864,4.58,0.02719472461284833,0.00010647994733381516,0.017393674918346085
2024-11-19,2627.10009765625,0.0063203858817033,69.38999938964844,0.0033255597941077,4.58,0.02719472461284833,0.00010647994733381516,0.006213905934369485
2024-11-20,2648.199951171875,0.008031613844653,68.87000274658203,-0.0074938268862988,4.58,0.02719472461284833,0.00010647994733381516,0.007925133897319185
2024-11-21,2672.10009765625,0.009025053593026,70.0999984741211,0.0178596729851314,4.58,0.02719472461284833,0.00010647994733381516,0.008918573645692185
2024-11-22,2709.89990234375,0.0141461035537759,71.23999786376953,0.0162624738154493,4.58,0.02719472461284833,0.00010647994733381516,0.014039623606442085
2024-11-25,2616.800048828125,-0.0343554584562715,68.94000244140625,-0.0322851697267243,4.58,0.02719472461284833,0.00010647994733381516,-0.03446193840360531
2024-11-26,2620.300048828125,0.0013375114394267,68.7699966430664,-0.0024659964073011,4.58,0.02719472461284833,0.00010647994733381516,0.001231031492092885
2024-11-27,2639.89990234375,0.0074800034921156,68.72000122070312,-0.0007269946895994,4.58,0.02719472461284833,0.00010647994733381516,0.007373523544781785
2024-11-29,2657.0,0.0064775553198317,68.0,-0.0104773167624189,4.58,0.02719472461284833,0.00010647994733381516,0.0063710753724978844
2024-12-02,2634.89990234375,-0.0083176882409672,68.0999984741211,0.0014705657958984,4.58,0.028706909675099812,0.00011231815654655364,-0.008430006397513753
2024-12-03,2644.699951171875,0.0037193249046796,69.94000244140625,0.0270191484363158,4.58,0.028706909675099812,0.00011231815654655364,0.0036070067481330462
2024-12-04,2653.800048828125,0.0034408809408483,68.54000091552734,-0.0200171786818535,4.58,0.028706909675099812,0.00011231815654655364,0.0033285627843017466
2024-12-05,2626.60009765625,-0.0102494350257797,68.30000305175781,-0.0035015736878282,4.58,0.028706909675099812,0.00011231815654655364,-0.010361753182326254
2024-12-06,2638.60009765625,0.004568643704349,67.19999694824219,-0.0161055059204322,4.58,0.028706909675099812,0.00011231815654655364,0.004456325547802446
2024-12-09,2664.89990234375,0.0099673325680769,68.37000274658203,0.017410801361211,4.58,0.028706909675099812,0.00011231815654655364,0.009855014411530347
2024-12-10,2697.60009765625,0.012270703032313,68.58999633789062,0.0032176917137771,4.58,0.028706909675099812,0.00011231815654655364,0.012158384875766447
2024-12-11,2733.800048828125,0.0134193171194376,70.29000091552734,0.0247850221373695,4.58,0.028706909675099812,0.00011231815654655364,0.013306998962891047
2024-12-12,2687.5,-0.01693615041377,70.0199966430664,-0.0038412899266486,4.58,0.028706909675099812,0.00011231815654655364,-0.017048468570316555
2024-12-13,2656.0,-0.0117209302325581,71.29000091552734,0.0181377368373052,4.58,0.028706909675099812,0.00011231815654655364,-0.011833248389104654
2024-12-16,2651.39990234375,-0.0017319644790098,70.70999908447266,-0.0081358089999457,4.58,0.028706909675099812,0.00011231815654655364,-0.0018442826355563537
2024-12-17,2644.39990234375,-0.0026401147536485,70.08000183105469,-0.0089095921591704,4.58,0.028706909675099812,0.00011231815654655364,-0.002752432910195054
2024-12-18,2636.5,-0.0029874083480143,70.58000183105469,0.0071347030099311,4.58,0.028706909675099812,0.00011231815654655364,-0.0030997265045608537
2024-12-19,2592.199951171875,-0.0168025976969941,69.91000366210938,-0.0094927479677467,4.33,0.028706909675099812,0.00011231815654655364,-0.016914915853540654
2024-12-20,2628.699951171875,0.0140807039146417,69.45999908447266,-0.0064369125170081,4.33,0.028706909675099812,0.00011231815654655364,0.013968385758095146
2024-12-23,2612.300048828125,-0.0062387882407191,69.23999786376953,-0.0031673081428574,4.33,0.028706909675099812,0.00011231815654655364,-0.006351106397265654
2024-12-24,2620.0,0.0029475753274701,70.0999984741211,0.0124205753449562,4.33,0.028706909675099812,0.00011231815654655364,0.0028352571709235465
2024-12-26,2638.800048828125,0.0071755911557729,69.62000274658203,-0.0068473001139403,4.33,0.028706909675099812,0.00011231815654655364,0.007063272999226346
2024-12-27,2617.199951171875,-0.0081855757376699,70.5999984741211,0.0140763528997012,4.33,0.028706909675099812,0.00011231815654655364,-0.008297893894216453
2024-12-30,2606.10009765625,-0.0042411178827413,70.98999786376953,0.0055240707942989,4.33,0.028706909675099812,0.00011231815654655364,-0.004353436039287854
2024-12-31,2629.199951171875,0.0088637629599874,71.72000122070312,0.0102831860670635,4.33,0.028706909675099812,0.00011231815654655364,0.008751444803440846
2025-01-02,2658.89990234375,0.0112961934137558,73.12999725341797,0.0196597324137779,4.33,0.029909783078999608,0.00011695608153439174,0.011179237332221408
2025-01-03,2645.0,-0.0052276892151892,73.95999908447266,0.0113496767705114,4.33,0.029909783078999608,0.00011695608153439174,-0.005344645296723592
2025-01-06,2638.39990234375,-0.0024953110231569,73.55999755859375,-0.0054083495244781,4.33,0.029909783078999608,0.00011695608153439174,-0.002612267104691292
2025-01-07,2656.699951171875,0.0069360405948577,74.25,0.0093801313799206,4.33,0.029909783078999608,0.00011695608153439174,0.006819084513323308
2025-01-08,2664.5,0.0029359916330349,73.31999969482422,-0.012525256635364,4.33,0.029909783078999608,0.00011695608153439174,0.002819035551500508
2025-01-09,2683.800048828125,0.0072434035759523,73.91999816894531,0.0081832852784837,4.33,0.029909783078999608,0.00011695608153439174,0.007126447494417909
2025-01-10,2708.5,0.0092033499972026,76.56999969482422,0.0358495886298899,4.33,0.029909783078999608,0.00011695608153439174,0.009086393915668208
2025-01-13,2673.5,-0.0129222817057411,78.81999969482422,0.0293848767006341,4.33,0.029909783078999608,0.00011695608153439174,-0.013039237787275492
2025-01-14,2677.5,0.0014961660744343,77.5,-0.0167470147162522,4.33,0.029909783078999608,0.00011695608153439174,0.0013792099928999083
2025-01-15,2712.5,0.0130718954248365,80.04000091552734,0.0327742053616431,4.33,0.029909783078999608,0.00011695608153439174,0.012954939343302108
2025-01-16,2746.39990234375,0.0124976598502304,78.68000030517578,-0.0169915116791025,4.33,0.029909783078999608,0.00011695608153439174,0.012380703768696008
2025-01-17,2744.300048828125,-0.0007645840337501,77.87999725341797,-0.0101678069224052,4.33,0.029909783078999608,0.00011695608153439174,-0.0008815401152844917
2025-01-21,2755.0,0.003898972773201,75.88999938964844,-0.0255521049557072,4.33,0.029909783078999608,0.00011695608153439174,0.003782016691666608
2025-01-22,2767.60009765625,0.0045735381692377,75.44000244140625,-0.0059295948328017,4.33,0.029909783078999608,0.00011695608153439174,0.004456582087703308
2025-01-23,2763.10009765625,-0.0016259574509376,74.62000274658203,-0.01086956082035,4.33,0.029909783078999608,0.00011695608153439174,-0.0017429135324719916
2025-01-24,2777.300048828125,0.0051391374434535,74.66000366210938,0.000536061566001,4.33,0.029909783078999608,0.00011695608153439174,0.005022181361919108
2025-01-27,2737.5,-0.0143304821691551,73.16999816894531,-0.0199572116270904,4.33,0.029909783078999608,0.00011695608153439174,-0.014447438250689492
2025-01-28,2766.800048828125,0.0107032141837899,73.7699966430664,0.0082000613521369,4.33,0.029909783078999608,0.00011695608153439174,0.010586258102255509
2025-01-29,2769.10009765625,0.0008313028724642,72.62000274658203,-0.0155889107877905,4.33,0.029909783078999608,0.00011695608153439174,0.0007143467909298082
2025-01-30,2823.0,0.0194647721075054,72.7300033569336,0.0015147425804351,4.33,0.029909783078999608,0.00011695608153439174,0.019347816025971007
2025-01-31,2812.5,-0.0037194473963868,72.52999877929688,-0.0027499596920842,4.33,0.029909783078999608,0.00011695608153439174,-0.0038364034779211917
2025-02-03,2833.89990234375,0.0076088541666665,73.16000366210938,0.0086861284077717,4.33,0.028015834477613355,0.00010965113070082744,0.007499203035965673
2025-02-04,2853.300048828125,0.0068457416115264,72.69999694824219,-0.0062876803012713,4.33,0.028015834477613355,0.00010965113070082744,0.006736090480825572
2025-02-05,2871.60009765625,0.006413643330515,71.02999877929688,-0.0229710899456329,4.33,0.028015834477613355,0.00010965113070082744,0.006303992199814173
2025-02-06,2856.0,-0.0054325453147123,70.61000061035156,-0.0059129688323706,4.33,0.028015834477613355,0.00010965113070082744,-0.0055421964454131275
2025-02-07,2867.300048828125,0.0039565997297357,71.0,0.0055232882917048,4.33,0.028015834477613355,0.00010965113070082744,0.0038469485990348723
2025-02-10,2914.300048828125,0.0163917271299209,72.31999969482422,0.0185915449975242,4.33,0.028015834477613355,0.00010965113070082744,0.01628207599922007
2025-02-11,2912.5,-0.0006176607754746,73.31999969482422,0.0138274336866675,4.33,0.028015834477613355,0.00010965113070082744,-0.0007273119061754275
2025-02-12,2909.0,-0.0012017167381974,71.37000274658203,-0.0265957031691018,4.33,0.028015834477613355,0.00010965113070082744,-0.0013113678688982274
2025-02-13,2925.89990234375,0.005809522978257,71.29000091552734,-0.0011209447663713,4.33,0.028015834477613355,0.00010965113070082744,0.005699871847556172
2025-02-14,2883.60009765625,-0.0144570238556747,70.73999786376953,-0.0077150097446276,4.33,0.028015834477613355,0.00010965113070082744,-0.014566674986375528
2025-02-18,2931.60009765625,0.0166458587787583,71.8499984741211,0.0156912728848139,4.33,0.028015834477613355,0.00010965113070082744,0.016536207648057473
2025-02-19,2919.39990234375,-0.0041616164913672,72.25,0.00556717514786,4.33,0.028015834477613355,0.00010965113070082744,-0.004271267622068028
2025-02-20,2940.0,0.0070562781206204,72.56999969482422,0.0044290615200583,4.33,0.028015834477613355,0.00010965113070082744,0.0069466269899195725
2025-02-21,2937.60009765625,-0.0008162933142006,70.4000015258789,-0.029902138322595,4.33,0.028015834477613355,0.00010965113070082744,-0.0009259444449014275
2025-02-24,2947.89990234375,0.0035061970129008,70.69999694824219,0.0042612985207537,4.33,0.028015834477613355,0.00010965113070082744,0.0033965458821999727
2025-02-25,2904.5,-0.0147223120802861,68.93000030517578,-0.0250353142781912,4.33,0.028015834477613355,0.00010965113070082744,-0.014831963210986928
2025-02-26,2916.800048828125,0.0042348248676622,68.62000274658203,-0.0044972806792584,4.33,0.028015834477613355,0.00010965113070082744,0.004125173736961372
2025-02-27,2883.199951171875,-0.0115195066832741,70.3499984741211,0.0252112453846444,4.33,0.028015834477613355,0.00010965113070082744,-0.011629157813974927
2025-02-28,2836.800048828125,-0.0160931961464867,69.76000213623047,-0.0083865863637176,4.33,0.028015834477613355,0.00010965113070082744,-0.016202847277187526
2025-03-03,2890.199951171875,0.0188239923239599,68.37000274658203,-0.0199254493561221,4.33,0.02381981462805549,9.34192397215039e-05,0.018730573084238394
2025-03-04,2909.60009765625,0.0067123890430171,68.26000213623047,-0.0016089016517856,4.33,0.02381981462805549,9.34192397215039e-05,0.006618969803295596
2025-03-05,2915.300048828125,0.0019590153218878,66.30999755859375,-0.0285673090625602,4.33,0.02381981462805549,9.34192397215039e-05,0.001865596082166296
2025-03-06,2916.60009765625,0.0004459399740508,66.36000061035156,0.0007540801326924,4.33,0.02381981462805549,9.34192397215039e-05,0.0003525207343292961
2025-03-07,2904.699951171875,-0.0040801433470216,67.04000091552734,0.0102471413339575,4.33,0.02381981462805549,9.34192397215039e-05,-0.004173562586743104
2025-03-10,2891.0,-0.0047164772273115,66.02999877929688,-0.0150656641175036,4.33,0.02381981462805549,9.34192397215039e-05,-0.0048098964670330036
2025-03-11,2912.89990234375,0.0075751997038222,66.25,0.003331837418905,4.33,0.02381981462805549,9.34192397215039e-05,0.007481780464100696
2025-03-12,2939.10009765625,0.0089945402145192,67.68000030517578,0.0215849102668042,4.33,0.02381981462805549,9.34192397215039e-05,0.008901120974797696
2025-03-13,2984.300048828125,0.0153788403490984,66.55000305175781,-0.0166961768369193,4.33,0.02381981462805549,9.34192397215039e-05,0.015285421109376897
2025-03-14,2994.5,0.0034178705240714,67.18000030517578,0.0094665247863023,4.33,0.02381981462805549,9.34192397215039e-05,0.003324451284349896
2025-03-17,3000.0,0.0018367006177992,67.58000183105469,0.0059541757079761,4.33,0.02381981462805549,9.34192397215039e-05,0.001743281378077696
2025-03-18,3035.10009765625,0.0117000325520832,66.9000015258789,-0.0100621528078045,4.33,0.02381981462805549,9.34192397215039e-05,0.011606613312361696
2025-03-19,3035.89990234375,0.0002635183887733,67.16000366210938,0.0038864294514238,4.33,0.02381981462805549,9.34192397215039e-05,0.00017009914905179608
2025-03-20,3040.0,0.0013505378267197,68.26000213623047,0.0163787732897593,4.33,0.02381981462805549,9.34192397215039e-05,0.0012571185869981961
2025-03-21,3018.199951171875,-0.0071710686934621,68.27999877929688,0.0002929481752211,4.33,0.02381981462805549,9.34192397215039e-05,-0.007264487933183604
2025-03-24,3013.10009765625,-0.0016897003505831,69.11000061035156,0.0121558559738339,4.33,0.02381981462805549,9.34192397215039e-05,-0.001783119590304604
2025-03-25,3023.699951171875,0.0035179227944899,69.0,-0.0015916742783979,4.33,0.02381981462805549,9.34192397215039e-05,0.003424503554768396
2025-03-26,3020.89990234375,-0.0009260339561932,69.6500015258789,0.0094203119692595,4.33,0.02381981462805549,9.34192397215039e-05,-0.0010194531959147038
2025-03-27,3060.199951171875,0.0130093846531076,69.91999816894531,0.0038764772024604,4.33,0.02381981462805549,9.34192397215039e-05,0.012915965413386096
2025-03-28,3086.5,0.0085942256217779,69.36000061035156,-0.0080091186106819,4.33,0.02381981462805549,9.34192397215039e-05,0.008500806382056397
2025-03-31,3122.800048828125,0.0117609100366515,71.4800033569336,0.0305652065733348,4.33,0.02381981462805549,9.34192397215039e-05,0.011667490796929997
2025-04-01,3118.89990234375,-0.0012489260994595,71.19999694824219,-0.0039172691038247,4.33,0.0232538823025783,9.122491658564158e-05,-0.0013401510160451415
2025-04-02,3139.89990234375,0.0067331433061443,71.70999908447266,0.0071629516585682,4.33,0.0232538823025783,9.122491658564158e-05,0.006641918389558658
2025-04-03,3097.0,-0.0136628248281824,66.94999694824219,-0.0663784994701129,4.33,0.0232538823025783,9.122491658564158e-05,-0.013754049744768041
2025-04-04,3012.0,-0.0274459154020019,61.9900016784668,-0.0740850708867078,4.33,0.0232538823025783,9.122491658564158e-05,-0.02753714031858754
2025-04-07,2951.300048828125,-0.0201527062323622,60.70000076293945,-0.0208098222390505,4.33,0.0232538823025783,9.122491658564158e-05,-0.02024393114894784
2025-04-08,2968.39990234375,0.0057940071265931,59.58000183105469,-0.0184513825009469,4.33,0.0232538823025783,9.122491658564158e-05,0.0057027822100074585
2025-04-09,3056.5,0.0296793223806162,62.34999847412109,0.0464920536746713,4.33,0.0232538823025783,9.122491658564158e-05,0.029588097464030558
2025-04-10,3155.199951171875,0.0322918210933667,60.06999969482422,-0.0365677439469899,4.33,0.0232538823025783,9.122491658564158e-05,0.03220059617678106
2025-04-11,3222.199951171875,0.0212347873468734,61.5,0.0238055653810664,4.33,0.0232538823025783,9.122491658564158e-05,0.021143562430287758
2025-04-14,3204.800048828125,-0.0054000070161449,61.52999877929688,0.0004877850292175,4.33,0.0232538823025783,9.122491658564158e-05,-0.005491231932730541
2025-04-15,3218.699951171875,0.0043372135958474,61.33000183105469,-0.0032503974030547,4.33,0.0232538823025783,9.122491658564158e-05,0.004245988679261759
2025-04-16,3326.60009765625,0.0335228968593641,62.470001220703125,0.0185879562304398,4.33,0.0232538823025783,9.122491658564158e-05,0.033431671942778456
2025-04-17,3308.699951171875,-0.0053809132323979,64.68000030517578,0.035376965604096,4.33,0.0232538823025783,9.122491658564158e-05,-0.005472138148983541
2025-04-21,3406.199951171875,0.0294677672314975,63.08000183105469,-0.0247371438863932,4.33,0.0232538823025783,9.122491658564158e-05,0.02937654231491186
2025-04-22,3400.800048828125,-0.0015853157246075,64.30999755859375,0.0194989805300469,4.33,0.0232538823025783,9.122491658564158e-05,-0.0016765406411931416
2025-04-23,3276.300048828125,-0.0366090326430397,62.27000045776367,-0.0317213058354015,4.33,0.0232538823025783,9.122491658564158e-05,-0.03670025755962534
2025-04-24,3332.0,0.0170008699880213,62.790000915527344,0.0083507379788181,4.33,0.0232538823025783,9.122491658564158e-05,0.016909645071435657
2025-04-25,3282.39990234375,-0.0148859836903511,63.02000045776367,0.0036629963192029,4.33,0.0232538823025783,9.122491658564158e-05,-0.014977208606936741
2025-04-28,3332.5,0.0152632522382409,62.04999923706055,-0.0153919583252498,4.33,0.0232538823025783,9.122491658564158e-05,0.015172027321655259
2025-04-29,3318.800048828125,-0.0041110131048387,60.41999816894531,-0.02626915532888,4.33,0.0232538823025783,9.122491658564158e-05,-0.004202238021424342
2025-04-30,3305.0,-0.0041581440957848,58.209999084472656,-0.0365772782430925,4.33,0.0232538823025783,9.122491658564158e-05,-0.004249369012370442
2025-05-01,3210.0,-0.0287443267776096,59.2400016784668,0.0176945990412993,4.33,0.023772651073680873,9.32364158130472e-05,-0.028837563193422646
2025-05-02,3231.89990234375,0.0068223994840341,58.290000915527344,-0.0160364742745233,4.33,0.023772651073680873,9.32364158130472e-05,0.006729163068221053
2025-05-05,3311.300048828125,0.0245676378859365,57.130001068115234,-0.0199004945821352,4.33,0.023772651073680873,9.32364158130472e-05,0.024474401470123454
2025-05-06,3411.39990234375,0.03022977442079,59.09000015258789,0.0343077025700695,4.33,0.023772651073680873,9.32364158130472e-05,0.030136538004976954
2025-05-07,3381.39990234375,-0.008794043752944,58.06999969482422,-0.0172618117300681,4.33,0.023772651073680873,9.32364158130472e-05,-0.008887280168757047
2025-05-08,3296.60009765625,-0.0250783128693895,59.90999984741211,0.0316858991261865,4.33,0.023772651073680873,9.32364158130472e-05,-0.025171549285202547
2025-05-09,3335.39990234375,0.011769642522029,61.02000045776367,0.0185278019225285,4.33,0.023772651073680873,9.32364158130472e-05,0.011676406106215953
2025-05-12,3220.0,-0.0345985206339605,61.95000076293945,0.0152409095083423,4.33,0.023772651073680873,9.32364158130472e-05,-0.03469175704977355
2025-05-13,3240.300048828125,0.0063043629901009,63.66999816894531,0.0277642838550991,4.33,0.023772651073680873,9.32364158130472e-05,0.0062111265742878525
2025-05-14,3181.39990234375,-0.0181773741927623,63.150001525878906,-0.0081670591804733,4.33,0.023772651073680873,9.32364158130472e-05,-0.018270610608575346
2025-05-15,3220.699951171875,0.01235306784261,61.619998931884766,-0.0242280689948541,4.33,0.023772651073680873,9.32364158130472e-05,0.012259831426796952
2025-05-16,3182.0,-0.0120160063832688,62.4900016784668,0.0141188374174388,4.33,0.023772651073680873,9.32364158130472e-05,-0.012109242799081847
2025-05-19,3228.89990234375,0.014739127072203,62.68999862670898,0.0032004631600306,4.33,0.023772651073680873,9.32364158130472e-05,0.014645890656389953
2025-05-20,3280.300048828125,0.0159187797822613,62.560001373291016,-0.0020736521975704,4.33,0.023772651073680873,9.32364158130472e-05,0.01582554336644825
2025-05-21,3309.300048828125,0.0088406546865613,61.56999969482422,-0.0158248346664753,4.33,0.023772651073680873,9.32364158130472e-05,0.008747418270748254
2025-05-22,3292.300048828125,-0.0051370379685032,61.20000076293945,-0.006009402853966,4.33,0.023772651073680873,9.32364158130472e-05,-0.005230274384316247
2025-05-23,3363.60009765625,0.0216566071654082,61.52999877929688,0.0053921243830645,4.33,0.023772651073680873,9.32364158130472e-05,0.02156337074959515
2025-05-27,3299.10009765625,-0.0191758824257805,60.88999938964844,-0.0104014204834306,4.33,0.023772651073680873,9.32364158130472e-05,-0.019269118841593547
2025-05-28,3293.60009765625,-0.0016671212867737,61.84000015258789,0.0156019177609147,4.33,0.023772651073680873,9.32364158130472e-05,-0.0017603577025867472
2025-05-29,3317.10009765625,0.0071350495819826,60.93999862670898,-0.0145537115727391,4.33,0.023772651073680873,9.32364158130472e-05,0.007041813166169553
2025-05-30,3288.89990234375,-0.0085014604571098,60.790000915527344,-0.0024613999764007,4.33,0.023772651073680873,9.32364158130472e-05,-0.008594696872922847
2025-06-02,3370.60009765625,0.0248411924164302,62.52000045776367,0.0284586201049792,4.33,0.02680453865910226,0.00010497213697835406,0.024736220279451847
2025-06-03,3350.199951171875,-0.0060523781799449,63.40999984741211,0.0142354347909785,4.33,0.02680453865910226,0.00010497213697835406,-0.006157350316923254
2025-06-04,3373.5,0.0069548233441931,62.84999847412109,-0.0088314362819521,4.33,0.02680453865910226,0.00010497213697835406,0.006849851207214746
2025-06-05,3350.699951171875,-0.0067585738337409,63.369998931884766,0.0082736749465122,4.33,0.02680453865910226,0.00010497213697835406,-0.006863545970719254
2025-06-06,3322.699951171875,-0.0083564629504373,64.58000183105469,0.0190942546877825,4.33,0.02680453865910226,0.00010497213697835406,-0.008461435087415654
2025-06-09,3332.10009765625,0.0028290687159577,65.29000091552734,0.0109941013369752,4.33,0.02680453865910226,0.00010497213697835406,0.002724096578979346
2025-06-10,3320.89990234375,-0.0033613021770798,64.9800033569336,-0.0047480097143025,4.33,0.02680453865910226,0.00010497213697835406,-0.003466274314058154
2025-06-11,3321.300048828125,0.0001204933891842,68.1500015258789,0.0487842106060318,4.33,0.02680453865910226,0.00010497213697835406,1.5521252205845945e-05
2025-06-12,3380.89990234375,0.0179447362898315,68.04000091552734,-0.0016140954935971,4.33,0.02680453865910226,0.00010497213697835406,0.017839764152853144
2025-06-13,3431.199951171875,0.0148777101603201,72.9800033569336,0.0726043852871098,4.33,0.02680453865910226,0.00010497213697835406,0.014772738023341746
2025-06-16,3396.39990234375,-0.0101422386696641,71.7699966430664,-0.0165799761333147,4.33,0.02680453865910226,0.00010497213697835406,-0.010247210806642454
2025-06-17,3386.60009765625,-0.0028853506563634,74.83999633789062,0.0427755307011123,4.33,0.02680453865910226,0.00010497213697835406,-0.002990322793341754
2025-06-18,3389.800048828125,0.000944886044883,75.13999938964844,0.0040085925499426,4.33,0.02680453865910226,0.00010497213697835406,0.000839913907904646
2025-06-20,3368.10009765625,-0.0064015431173815,74.93000030517578,-0.002794770910014,4.33,0.02680453865910226,0.00010497213697835406,-0.006506515254359854
2025-06-23,3377.699951171875,0.0028502280921831,68.51000213623047,-0.0856799431842769,4.33,0.02680453865910226,0.00010497213697835406,0.002745255955204746
2025-06-24,3317.39990234375,-0.0178523994729621,64.37000274658203,-0.0604291236397299,4.33,0.02680453865910226,0.00010497213697835406,-0.017957371609940456
2025-06-25,3327.10009765625,0.0029240355694371,64.91999816894531,0.0085442814804366,4.33,0.02680453865910226,0.00010497213697835406,0.002819063432458746
2025-06-26,3333.5,0.0019235677184039,65.23999786376953,0.0049291389995338,4.33,0.02680453865910226,0.00010497213697835406,0.0018185955814255458
2025-06-27,3273.699951171875,-0.0179391176925528,65.5199966430664,0.0042918269231331,4.33,0.02680453865910226,0.00010497213697835406,-0.018044089829531155
2025-06-30,3294.39990234375,0.0063231058070747,65.11000061035156,-0.0062575710274892,4.33,0.02680453865910226,0.00010497213697835406,0.006218133670096346
2025-07-01,3336.699951171875,0.0128399860618109,65.44999694824219,0.0052218758209714,4.33,0.02742618052167134,0.00010737410161820726,0.012732611960192692
2025-07-02,3348.0,0.0033865942378654,67.44999694824219,0.0305576790413237,4.33,0.02742618052167134,0.00010737410161820726,0.0032792201362471926
2025-07-03,3331.60009765625,-0.0048984176653972,67.0,-0.0066715636560739,4.33,0.02742618052167134,0.00010737410161820726,-0.005005791767015408
2025-07-04,3332.5,0.0002701111530112,66.5,-0.0074626865671642,4.33,0.02742618052167134,0.00010737410161820726,0.00016273705139299276
2025-07-07,3332.199951171875,-9.003715772692988e-05,67.93000030517578,0.0215037639876056,4.33,0.02742618052167134,0.00010737410161820726,-0.00019741125934513715
2025-07-08,3307.0,-0.0075625567316308,68.33000183105469,0.005888436980449,4.33,0.02742618052167134,0.00010737410161820726,-0.007669930833249007
2025-07-09,3311.60009765625,0.0013910183417751,68.37999725341797,0.0007316759991737,4.33,0.02742618052167134,0.00010737410161820726,0.0012836442401568927
2025-07-10,3317.39990234375,0.0017513602235985,66.56999969482422,-0.0264696933503207,4.33,0.02742618052167134,0.00010737410161820726,0.0016439861219802927
2025-07-11,3356.0,0.0116356480353723,68.44999694824219,0.028240908247505,4.33,0.02742618052167134,0.00010737410161820726,0.011528273933754093
2025-07-14,3351.5,-0.0013408820023838,66.9800033569336,-0.0214754369152143,4.33,0.02742618052167134,0.00010737410161820726,-0.0014482561040020073
2025-07-15,3329.800048828125,-0.0064746982461211,66.5199966430664,-0.0068678216006623,4.33,0.02742618052167134,0.00010737410161820726,-0.006582072347739307
2025-07-16,3352.5,0.0068172114958866,66.37999725341797,-0.0021046211171603,4.33,0.02742618052167134,0.00010737410161820726,0.006709837394268393
2025-07-17,3340.10009765625,-0.0036987031599552,67.54000091552734,0.017475199007328,4.33,0.02742618052167134,0.00010737410161820726,-0.003806077261573407
2025-07-18,3353.0,0.0038621304651325,67.33999633789062,-0.0029612759094698,4.33,0.02742618052167134,0.00010737410161820726,0.0037547563635142926
2025-07-21,3401.89990234375,0.0145839255424247,67.19999694824219,-0.0020789931283329,4.33,0.02742618052167134,0.00010737410161820726,0.014476551440806493
2025-07-22,3439.199951171875,0.0109644757044224,66.20999908447266,-0.0147321117370292,4.33,0.02742618052167134,0.00010737410161820726,0.010857101602804193
2025-07-23,3394.10009765625,-0.0131134723644833,65.25,-0.0144993067172204,4.33,0.02742618052167134,0.00010737410161820726,-0.013220846466101508
2025-07-24,3371.0,-0.006805956510299,66.02999877929688,0.0119540042804118,4.33,0.02742618052167134,0.00010737410161820726,-0.0069133306119172075
2025-07-25,3334.0,-0.0109759715218036,65.16000366210938,-0.0131757554637466,4.33,0.02742618052167134,0.00010737410161820726,-0.011083345623421807
2025-07-28,3309.10009765625,-0.0074684770077234,66.70999908447266,0.023787528165297,4.33,0.02742618052167134,0.00010737410161820726,-0.007575851109341608
2025-07-29,3323.39990234375,0.004321357549029,69.20999908447266,0.0374756413477734,4.33,0.02742618052167134,0.00010737410161820726,0.004213983447410793
2025-07-30,3295.800048828125,-0.0083047043168535,70.0,0.0114145488509995,4.33,0.02742618052167134,0.00010737410161820726,-0.008412078418471707
2025-07-31,3293.199951171875,-0.0007889124393861,69.26000213623047,-0.0105713980538504,4.33,0.02742618052167134,0.00010737410161820726,-0.0008962865410043073
2025-08-01,3347.699951171875,0.0165492532515696,67.33000183105469,-0.0278660156749573,4.33,0.029385917430316155,0.00011493687368901995,0.01643431637788058
2025-08-04,3374.39990234375,0.0079756105867638,66.29000091552734,-0.0154463224007764,4.33,0.029385917430316155,0.00011493687368901995,0.00786067371307478
2025-08-05,3381.89990234375,0.0022226174185195,65.16000366210938,-0.017046269992633,4.33,0.029385917430316155,0.00011493687368901995,0.00210768054483048
2025-08-06,3380.0,-0.0005617855047789,64.3499984741211,-0.0124310181470922,4.33,0.029385917430316155,0.00011493687368901995,-0.0006767223784679199
2025-08-07,3400.300048828125,0.0060059316059541,63.880001068115234,-0.0073037671662863,4.33,0.029385917430316155,0.00011493687368901995,0.00589099473226508
2025-08-08,3439.10009765625,0.0114107720703933,63.880001068115234,0.0,4.33,0.029385917430316155,0.00011493687368901995,0.01129583519670428
2025-08-11,3353.10009765625,-0.0250065416992686,63.959999084472656,0.001252317079208,4.33,0.029385917430316155,0.00011493687368901995,-0.02512147857295762
2025-08-12,3348.89990234375,-0.0012526304584333,63.16999816894531,-0.0123514841594037,4.33,0.029385917430316155,0.00011493687368901995,-0.00136756733212232
2025-08-13,3358.699951171875,0.0029263486858075,62.650001525878906,-0.0082317026775226,4.33,0.029385917430316155,0.00011493687368901995,0.00281141181211848
2025-08-14,3335.199951171875,-0.0069967547984751,63.959999084472656,0.0209097769622979,4.33,0.029385917430316155,0.00011493687368901995,-0.00711169167216412
2025-08-15,3336.0,0.0002398803189727,62.79999923706055,-0.0181363330834336,4.33,0.029385917430316155,0.00011493687368901995,0.00012494344528368005
2025-08-18,3331.699951171875,-0.0012889834616681,63.41999816894531,0.009872594576703,4.33,0.029385917430316155,0.00011493687368901995,-0.00140392033535712
2025-08-19,3313.39990234375,-0.0054927061549129,62.34999847412109,-0.0168716449971164,4.33,0.029385917430316155,0.00011493687368901995,-0.00560764302860192
2025-08-20,3343.39990234375,0.0090541440466571,63.209999084472656,0.0137931135749507,4.33,0.029385917430316155,0.00011493687368901995,0.00893920717296808
2025-08-21,3336.89990234375,-0.001944128788017,63.52000045776367,0.0049043090931979,4.33,0.029385917430316155,0.00011493687368901995,-0.00205906566170602
2025-08-22,3374.39990234375,0.0112379756952436,63.65999984741211,0.0022040206020075,4.33,0.029385917430316155,0.00011493687368901995,0.01112303882155458
2025-08-25,3373.800048828125,-0.0001777659829851,64.80000305175781,0.0179076846854884,4.33,0.029385917430316155,0.00011493687368901995,-0.0002927028566741199
2025-08-26,3388.60009765625,0.0043867593259612,63.25,-0.0239197990549441,4.33,0.029385917430316155,0.00011493687368901995,0.00427182245227218
2025-08-27,3404.60009765625,0.0047217138461002,64.1500015258789,0.0142292731364253,4.33,0.029385917430316155,0.00011493687368901995,0.00460677697241118
2025-08-28,3431.800048828125,0.0079891765234336,64.5999984741211,0.0070147613022371,4.33,0.029385917430316155,0.00011493687368901995,0.00787423964974458
2025-08-29,3473.699951171875,0.0122093075784115,64.01000213623047,-0.0091330704617118,4.33,0.029385917430316155,0.00011493687368901995,0.01209437070472248
2025-09-02,3549.39990234375,0.021792311436207,65.58999633789062,0.0246835517720731,4.33,0.030225715847133294,0.0001181733304604915,0.021674138105746508
2025-09-03,3593.199951171875,0.0123401279183004,63.970001220703125,-0.024698813960013,4.33,0.030225715847133294,0.0001181733304604915,0.012221954587839909
2025-09-04,3565.800048828125,-0.0076254877869554,63.47999954223633,-0.007659866642432,4.33,0.030225715847133294,0.0001181733304604915,-0.007743661117415892
2025-09-05,3613.199951171875,0.0132929221197715,61.869998931884766,-0.025362328638335,4.33,0.030225715847133294,0.0001181733304604915,0.013174748789311009
2025-09-08,3638.10009765625,0.0068914388411576,62.2599983215332,0.0063035299237326,4.33,0.030225715847133294,0.0001181733304604915,0.006773265510697108
2025-09-09,3643.300048828125,0.0014293040412012,62.630001068115234,0.0059428647053796,4.33,0.030225715847133294,0.0001181733304604915,0.0013111307107407085
2025-09-10,3643.60009765625,8.235633192543723e-05,63.66999816894531,0.0166054140682354,4.33,0.030225715847133294,0.0001181733304604915,-3.581699853505427e-05
2025-09-11,3636.89990234375,-0.0018388942619718,62.369998931884766,-0.0204177677783351,4.33,0.030225715847133294,0.0001181733304604915,-0.0019570675924322914
2025-09-12,3649.39990234375,0.0034369931358144,62.68999862670898,0.0051306669922135,4.33,0.030225715847133294,0.0001181733304604915,0.0033188198053539083
2025-09-15,3682.199951171875,0.0089877924332326,63.29999923706055,0.0097304294738278,4.33,0.030225715847133294,0.0001181733304604915,0.008869619102772109
2025-09-16,3688.89990234375,0.0018195511543968,64.5199966430664,0.0192732609906822,4.33,0.030225715847133294,0.0001181733304604915,0.0017013778239363085
2025-09-17,3681.800048828125,-0.0019246533393638,64.05000305175781,-0.0072844639764733,4.33,0.030225715847133294,0.0001181733304604915,-0.0020428266698242917
2025-09-18,3643.699951171875,-0.0103482256371789,63.56999969482422,-0.0074941972531322,4.08,0.030225715847133294,0.0001181733304604915,-0.010466398967639392
2025-09-19,3671.5,0.0076296207702788,62.68000030517578,-0.0140003050797702,4.08,0.030225715847133294,0.0001181733304604915,0.007511447439818309
2025-09-22,3740.699951171875,0.0188478690376889,62.63999938964844,-0.0006381766964356,4.09,0.030225715847133294,0.0001181733304604915,0.01872969570722841
2025-09-23,3780.60009765625,0.0106664921017991,63.40999984741211,0.0122924723062962,4.09,0.030225715847133294,0.0001181733304604915,0.010548318771338609
2025-09-24,3732.10009765625,-0.0128286512054176,64.98999786376953,0.0249171742652496,4.09,0.030225715847133294,0.0001181733304604915,-0.012946824535878091
2025-09-25,3736.89990234375,0.0012860868041868,64.9800033569336,-0.0001537853079621,4.09,0.030225715847133294,0.0001181733304604915,0.0011679134737263084
2025-09-26,3775.300048828125,0.0102759366019653,65.72000122070312,0.0113880859578405,4.09,0.030225715847133294,0.0001181733304604915,0.010157763271504808
2025-09-29,3820.89990234375,0.0120784713601187,63.45000076293945,-0.0345404810651247,4.09,0.030225715847133294,0.0001181733304604915,0.01196029802965821
2025-09-30,3840.800048828125,0.0052082354924209,62.369998931884766,-0.0170213052493058,4.09,0.030225715847133294,0.0001181733304604915,0.005090062161960409
2025-10-01,3867.5,0.0069516639326281,61.77999877929688,-0.0094596787348391,4.09,0.027291362382022122,0.00010685330018223027,0.00684481063244587
2025-10-02,3839.699951171875,-0.0071881186368778,60.47999954223633,-0.021042396612934,4.09,0.027291362382022122,0.00010685330018223027,-0.00729497193706003
2025-10-03,3880.800048828125,0.0107039868163933,60.880001068115234,0.0066137818932945,4.09,0.027291362382022122,0.00010685330018223027,0.01059713351621107
2025-10-06,3948.5,0.0174448439291063,61.68999862670898,0.0133048216882829,4.09,0.027291362382022122,0.00010685330018223027,0.01733799062892407
2025-10-07,3976.60009765625,0.0071166512995441,61.72999954223633,0.0006484181620654,4.09,0.027291362382022122,0.00010685330018223027,0.00700979799936187
2025-10-08,4043.300048828125,0.0167731100774219,62.54999923706055,0.0132836497797665,4.1,0.027291362382022122,0.00010685330018223027,0.01666625677723967
2025-10-09,3946.300048828125,-0.0239903046592135,61.5099983215332,-0.0166267134806158,4.1,0.027291362382022122,0.00010685330018223027,-0.02409715795939573
2025-10-10,3975.89990234375,0.0075006596430533,58.900001525878906,-0.0424320739209092,4.1,0.027291362382022122,0.00010685330018223027,0.007393806342871069
2025-10-13,4108.60009765625,0.0333761408918455,59.4900016784668,0.0100169802598164,4.1,0.027291362382022122,0.00010685330018223027,0.03326928759166327
2025-10-14,4138.7001953125,0.0073261200751615,58.70000076293945,-0.0132795577952268,4.1,0.027291362382022122,0.00010685330018223027,0.007219266774979269
2025-10-15,4176.89990234375,0.0092298802108243,58.27000045776367,-0.0073253884086363,4.1,0.027291362382022122,0.00010685330018223027,0.00912302691064207
2025-10-16,4280.2001953125,0.0247313307438337,57.459999084472656,-0.0139008300485279,4.11,0.027291362382022122,0.00010685330018223027,0.02462447744365147
2025-10-17,4189.89990234375,-0.0210972124779684,57.540000915527344,0.0013923047742669,4.11,0.027291362382022122,0.00010685330018223027,-0.021204065778150632
2025-10-20,4336.39990234375,0.0349650357799837,57.52000045776367,-0.0003475922392325,4.11,0.027291362382022122,0.00010685330018223027,0.03485818247980147
2025-10-21,4087.699951171875,-0.0573517103525108,57.81999969482422,0.0052155638851365,4.11,0.027291362382022122,0.00010685330018223027,-0.05745856365269303
2025-10-22,4044.39990234375,-0.0105927659430363,58.5,0.0117606417980775,4.11,0.027291362382022122,0.00010685330018223027,-0.010699619243218531
2025-10-23,4125.5,0.0200524427886699,61.790000915527344,0.0562393318893563,4.11,0.027291362382022122,0.00010685330018223027,0.01994558948848767
2025-10-24,4118.39990234375,-0.0017210271860986,61.5,-0.0046933308177774,4.11,0.027291362382022122,0.00010685330018223027,-0.0018278804862808303
2025-10-27,4001.89990234375,-0.0282876852084472,61.310001373291016,-0.0030894085643736,4.12,0.027291362382022122,0.00010685330018223027,-0.02839453850862943
2025-10-28,3966.199951171875,-0.0089207506541997,60.150001525878906,-0.0189202384835934,4.12,0.027291362382022122,0.00010685330018223027,-0.00902760395438193
2025-10-29,3983.699951171875,0.0044122838524138,60.47999954223633,0.005486251171838,4.12,0.027291362382022122,0.00010685330018223027,0.004305430552231569
2025-10-30,4001.300048828125,0.0044180279318155,60.56999969482422,0.0014880977723064,3.87,0.027291362382022122,0.00010685330018223027,0.00431117463163327
2025-10-31,3982.199951171875,-0.0047734729770749,60.97999954223633,0.0067690250863108,3.86,0.027291362382022122,0.00010685330018223027,-0.00488032627725713
2025-11-03,4000.300048828125,0.0045452508357657,61.04999923706055,0.0011479123540454,3.87,0.026964439164939513,0.00010559011556177111,0.004439660720203929
2025-11-04,3947.699951171875,-0.0131490380756961,60.560001373291016,-0.0080261731350207,3.87,0.026964439164939513,0.00010559011556177111,-0.013254628191257872
2025-11-05,3980.300048828125,0.0082579978365815,59.59999847412109,-0.015852095069359,3.87,0.026964439164939513,0.00010559011556177111,0.008152407721019729
2025-11-06,3979.89990234375,-0.0001005317386795,59.43000030517578,-0.0028523183439195,3.87,0.026964439164939513,0.00010559011556177111,-0.00020612185424127112
2025-11-07,3999.39990234375,0.0048996207137059,59.75,0.0053844807871614,3.87,0.026964439164939513,0.00010559011556177111,0.004794030598144129
2025-11-10,4111.7998046875,0.0281041919008602,60.130001068115234,0.0063598505123889,3.87,0.026964439164939513,0.00010559011556177111,0.02799860178529843
2025-11-11,4106.7998046875,-0.0012160125097286,61.040000915527344,0.0151338737942356,3.87,0.026964439164939513,0.00010559011556177111,-0.0013216026252903712
2025-11-12,4204.39990234375,0.023765487069725,58.4900016784668,-0.0417758715401964,3.87,0.026964439164939513,0.00010559011556177111,0.023659896954163227
2025-11-13,4186.89990234375,-0.0041623062521347,58.68999862670898,0.0034193356557179,3.88,0.026964439164939513,0.00010559011556177111,-0.004267896367696471
2025-11-14,4087.60009765625,-0.023716784973033,60.09000015258789,0.0238541754751684,3.88,0.026964439164939513,0.00010559011556177111,-0.02382237508859477
2025-11-17,4068.300048828125,-0.0047216088577723,59.90999984741211,-0.0029955118109286,3.88,0.026964439164939513,0.00010559011556177111,-0.004827198973334071
2025-11-18,4061.300048828125,-0.0017206203859069,60.7400016784668,0.0138541451038001,3.88,0.026964439164939513,0.00010559011556177111,-0.001826210501468671
2025-11-19,4077.699951171875,0.0040380917801141,59.43999862670898,-0.0214027496844584,3.88,0.026964439164939513,0.00010559011556177111,0.003932501664552329
2025-11-20,4056.5,-0.005198997333235,59.13999938964844,-0.0050470936068586,3.88,0.026964439164939513,0.00010559011556177111,-0.005304587448796771
2025-11-21,4076.699951171875,0.0049796502334216,58.060001373291016,-0.0182617184224466,3.88,0.026964439164939513,0.00010559011556177111,0.004874060117859829
2025-11-24,4091.89990234375,0.0037284939666717,58.84000015258789,0.0134343568867998,3.88,0.026964439164939513,0.00010559011556177111,0.003622903851109929
2025-11-25,4139.2001953125,0.0115594941463883,57.95000076293945,-0.0151257543735626,3.88,0.026964439164939513,0.00010559011556177111,0.01145390403082653
2025-11-26,4165.2001953125,0.006281406738781,58.650001525878906,0.0120793917812529,3.88,0.026964439164939513,0.00010559011556177111,0.006175816623219229
2025-11-28,4218.2998046875,0.0127483930867855,58.54999923706055,-0.0017050688186979,3.89,0.026964439164939513,0.00010559011556177111,0.012642802971223728
2025-12-01,4239.2998046875,0.0049783090278847,59.31999969482422,0.0131511608505074,3.89,0.02653304114557753,0.00010392264211622759,0.004874386385768472
2025-12-02,4186.60009765625,-0.0124312290848075,58.63999938964844,-0.0114632553721187,3.89,0.02653304114557753,0.00010392264211622759,-0.012535151726923727
2025-12-03,4199.2998046875,0.0030334177459079,58.95000076293945,0.0052865173348848,3.89,0.02653304114557753,0.00010392264211622759,0.0029294951037916726
2025-12-04,4211.7998046875,0.0029766867290701,59.66999816894531,0.0122136962966505,3.89,0.02653304114557753,0.00010392264211622759,0.0028727640869538724
2025-12-05,4212.89990234375,0.0002611941942316,60.08000183105469,0.0068711861017412,3.89,0.02653304114557753,0.00010392264211622759,0.00015727155211537242
2025-12-08,4187.2001953125,-0.006100241550233,58.880001068115234,-0.0199733809315429,3.89,0.02653304114557753,0.00010392264211622759,-0.0062041641923492276
2025-12-09,4206.7001953125,0.0046570498400888,58.25,-0.0106997462073143,3.89,0.02653304114557753,0.00010392264211622759,0.004553127197972572
2025-12-10,4196.39990234375,-0.0024485445813865,58.459999084472656,0.0036051344973846,3.89,0.02653304114557753,0.00010392264211622759,-0.0025524672235027277
2025-12-11,4285.5,0.0212325087526779,57.59999847412109,-0.0147109241159736,3.64,0.02653304114557753,0.00010392264211622759,0.021128586110561672
2025-12-12,4300.10009765625,0.0034068597961147,57.43999862670898,-0.0027777752022684,3.64,0.02653304114557753,0.00010392264211622759,0.0033029371539984725
2025-12-15,4306.7001953125,0.0015348707021605,56.81999969482422,-0.0107938535290367,3.64,0.02653304114557753,0.00010392264211622759,0.0014309480600442723
2025-12-16,4304.5,-0.0005108772871849,55.27000045776367,-0.027279113787143,3.64,0.02653304114557753,0.00010392264211622759,-0.0006147999293011276
2025-12-17,4347.5,0.0099895458241374,55.93999862670898,0.0121222754368766,3.64,0.02653304114557753,0.00010392264211622759,0.009885623182021172
2025-12-18,4339.5,-0.0018401380103507,56.150001525878906,0.0037540740851869,3.64,0.02653304114557753,0.00010392264211622759,-0.0019440606524669276
2025-12-19,4361.39990234375,0.0050466418582209,56.65999984741211,0.0090827837519853,3.64,0.02653304114557753,0.00010392264211622759,0.004942719216104672
2025-12-22,4444.60009765625,0.019076488553088,58.0099983215332,0.0238263056434291,3.64,0.02653304114557753,0.00010392264211622759,0.018972565910971774
2025-12-23,4482.7998046875,0.0085946330810264,58.380001068115234,0.0063782581845841,3.64,0.02653304114557753,0.00010392264211622759,0.008490710438910172
2025-12-24,4480.60009765625,-0.0004906993680489,58.34999847412109,-0.000513919038116,3.64,0.02653304114557753,0.00010392264211622759,-0.0005946220101651276
2025-12-26,4529.10009765625,0.010824442919012,56.7400016784668,-0.0275920623437265,3.64,0.02653304114557753,0.00010392264211622759,0.010720520276895773
2025-12-29,4325.10009765625,-0.0450420603654945,58.08000183105469,0.0236164982895379,3.64,0.02653304114557753,0.00010392264211622759,-0.045145983007610725
2025-12-30,4370.10009765625,0.0104043834787512,57.95000076293945,-0.0022383103308671,3.64,0.02653304114557753,0.00010392264211622759,0.010300460836634972
2025-12-31,4325.60009765625,-0.0101828331172244,57.41999816894531,-0.009145860000283,3.64,0.02653304114557753,0.00010392264211622759,-0.010286755759340628
2026-01-02,4314.39990234375,-0.0025892812695673,57.31999969482422,-0.0017415269472296,3.64,0.02391201432150014,9.377661663911852e-05,-0.0026830578862064186
2026-01-05,4436.89990234375,0.0283932882377113,58.31999969482422,0.017445917748152,3.64,0.02391201432150014,9.377661663911852e-05,0.028299511621072183
2026-01-06,4482.2001953125,0.0102098974432172,57.130001068115234,-0.0204046404824415,3.64,0.02391201432150014,9.377661663911852e-05,0.010116120826578081
2026-01-07,4449.2998046875,-0.0073402322947125,55.9900016784668,-0.0199544787035664,3.64,0.02391201432150014,9.377661663911852e-05,-0.007434008911351619
2026-01-08,4449.7001953125,8.998958096251286e-05,57.7599983215332,0.0316127270942221,3.64,0.02391201432150014,9.377661663911852e-05,-3.7870356766056545e-06
2026-01-09,4490.2998046875,0.0091241224336349,59.119998931884766,0.0235457176224422,3.64,0.02391201432150014,9.377661663911852e-05,0.009030345816995782
2026-01-12,4604.2998046875,0.0253880598086109,59.5,0.0064276230544768,3.64,0.02391201432150014,9.377661663911852e-05,0.025294283191971783
2026-01-13,4589.2001953125,-0.003279458335799,61.150001525878906,0.0277311180819983,3.64,0.02391201432150014,9.377661663911852e-05,-0.0033732349524381185
2026-01-14,4626.2998046875,0.0080841122191388,62.02000045776367,0.0142272920715558,3.64,0.02391201432150014,9.377661663911852e-05,0.007990335602499682
2026-01-15,4616.2998046875,-0.0021615546813174,59.18999862670898,-0.0456304709797922,3.64,0.02391201432150014,9.377661663911852e-05,-0.0022553312979565186
2026-01-16,4588.39990234375,-0.0060437804137893,59.43999862670898,0.0042236865315146,3.64,0.02391201432150014,9.377661663911852e-05,-0.0061375570304284185
2026-01-20,4759.60009765625,0.0373115244870114,60.34000015258789,0.015141344997853,3.64,0.02391201432150014,9.377661663911852e-05,0.037217747870372284
2026-01-21,4831.7998046875,0.0151692800970406,60.619998931884766,0.0046403509875507,3.64,0.02391201432150014,9.377661663911852e-05,0.015075503480401481
2026-01-22,4908.7998046875,0.0159360907141268,59.36000061035156,-0.0207851920774362,3.64,0.02391201432150014,9.377661663911852e-05,0.01584231409748768
2026-01-23,4976.2001953125,0.0137305234083162,61.06999969482422,0.028807261908526,3.64,0.02391201432150014,9.377661663911852e-05,0.013636746791677081
2026-01-26,5079.7001953125,0.0207990024391493,60.630001068115234,-0.0072048244458444,3.64,0.02391201432150014,9.377661663911852e-05,0.020705225822510182
2026-01-27,5079.89990234375,3.931472795071223e-05,62.38999938964844,0.0290285055340164,3.64,0.02391201432150014,9.377661663911852e-05,-5.4461888688406283e-05
2026-01-28,5301.60009765625,0.0436426306766817,63.209999084472656,0.0131431271493211,3.64,0.02391201432150014,9.377661663911852e-05,0.04354885406004258
2026-01-29,5318.39990234375,0.0031688177867144,65.41999816894531,0.0349628083607349,3.64,0.02391201432150014,9.377661663911852e-05,0.0030750411700752817
2026-01-30,4713.89990234375,-0.1136620056971655,65.20999908447266,-0.0032100136097579,3.64,0.02391201432150014,9.377661663911852e-05,-0.11375578231380462
2026-02-02,4622.5,-0.019389444883695,62.13999938964844,-0.0470786648968873,3.64,0.024340041103732224,9.543527938737917e-05,-0.01948488016308238
2026-02-03,4903.7001953125,0.0608329248918333,63.209999084472656,0.0172191777491788,3.64,0.024340041103732224,9.543527938737917e-05,0.06073748961244592
2026-02-04,4920.39990234375,0.0034055318159975,65.13999938964844,0.0305331487601601,3.64,0.024340041103732224,9.543527938737917e-05,0.0033100965366101207
2026-02-05,4861.39990234375,-0.0119908952871689,63.290000915527344,-0.0284003452787118,3.64,0.024340041103732224,9.543527938737917e-05,-0.012086330566556279
2026-02-06,4951.2001953125,0.0184721057252368,63.54999923706055,0.0041080473656529,3.64,0.024340041103732224,9.543527938737917e-05,0.01837667044584942
2026-02-09,5050.89990234375,0.0201364725921686,64.36000061035156,0.0127458911568112,3.64,0.024340041103732224,9.543527938737917e-05,0.020041037312781222
2026-02-10,5003.7998046875,-0.0093250902941858,63.959999084472656,-0.0062150640473203,3.64,0.024340041103732224,9.543527938737917e-05,-0.00942052557357318
2026-02-11,5071.60009765625,0.0135497613044461,64.62999725341797,0.0104752685824844,3.64,0.024340041103732224,9.543527938737917e-05,0.013454326025058722
2026-02-12,4923.7001953125,-0.0291623746935605,62.84000015258789,-0.027696072673675,3.64,0.024340041103732224,9.543527938737917e-05,-0.029257809972947878
2026-02-13,5022.0,0.0199646202628429,62.88999938964844,0.0007956594038691,3.64,0.024340041103732224,9.543527938737917e-05,0.01986918498345552
2026-02-17,4882.89990234375,-0.0276981476814516,62.33000183105469,-0.0089043975835357,3.64,0.024340041103732224,9.543527938737917e-05,-0.02779358296083898
2026-02-18,4986.5,0.0212169202171281,65.19000244140625,0.0458848151184654,3.64,0.024340041103732224,9.543527938737917e-05,0.02112148493774072
2026-02-19,4975.89990234375,-0.002125759080768,66.43000030517578,0.0190212888070384,3.64,0.024340041103732224,9.543527938737917e-05,-0.002221194360155379
2026-02-20,5059.2998046875,0.0167607676964054,66.38999938964844,-0.0006021513675084,3.64,0.024340041103732224,9.543527938737917e-05,0.016665332417018022
2026-02-23,5204.7001953125,0.0287392319566206,66.30999755859375,-0.0012050283444823,3.64,0.024340041103732224,9.543527938737917e-05,0.02864379667723322
2026-02-24,5155.7998046875,-0.0093954288988712,65.62999725341797,-0.0102548684996544,3.64,0.024340041103732224,9.543527938737917e-05,-0.00949086417825858
2026-02-25,5206.39990234375,0.0098142091572768,65.41999816894531,-0.0031997423931283,3.64,0.024340041103732224,9.543527938737917e-05,0.009718773877889421
2026-02-26,5176.5,-0.0057429131270323,65.20999908447266,-0.0032100136097579,3.64,0.024340041103732224,9.543527938737917e-05,-0.005838348406419679
2026-02-27,5230.5,0.0104317589104607,67.0199966430664,0.0277564420181801,3.64,0.024340041103732224,9.543527938737917e-05,0.01033632363107332
2026-03-02,5294.39990234375,0.0122167866062039,71.2300033569336,0.0628171728549726,3.64,0.032859577528651984,0.00012830681923725606,0.012088479786966644
2026-03-03,5107.39990234375,-0.0353203391223276,74.55999755859375,0.0467498812961379,3.64,0.032859577528651984,0.00012830681923725606,-0.035448645941564855
2026-03-04,5120.2001953125,0.002506224931178,74.66000366210938,0.0013412836211137,3.64,0.032859577528651984,0.00012830681923725606,0.002377918111940744
2026-03-05,5065.2998046875,-0.0107223132945584,81.01000213623047,0.0850522121973023,3.64,0.032859577528651984,0.00012830681923725606,-0.010850620113795655
2026-03-06,5146.10009765625,0.0159517296279236,90.9000015258789,0.1220836826175726,3.64,0.032859577528651984,0.00012830681923725606,0.015823422808686344
2026-03-09,5091.5,-0.0106099952624546,94.7699966430664,0.0425742029947682,3.64,0.032859577528651984,0.00012830681923725606,-0.010738302081691856
2026-03-10,5229.7001953125,0.0271433163728762,83.44999694824219,-0.1194470834209153,3.64,0.032859577528651984,0.00012830681923725606,0.027015009553638943
2026-03-11,5167.39990234375,-0.0119127847949278,87.25,0.0455362874862017,3.64,0.032859577528651984,0.00012830681923725606,-0.012041091614165056
2026-03-12,5115.7998046875,-0.009985698539191,95.7300033569336,0.0971920155522474,3.64,0.032859577528651984,0.00012830681923725606,-0.010114005358428256
2026-03-13,5052.5,-0.0123733936244924,98.70999908447266,0.0311291718692208,3.64,0.032859577528651984,0.00012830681923725606,-0.012501700443729656
2026-03-16,4994.0,-0.0115784265215239,93.5,-0.0527808644797384,3.64,0.032859577528651984,0.00012830681923725606,-0.011706733340761156
2026-03-17,5001.0,0.0014016820184221,96.20999908447266,0.028983947427515,3.64,0.032859577528651984,0.00012830681923725606,0.001273375199184844
2026-03-18,4889.89990234375,-0.0222155764159668,96.31999969482422,0.0011433386487715,3.64,0.032859577528651984,0.00012830681923725606,-0.022343883235204056
2026-03-19,4600.7001953125,-0.059142255016843,96.13999938964844,-0.0018687739383937,3.64,0.032859577528651984,0.00012830681923725606,-0.05927056183608025
2026-03-20,4570.39990234375,-0.006586017710874,98.31999969482422,0.022675268556435,3.64,0.032859577528651984,0.00012830681923725606,-0.006714324530111256
2026-03-23,4404.10009765625,-0.0363862699634269,88.12999725341797,-0.1036411968372155,3.64,0.032859577528651984,0.00012830681923725606,-0.036514576782664156
2026-03-24,4399.2998046875,-0.0010899600059736,92.3499984741211,0.0478838233543625,3.64,0.032859577528651984,0.00012830681923725606,-0.001218266825210856
2026-03-25,4549.7998046875,0.0342099894714247,90.31999969482422,-0.0219815789154098,3.64,0.032859577528651984,0.00012830681923725606,0.034081682652187445
2026-03-26,4375.5,-0.038309334953139,94.4800033569336,0.0460584995146735,3.64,0.032859577528651984,0.00012830681923725606,-0.038437641772376255
2026-03-27,4492.0,0.0266255285110272,99.63999938964844,0.0546146893456493,3.64,0.032859577528651984,0.00012830681923725606,0.026497221691789943
2026-03-30,4526.0,0.0075690115761353,102.87999725341795,0.0325170401808145,3.64,0.032859577528651984,0.00012830681923725606,0.007440704756898044
2026-03-31,4647.60009765625,0.0268670122970062,101.37999725341795,-0.0145800937018412,3.64,0.032859577528651984,0.00012830681923725606,0.026738705477768944
2026-04-01,4783.2001953125,0.0291763694825275,100.12000274658205,-0.0124284330338493,3.64,0.03779245836741563,0.00014721647410276262,0.02902915300842474
2026-04-02,4651.5,-0.0275339082486166,111.54000091552734,0.1140631028332166,3.64,0.03779245836741563,0.00014721647410276262,-0.02768112472271936
2026-04-06,4656.7998046875,0.0011393754030957,112.41000366210938,0.0077999169754436,3.64,0.03779245836741563,0.00014721647410276262,0.0009921589289929374
2026-04-07,4657.10009765625,6.44848353685834e-05,112.9499969482422,0.0048037831913605,3.64,0.03779245836741563,0.00014721647410276262,-8.273163873417921e-05
2026-04-08,4749.5,0.0198406519950584,94.41000366210938,-0.1641433712886997,3.64,0.03779245836741563,0.00014721647410276262,0.01969343552095564
2026-04-09,4792.2001953125,0.0089904611669648,97.87000274658205,0.0366486489806301,3.64,0.03779245836741563,0.00014721647410276262,0.008843244692862037
2026-04-10,4761.89990234375,-0.0063228353853806,96.56999969482422,-0.0132829571398291,3.64,0.03779245836741563,0.00014721647410276262,-0.006470051859483362
2026-04-13,4742.39990234375,-0.0040950041789837,99.08000183105467,0.0259915309533236,3.64,0.03779245836741563,0.00014721647410276262,-0.004242220653086462
2026-04-14,4825.0,0.0174173623813183,91.27999877929688,-0.0787242925677162,3.64,0.03779245836741563,0.00014721647410276262,0.017270145907215536
2026-04-15,4800.0,-0.005181347150259,91.29000091552734,0.0001095764281795,3.64,0.03779245836741563,0.00014721647410276262,-0.0053285636243617625
2026-04-16,4785.39990234375,-0.0030416870117186,94.69000244140624,0.0372439641995951,3.64,0.03779245836741563,0.00014721647410276262,-0.0031889034858213626
2026-04-17,4857.60009765625,0.0150875991110248,83.8499984741211,-0.1144788645875566,3.64,0.03779245836741563,0.00014721647410276262,0.014940382636922038
2026-04-20,4806.60009765625,-0.0104990116466373,89.61000061035156,0.0686941233279592,3.64,0.03779245836741563,0.00014721647410276262,-0.010646228120740063
2026-04-21,4698.39990234375,-0.022510754611198,92.12999725341795,0.0281218237462583,3.64,0.03779245836741563,0.00014721647410276262,-0.022657971085300762
2026-04-22,4732.5,0.0072578108217735,92.95999908447266,0.009009029152271,3.64,0.03779245836741563,0.00014721647410276262,0.007110594347670737
2026-04-23,4705.10009765625,-0.0057897310816165,95.8499984741211,0.0310886340158231,3.64,0.03779245836741563,0.00014721647410276262,-0.005936947555719263
2026-04-24,4722.2998046875,0.003655545402704,94.4000015258789,-0.0151277722621318,3.64,0.03779245836741563,0.00014721647410276262,0.0035083289286012374
2026-04-27,4675.39990234375,-0.0099315808575295,96.37000274658205,0.0208686566616533,3.64,0.03779245836741563,0.00014721647410276262,-0.010078797331632262
2026-04-28,4591.5,-0.0179449681516422,99.93000030517578,0.036940930342767,3.64,0.03779245836741563,0.00014721647410276262,-0.018092184625744964
2026-04-29,4545.2001953125,-0.0100838080556463,106.87999725341795,0.0695486533275053,3.64,0.03779245836741563,0.00014721647410276262,-0.010231024529749062
2026-04-30,4614.7001953125,0.0152908556308863,105.06999969482422,-0.0169348578322111,3.64,0.03779245836741563,0.00014721647410276262,0.015143639156783538
2026-05-01,4629.89990234375,0.0032937582915331,101.94000244140624,-0.0297896379795283,3.64,0.04166614684049641,0.00016200318255488177,0.0031317551089782183
2026-05-04,4519.5,-0.0238449868619974,106.41999816894533,0.0439473770869693,3.64,0.04166614684049641,0.00016200318255488177,-0.02400699004455228
2026-05-05,4555.7998046875,0.008031818716119,102.2699966430664,-0.0389964442518655,3.64,0.04166614684049641,0.00016200318255488177,0.007869815533564119
2026-05-06,4681.89990234375,0.0276790252123249,95.08000183105467,-0.0703040485774688,3.64,0.04166614684049641,0.00016200318255488177,0.02751702202977002
2026-05-07,4699.7998046875,0.0038232133785665,94.80999755859376,-0.0028397588058601,3.63,0.04166614684049641,0.00016200318255488177,0.003661210196011618
2026-05-08,4720.39990234375,0.0043831862020387,95.41999816894533,0.0064339270758295,3.63,0.04166614684049641,0.00016200318255488177,0.004221183019483818
2026-05-11,4718.7001953125,-0.0003600769143322,98.06999969482422,0.0277719720889846,3.63,0.04166614684049641,0.00016200318255488177,-0.0005220800968870818
2026-05-12,4677.60009765625,-0.0087100464015659,102.18000030517578,0.0419088469780883,3.63,0.04166614684049641,0.00016200318255488177,-0.008872049584120781
2026-05-13,4697.7001953125,0.004297096211008,101.0199966430664,-0.0113525509751893,3.63,0.04166614684049641,0.00016200318255488177,0.004135093028453119
2026-05-14,4678.10009765625,-0.004172275122156,101.16999816894533,0.0014848696383242,3.63,0.04166614684049641,0.00016200318255488177,-0.004334278304710882
2026-05-15,4555.7998046875,-0.0261431543608959,105.41999816894533,0.0420085013039424,3.63,0.04166614684049641,0.00016200318255488177,-0.02630515754345078
2026-05-18,4552.5,-0.0007243085361443,108.66000366210938,0.0307342586742569,3.63,0.04166614684049641,0.00016200318255488177,-0.0008863117186991817
2026-05-19,4506.2998046875,-0.0101483130834706,107.7699966430664,-0.0081907508655212,3.62,0.04166614684049641,0.00016200318255488177,-0.010310316266025481
2026-05-20,4531.2998046875,0.0055477888918964,98.26000213623048,-0.0882434332658743,3.62,0.04166614684049641,0.00016200318255488177,0.005385785709341518
2026-05-21,4539.7998046875,0.0018758414508805,96.3499984741211,-0.0194382619640216,3.62,0.04166614684049641,0.00016200318255488177,0.0017138382683256183
2026-05-22,4521.0,-0.0041411087484714,96.5999984741211,0.0025947068392238,3.62,0.04166614684049641,0.00016200318255488177,-0.004303111931026282
2026-05-26,4500.39990234375,-0.0045565356461513,93.88999938964844,-0.0280538211933684,3.62,0.04166614684049641,0.00016200318255488177,-0.004718538828706181
2026-05-27,4447.5,-0.0117544892657651,88.68000030517578,-0.055490458178095,3.62,0.04166614684049641,0.00016200318255488177,-0.011916492448319983
2026-05-28,4499.2998046875,0.0116469487774031,88.9000015258789,0.0024808437071044,3.62,0.04166614684049641,0.00016200318255488177,0.011484945594848217
2026-05-29,4560.5,0.0136021598846869,87.36000061035156,-0.0173228446467353,3.62,0.04166614684049641,0.00016200318255488177,0.013440156702132017
2026-06-01,4475.2001953125,-0.0187040466368819,92.16000366210938,0.0549450894942993,3.62,0.04166614684049641,0.00016200318255488177,-0.01886604981943678
2026-06-02,4489.10009765625,0.0031059844782608,93.76000213623048,0.0173610938643975,3.62,0.04166614684049641,0.00016200318255488177,0.002943981295705918
2026-06-03,4436.7001953125,-0.0116726963542442,96.0199966430664,0.0241040364264522,3.62,0.04166614684049641,0.00016200318255488177,-0.011834699536799081
2026-06-04,4475.7998046875,0.0088127679702834,93.04000091552734,-0.0310351575892733,3.62,0.04166614684049641,0.00016200318255488177,0.008650764787728518
2026-06-05,4337.10009765625,-0.0309888093935725,90.54000091552734,-0.0268701631061869,3.62,0.04166614684049641,0.00016200318255488177,-0.031150812576127382
2026-06-08,4335.89990234375,-0.0002767276026551,91.3000030517578,0.0083941034741046,3.62,0.04166614684049641,0.00016200318255488177,-0.0004387307852099818
2026-06-09,4260.0,-0.0175049941311428,88.19999694824219,-0.0339540635256959,3.62,0.04166614684049641,0.00016200318255488177,-0.017666997313697683
2026-06-10,4108.2001953125,-0.0356337569688967,90.02999877929688,0.020748320797886,3.62,0.04166614684049641,0.00016200318255488177,-0.03579576015145158
2026-06-11,4090.300048828125,-0.0043571748292109,87.70999908447266,-0.0257691850081166,3.62,0.04166614684049641,0.00016200318255488177,-0.0045191780117657815
2026-06-12,4215.0,0.0304867490607692,84.87999725341797,-0.032265441347561,3.62,0.04166614684049641,0.00016200318255488177,0.030324745878214317
2026-06-15,4328.0,0.0268090154211151,80.75,-0.0486568966430034,3.63,0.04166614684049641,0.00016200318255488177,0.026647012238560218
2026-06-16,4330.89990234375,0.0006700328890365,76.05000305175781,-0.0582042965726586,3.63,0.04166614684049641,0.00016200318255488177,0.0005080297064816182
2026-06-17,4358.89990234375,0.0064651690483188,76.79000091552734,0.0097304120193908,3.63,0.04166614684049641,0.00016200318255488177,0.006303165865763918
2026-06-18,4224.10009765625,-0.0309251893155469,76.5999984741211,-0.0024743122690578,3.63,0.04166614684049641,0.00016200318255488177,-0.03108719249810178
2026-06-22,4181.89990234375,-0.0099903397970882,74.81999969482422,-0.0232375824380497,3.63,0.04166614684049641,0.00016200318255488177,-0.010152342979643082
2026-06-23,4129.89990234375,-0.0124345396146035,73.20999908447266,-0.0215183188575037,3.63,0.04166614684049641,0.00016200318255488177,-0.012596542797158381
2026-06-24,3990.300048828125,-0.0338022365714968,70.33999633789062,-0.0392023327752061,3.63,0.04166614684049641,0.00016200318255488177,-0.03396423975405168
2026-06-25,4030.5,0.0100744181339649,71.91999816894531,0.0224623530468337,3.63,0.04166614684049641,0.00016200318255488177,0.009912414951410018
2026-06-26,4078.699951171875,0.0119588019282657,69.2300033569336,-0.0374025984496374,3.63,0.04166614684049641,0.00016200318255488177,0.011796798745710818
2026-06-29,4022.300048828125,-0.0138279115941208,70.75,0.0219557499546787,3.63,0.04166614684049641,0.00016200318255488177,-0.013989914776675681
2026-06-30,4022.89990234375,0.0001491319663733,69.5,-0.0176678445229682,3.63,0.04166614684049641,0.00016200318255488177,-1.287121618158177e-05
2026-07-01,4068.300048828125,0.0112854278223339,68.58000183105469,-0.0132373837258318,3.63,0.04166614684049641,0.00016200318255488177,0.011123424639779018
2026-07-02,4112.7001953125,0.0109136853111815,68.69000244140625,0.0016039750279177,3.63,0.04166614684049641,0.00016200318255488177,0.010751682128626618
2026-07-06,4155.10009765625,0.0103095047852201,68.55000305175781,-0.0020381334207676,3.63,0.04166614684049641,0.00016200318255488177,0.010147501602665218
2026-07-07,4145.2998046875,-0.0023586177801776,70.44000244140625,0.0275711058425689,3.63,0.04166614684049641,0.00016200318255488177,-0.0025206209627324817
2026-07-08,4070.89990234375,-0.0179480148238297,73.5199966430664,0.043725072329777,3.62,0.04166614684049641,0.00016200318255488177,-0.018110018006384582
2026-07-09,4130.60009765625,0.0146651101094694,72.08000183105469,-0.0195864374015517,3.62,0.04166614684049641,0.00016200318255488177,0.014503106926914519
2026-07-10,4104.10009765625,-0.0064155327006931,71.41000366210938,-0.0092952018857559,3.62,0.04166614684049641,0.00016200318255488177,-0.0065775358832479815
